condition_id,date,route_id,traffic_forecast_level,rain_forecast_flag,observed_rain_flag,forecast_available_at,observation_available_at,season_context_source_id,is_synthetic
20250401_CNX,2025-04-01,R_CNX,2,False,False,2025-04-01T00:00:00+07:00,2025-04-01T23:00:00+07:00,SRC_TMD,True
20250401_BKK,2025-04-01,R_BKK,2,False,False,2025-04-01T00:00:00+07:00,2025-04-01T23:00:00+07:00,SRC_TMD,True
20250401_KKC,2025-04-01,R_KKC,2,True,True,2025-04-01T00:00:00+07:00,2025-04-01T23:00:00+07:00,SRC_TMD,True
20250401_KSN,2025-04-01,R_KSN,1,True,True,2025-04-01T00:00:00+07:00,2025-04-01T23:00:00+07:00,SRC_TMD,True
20250401_SSK,2025-04-01,R_SSK,2,False,False,2025-04-01T00:00:00+07:00,2025-04-01T23:00:00+07:00,SRC_TMD,True
20250401_NMA,2025-04-01,R_NMA,2,False,False,2025-04-01T00:00:00+07:00,2025-04-01T23:00:00+07:00,SRC_TMD,True
20250401_UTH,2025-04-01,R_UTH,2,False,False,2025-04-01T00:00:00+07:00,2025-04-01T23:00:00+07:00,SRC_TMD,True
20250401_RET,2025-04-01,R_RET,1,False,False,2025-04-01T00:00:00+07:00,2025-04-01T23:00:00+07:00,SRC_TMD,True
20250401_LPT,2025-04-01,R_LPT,2,False,False,2025-04-01T00:00:00+07:00,2025-04-01T23:00:00+07:00,SRC_TMD,True
20250401_RYG,2025-04-01,R_RYG,2,False,False,2025-04-01T00:00:00+07:00,2025-04-01T23:00:00+07:00,SRC_TMD,True
20250402_CNX,2025-04-02,R_CNX,2,False,False,2025-04-02T00:00:00+07:00,2025-04-02T23:00:00+07:00,SRC_TMD,True
20250402_BKK,2025-04-02,R_BKK,3,False,False,2025-04-02T00:00:00+07:00,2025-04-02T23:00:00+07:00,SRC_TMD,True
20250402_KKC,2025-04-02,R_KKC,2,False,False,2025-04-02T00:00:00+07:00,2025-04-02T23:00:00+07:00,SRC_TMD,True
20250402_KSN,2025-04-02,R_KSN,3,False,False,2025-04-02T00:00:00+07:00,2025-04-02T23:00:00+07:00,SRC_TMD,True
20250402_SSK,2025-04-02,R_SSK,2,False,False,2025-04-02T00:00:00+07:00,2025-04-02T23:00:00+07:00,SRC_TMD,True
20250402_NMA,2025-04-02,R_NMA,1,False,False,2025-04-02T00:00:00+07:00,2025-04-02T23:00:00+07:00,SRC_TMD,True
20250402_UTH,2025-04-02,R_UTH,1,False,False,2025-04-02T00:00:00+07:00,2025-04-02T23:00:00+07:00,SRC_TMD,True
20250402_RET,2025-04-02,R_RET,2,False,False,2025-04-02T00:00:00+07:00,2025-04-02T23:00:00+07:00,SRC_TMD,True
20250402_LPT,2025-04-02,R_LPT,2,False,False,2025-04-02T00:00:00+07:00,2025-04-02T23:00:00+07:00,SRC_TMD,True
20250402_RYG,2025-04-02,R_RYG,3,False,False,2025-04-02T00:00:00+07:00,2025-04-02T23:00:00+07:00,SRC_TMD,True
20250403_CNX,2025-04-03,R_CNX,2,True,False,2025-04-03T00:00:00+07:00,2025-04-03T23:00:00+07:00,SRC_TMD,True
20250403_BKK,2025-04-03,R_BKK,1,True,True,2025-04-03T00:00:00+07:00,2025-04-03T23:00:00+07:00,SRC_TMD,True
20250403_KKC,2025-04-03,R_KKC,2,True,True,2025-04-03T00:00:00+07:00,2025-04-03T23:00:00+07:00,SRC_TMD,True
20250403_KSN,2025-04-03,R_KSN,3,False,False,2025-04-03T00:00:00+07:00,2025-04-03T23:00:00+07:00,SRC_TMD,True
20250403_SSK,2025-04-03,R_SSK,3,False,False,2025-04-03T00:00:00+07:00,2025-04-03T23:00:00+07:00,SRC_TMD,True
20250403_NMA,2025-04-03,R_NMA,2,False,False,2025-04-03T00:00:00+07:00,2025-04-03T23:00:00+07:00,SRC_TMD,True
20250403_UTH,2025-04-03,R_UTH,1,False,False,2025-04-03T00:00:00+07:00,2025-04-03T23:00:00+07:00,SRC_TMD,True
20250403_RET,2025-04-03,R_RET,2,False,False,2025-04-03T00:00:00+07:00,2025-04-03T23:00:00+07:00,SRC_TMD,True
20250403_LPT,2025-04-03,R_LPT,3,False,False,2025-04-03T00:00:00+07:00,2025-04-03T23:00:00+07:00,SRC_TMD,True
20250403_RYG,2025-04-03,R_RYG,2,False,False,2025-04-03T00:00:00+07:00,2025-04-03T23:00:00+07:00,SRC_TMD,True
20250404_CNX,2025-04-04,R_CNX,3,False,False,2025-04-04T00:00:00+07:00,2025-04-04T23:00:00+07:00,SRC_TMD,True
20250404_BKK,2025-04-04,R_BKK,3,False,False,2025-04-04T00:00:00+07:00,2025-04-04T23:00:00+07:00,SRC_TMD,True
20250404_KKC,2025-04-04,R_KKC,2,False,True,2025-04-04T00:00:00+07:00,2025-04-04T23:00:00+07:00,SRC_TMD,True
20250404_KSN,2025-04-04,R_KSN,3,False,False,2025-04-04T00:00:00+07:00,2025-04-04T23:00:00+07:00,SRC_TMD,True
20250404_SSK,2025-04-04,R_SSK,1,False,False,2025-04-04T00:00:00+07:00,2025-04-04T23:00:00+07:00,SRC_TMD,True
20250404_NMA,2025-04-04,R_NMA,3,False,False,2025-04-04T00:00:00+07:00,2025-04-04T23:00:00+07:00,SRC_TMD,True
20250404_UTH,2025-04-04,R_UTH,2,True,False,2025-04-04T00:00:00+07:00,2025-04-04T23:00:00+07:00,SRC_TMD,True
20250404_RET,2025-04-04,R_RET,1,False,False,2025-04-04T00:00:00+07:00,2025-04-04T23:00:00+07:00,SRC_TMD,True
20250404_LPT,2025-04-04,R_LPT,1,True,True,2025-04-04T00:00:00+07:00,2025-04-04T23:00:00+07:00,SRC_TMD,True
20250404_RYG,2025-04-04,R_RYG,1,False,False,2025-04-04T00:00:00+07:00,2025-04-04T23:00:00+07:00,SRC_TMD,True
20250405_CNX,2025-04-05,R_CNX,2,False,False,2025-04-05T00:00:00+07:00,2025-04-05T23:00:00+07:00,SRC_TMD,True
20250405_BKK,2025-04-05,R_BKK,1,False,False,2025-04-05T00:00:00+07:00,2025-04-05T23:00:00+07:00,SRC_TMD,True
20250405_KKC,2025-04-05,R_KKC,1,False,False,2025-04-05T00:00:00+07:00,2025-04-05T23:00:00+07:00,SRC_TMD,True
20250405_KSN,2025-04-05,R_KSN,2,True,True,2025-04-05T00:00:00+07:00,2025-04-05T23:00:00+07:00,SRC_TMD,True
20250405_SSK,2025-04-05,R_SSK,2,True,False,2025-04-05T00:00:00+07:00,2025-04-05T23:00:00+07:00,SRC_TMD,True
20250405_NMA,2025-04-05,R_NMA,2,True,True,2025-04-05T00:00:00+07:00,2025-04-05T23:00:00+07:00,SRC_TMD,True
20250405_UTH,2025-04-05,R_UTH,1,False,True,2025-04-05T00:00:00+07:00,2025-04-05T23:00:00+07:00,SRC_TMD,True
20250405_RET,2025-04-05,R_RET,2,False,False,2025-04-05T00:00:00+07:00,2025-04-05T23:00:00+07:00,SRC_TMD,True
20250405_LPT,2025-04-05,R_LPT,2,False,False,2025-04-05T00:00:00+07:00,2025-04-05T23:00:00+07:00,SRC_TMD,True
20250405_RYG,2025-04-05,R_RYG,1,False,False,2025-04-05T00:00:00+07:00,2025-04-05T23:00:00+07:00,SRC_TMD,True
20250406_CNX,2025-04-06,R_CNX,1,False,False,2025-04-06T00:00:00+07:00,2025-04-06T23:00:00+07:00,SRC_TMD,True
20250406_BKK,2025-04-06,R_BKK,2,False,False,2025-04-06T00:00:00+07:00,2025-04-06T23:00:00+07:00,SRC_TMD,True
20250406_KKC,2025-04-06,R_KKC,1,False,False,2025-04-06T00:00:00+07:00,2025-04-06T23:00:00+07:00,SRC_TMD,True
20250406_KSN,2025-04-06,R_KSN,2,False,False,2025-04-06T00:00:00+07:00,2025-04-06T23:00:00+07:00,SRC_TMD,True
20250406_SSK,2025-04-06,R_SSK,2,False,True,2025-04-06T00:00:00+07:00,2025-04-06T23:00:00+07:00,SRC_TMD,True
20250406_NMA,2025-04-06,R_NMA,3,False,False,2025-04-06T00:00:00+07:00,2025-04-06T23:00:00+07:00,SRC_TMD,True
20250406_UTH,2025-04-06,R_UTH,2,True,True,2025-04-06T00:00:00+07:00,2025-04-06T23:00:00+07:00,SRC_TMD,True
20250406_RET,2025-04-06,R_RET,2,False,False,2025-04-06T00:00:00+07:00,2025-04-06T23:00:00+07:00,SRC_TMD,True
20250406_LPT,2025-04-06,R_LPT,3,True,False,2025-04-06T00:00:00+07:00,2025-04-06T23:00:00+07:00,SRC_TMD,True
20250406_RYG,2025-04-06,R_RYG,2,False,False,2025-04-06T00:00:00+07:00,2025-04-06T23:00:00+07:00,SRC_TMD,True
20250407_CNX,2025-04-07,R_CNX,3,True,True,2025-04-07T00:00:00+07:00,2025-04-07T23:00:00+07:00,SRC_TMD,True
20250407_BKK,2025-04-07,R_BKK,1,False,False,2025-04-07T00:00:00+07:00,2025-04-07T23:00:00+07:00,SRC_TMD,True
20250407_KKC,2025-04-07,R_KKC,3,False,False,2025-04-07T00:00:00+07:00,2025-04-07T23:00:00+07:00,SRC_TMD,True
20250407_KSN,2025-04-07,R_KSN,1,True,False,2025-04-07T00:00:00+07:00,2025-04-07T23:00:00+07:00,SRC_TMD,True
20250407_SSK,2025-04-07,R_SSK,1,True,True,2025-04-07T00:00:00+07:00,2025-04-07T23:00:00+07:00,SRC_TMD,True
20250407_NMA,2025-04-07,R_NMA,2,True,True,2025-04-07T00:00:00+07:00,2025-04-07T23:00:00+07:00,SRC_TMD,True
20250407_UTH,2025-04-07,R_UTH,1,False,False,2025-04-07T00:00:00+07:00,2025-04-07T23:00:00+07:00,SRC_TMD,True
20250407_RET,2025-04-07,R_RET,2,False,False,2025-04-07T00:00:00+07:00,2025-04-07T23:00:00+07:00,SRC_TMD,True
20250407_LPT,2025-04-07,R_LPT,1,False,False,2025-04-07T00:00:00+07:00,2025-04-07T23:00:00+07:00,SRC_TMD,True
20250407_RYG,2025-04-07,R_RYG,2,False,False,2025-04-07T00:00:00+07:00,2025-04-07T23:00:00+07:00,SRC_TMD,True
20250408_CNX,2025-04-08,R_CNX,2,False,False,2025-04-08T00:00:00+07:00,2025-04-08T23:00:00+07:00,SRC_TMD,True
20250408_BKK,2025-04-08,R_BKK,2,False,False,2025-04-08T00:00:00+07:00,2025-04-08T23:00:00+07:00,SRC_TMD,True
20250408_KKC,2025-04-08,R_KKC,1,False,False,2025-04-08T00:00:00+07:00,2025-04-08T23:00:00+07:00,SRC_TMD,True
20250408_KSN,2025-04-08,R_KSN,2,False,False,2025-04-08T00:00:00+07:00,2025-04-08T23:00:00+07:00,SRC_TMD,True
20250408_SSK,2025-04-08,R_SSK,1,False,False,2025-04-08T00:00:00+07:00,2025-04-08T23:00:00+07:00,SRC_TMD,True
20250408_NMA,2025-04-08,R_NMA,2,True,True,2025-04-08T00:00:00+07:00,2025-04-08T23:00:00+07:00,SRC_TMD,True
20250408_UTH,2025-04-08,R_UTH,2,False,False,2025-04-08T00:00:00+07:00,2025-04-08T23:00:00+07:00,SRC_TMD,True
20250408_RET,2025-04-08,R_RET,2,False,False,2025-04-08T00:00:00+07:00,2025-04-08T23:00:00+07:00,SRC_TMD,True
20250408_LPT,2025-04-08,R_LPT,3,True,True,2025-04-08T00:00:00+07:00,2025-04-08T23:00:00+07:00,SRC_TMD,True
20250408_RYG,2025-04-08,R_RYG,1,True,True,2025-04-08T00:00:00+07:00,2025-04-08T23:00:00+07:00,SRC_TMD,True
20250409_CNX,2025-04-09,R_CNX,2,False,False,2025-04-09T00:00:00+07:00,2025-04-09T23:00:00+07:00,SRC_TMD,True
20250409_BKK,2025-04-09,R_BKK,3,False,False,2025-04-09T00:00:00+07:00,2025-04-09T23:00:00+07:00,SRC_TMD,True
20250409_KKC,2025-04-09,R_KKC,3,False,False,2025-04-09T00:00:00+07:00,2025-04-09T23:00:00+07:00,SRC_TMD,True
20250409_KSN,2025-04-09,R_KSN,2,False,False,2025-04-09T00:00:00+07:00,2025-04-09T23:00:00+07:00,SRC_TMD,True
20250409_SSK,2025-04-09,R_SSK,2,False,False,2025-04-09T00:00:00+07:00,2025-04-09T23:00:00+07:00,SRC_TMD,True
20250409_NMA,2025-04-09,R_NMA,3,True,False,2025-04-09T00:00:00+07:00,2025-04-09T23:00:00+07:00,SRC_TMD,True
20250409_UTH,2025-04-09,R_UTH,2,False,False,2025-04-09T00:00:00+07:00,2025-04-09T23:00:00+07:00,SRC_TMD,True
20250409_RET,2025-04-09,R_RET,2,False,False,2025-04-09T00:00:00+07:00,2025-04-09T23:00:00+07:00,SRC_TMD,True
20250409_LPT,2025-04-09,R_LPT,2,True,False,2025-04-09T00:00:00+07:00,2025-04-09T23:00:00+07:00,SRC_TMD,True
20250409_RYG,2025-04-09,R_RYG,1,False,False,2025-04-09T00:00:00+07:00,2025-04-09T23:00:00+07:00,SRC_TMD,True
20250410_CNX,2025-04-10,R_CNX,1,False,True,2025-04-10T00:00:00+07:00,2025-04-10T23:00:00+07:00,SRC_TMD,True
20250410_BKK,2025-04-10,R_BKK,2,False,False,2025-04-10T00:00:00+07:00,2025-04-10T23:00:00+07:00,SRC_TMD,True
20250410_KKC,2025-04-10,R_KKC,3,True,True,2025-04-10T00:00:00+07:00,2025-04-10T23:00:00+07:00,SRC_TMD,True
20250410_KSN,2025-04-10,R_KSN,2,True,False,2025-04-10T00:00:00+07:00,2025-04-10T23:00:00+07:00,SRC_TMD,True
20250410_SSK,2025-04-10,R_SSK,3,False,False,2025-04-10T00:00:00+07:00,2025-04-10T23:00:00+07:00,SRC_TMD,True
20250410_NMA,2025-04-10,R_NMA,3,True,False,2025-04-10T00:00:00+07:00,2025-04-10T23:00:00+07:00,SRC_TMD,True
20250410_UTH,2025-04-10,R_UTH,3,False,False,2025-04-10T00:00:00+07:00,2025-04-10T23:00:00+07:00,SRC_TMD,True
20250410_RET,2025-04-10,R_RET,2,True,True,2025-04-10T00:00:00+07:00,2025-04-10T23:00:00+07:00,SRC_TMD,True
20250410_LPT,2025-04-10,R_LPT,2,True,False,2025-04-10T00:00:00+07:00,2025-04-10T23:00:00+07:00,SRC_TMD,True
20250410_RYG,2025-04-10,R_RYG,2,False,False,2025-04-10T00:00:00+07:00,2025-04-10T23:00:00+07:00,SRC_TMD,True
20250411_CNX,2025-04-11,R_CNX,2,True,False,2025-04-11T00:00:00+07:00,2025-04-11T23:00:00+07:00,SRC_TMD,True
20250411_BKK,2025-04-11,R_BKK,2,True,True,2025-04-11T00:00:00+07:00,2025-04-11T23:00:00+07:00,SRC_TMD,True
20250411_KKC,2025-04-11,R_KKC,1,False,False,2025-04-11T00:00:00+07:00,2025-04-11T23:00:00+07:00,SRC_TMD,True
20250411_KSN,2025-04-11,R_KSN,1,True,False,2025-04-11T00:00:00+07:00,2025-04-11T23:00:00+07:00,SRC_TMD,True
20250411_SSK,2025-04-11,R_SSK,2,False,False,2025-04-11T00:00:00+07:00,2025-04-11T23:00:00+07:00,SRC_TMD,True
20250411_NMA,2025-04-11,R_NMA,2,False,False,2025-04-11T00:00:00+07:00,2025-04-11T23:00:00+07:00,SRC_TMD,True
20250411_UTH,2025-04-11,R_UTH,3,False,False,2025-04-11T00:00:00+07:00,2025-04-11T23:00:00+07:00,SRC_TMD,True
20250411_RET,2025-04-11,R_RET,2,False,False,2025-04-11T00:00:00+07:00,2025-04-11T23:00:00+07:00,SRC_TMD,True
20250411_LPT,2025-04-11,R_LPT,2,True,False,2025-04-11T00:00:00+07:00,2025-04-11T23:00:00+07:00,SRC_TMD,True
20250411_RYG,2025-04-11,R_RYG,2,False,False,2025-04-11T00:00:00+07:00,2025-04-11T23:00:00+07:00,SRC_TMD,True
20250412_CNX,2025-04-12,R_CNX,2,False,False,2025-04-12T00:00:00+07:00,2025-04-12T23:00:00+07:00,SRC_TMD,True
20250412_BKK,2025-04-12,R_BKK,2,False,False,2025-04-12T00:00:00+07:00,2025-04-12T23:00:00+07:00,SRC_TMD,True
20250412_KKC,2025-04-12,R_KKC,3,False,False,2025-04-12T00:00:00+07:00,2025-04-12T23:00:00+07:00,SRC_TMD,True
20250412_KSN,2025-04-12,R_KSN,3,False,False,2025-04-12T00:00:00+07:00,2025-04-12T23:00:00+07:00,SRC_TMD,True
20250412_SSK,2025-04-12,R_SSK,2,True,False,2025-04-12T00:00:00+07:00,2025-04-12T23:00:00+07:00,SRC_TMD,True
20250412_NMA,2025-04-12,R_NMA,2,False,False,2025-04-12T00:00:00+07:00,2025-04-12T23:00:00+07:00,SRC_TMD,True
20250412_UTH,2025-04-12,R_UTH,2,False,False,2025-04-12T00:00:00+07:00,2025-04-12T23:00:00+07:00,SRC_TMD,True
20250412_RET,2025-04-12,R_RET,2,False,False,2025-04-12T00:00:00+07:00,2025-04-12T23:00:00+07:00,SRC_TMD,True
20250412_LPT,2025-04-12,R_LPT,2,False,False,2025-04-12T00:00:00+07:00,2025-04-12T23:00:00+07:00,SRC_TMD,True
20250412_RYG,2025-04-12,R_RYG,2,False,False,2025-04-12T00:00:00+07:00,2025-04-12T23:00:00+07:00,SRC_TMD,True
20250413_CNX,2025-04-13,R_CNX,3,True,False,2025-04-13T00:00:00+07:00,2025-04-13T23:00:00+07:00,SRC_TMD,True
20250413_BKK,2025-04-13,R_BKK,2,False,False,2025-04-13T00:00:00+07:00,2025-04-13T23:00:00+07:00,SRC_TMD,True
20250413_KKC,2025-04-13,R_KKC,2,False,False,2025-04-13T00:00:00+07:00,2025-04-13T23:00:00+07:00,SRC_TMD,True
20250413_KSN,2025-04-13,R_KSN,2,False,False,2025-04-13T00:00:00+07:00,2025-04-13T23:00:00+07:00,SRC_TMD,True
20250413_SSK,2025-04-13,R_SSK,3,False,False,2025-04-13T00:00:00+07:00,2025-04-13T23:00:00+07:00,SRC_TMD,True
20250413_NMA,2025-04-13,R_NMA,3,False,True,2025-04-13T00:00:00+07:00,2025-04-13T23:00:00+07:00,SRC_TMD,True
20250413_UTH,2025-04-13,R_UTH,3,False,False,2025-04-13T00:00:00+07:00,2025-04-13T23:00:00+07:00,SRC_TMD,True
20250413_RET,2025-04-13,R_RET,2,False,False,2025-04-13T00:00:00+07:00,2025-04-13T23:00:00+07:00,SRC_TMD,True
20250413_LPT,2025-04-13,R_LPT,3,True,True,2025-04-13T00:00:00+07:00,2025-04-13T23:00:00+07:00,SRC_TMD,True
20250413_RYG,2025-04-13,R_RYG,2,True,False,2025-04-13T00:00:00+07:00,2025-04-13T23:00:00+07:00,SRC_TMD,True
20250414_CNX,2025-04-14,R_CNX,3,False,False,2025-04-14T00:00:00+07:00,2025-04-14T23:00:00+07:00,SRC_TMD,True
20250414_BKK,2025-04-14,R_BKK,2,False,False,2025-04-14T00:00:00+07:00,2025-04-14T23:00:00+07:00,SRC_TMD,True
20250414_KKC,2025-04-14,R_KKC,2,True,True,2025-04-14T00:00:00+07:00,2025-04-14T23:00:00+07:00,SRC_TMD,True
20250414_KSN,2025-04-14,R_KSN,2,True,False,2025-04-14T00:00:00+07:00,2025-04-14T23:00:00+07:00,SRC_TMD,True
20250414_SSK,2025-04-14,R_SSK,2,False,False,2025-04-14T00:00:00+07:00,2025-04-14T23:00:00+07:00,SRC_TMD,True
20250414_NMA,2025-04-14,R_NMA,2,True,True,2025-04-14T00:00:00+07:00,2025-04-14T23:00:00+07:00,SRC_TMD,True
20250414_UTH,2025-04-14,R_UTH,2,False,False,2025-04-14T00:00:00+07:00,2025-04-14T23:00:00+07:00,SRC_TMD,True
20250414_RET,2025-04-14,R_RET,2,True,False,2025-04-14T00:00:00+07:00,2025-04-14T23:00:00+07:00,SRC_TMD,True
20250414_LPT,2025-04-14,R_LPT,1,False,False,2025-04-14T00:00:00+07:00,2025-04-14T23:00:00+07:00,SRC_TMD,True
20250414_RYG,2025-04-14,R_RYG,1,True,True,2025-04-14T00:00:00+07:00,2025-04-14T23:00:00+07:00,SRC_TMD,True
20250415_CNX,2025-04-15,R_CNX,2,True,True,2025-04-15T00:00:00+07:00,2025-04-15T23:00:00+07:00,SRC_TMD,True
20250415_BKK,2025-04-15,R_BKK,2,False,False,2025-04-15T00:00:00+07:00,2025-04-15T23:00:00+07:00,SRC_TMD,True
20250415_KKC,2025-04-15,R_KKC,3,False,False,2025-04-15T00:00:00+07:00,2025-04-15T23:00:00+07:00,SRC_TMD,True
20250415_KSN,2025-04-15,R_KSN,2,False,False,2025-04-15T00:00:00+07:00,2025-04-15T23:00:00+07:00,SRC_TMD,True
20250415_SSK,2025-04-15,R_SSK,3,False,False,2025-04-15T00:00:00+07:00,2025-04-15T23:00:00+07:00,SRC_TMD,True
20250415_NMA,2025-04-15,R_NMA,2,False,False,2025-04-15T00:00:00+07:00,2025-04-15T23:00:00+07:00,SRC_TMD,True
20250415_UTH,2025-04-15,R_UTH,1,True,False,2025-04-15T00:00:00+07:00,2025-04-15T23:00:00+07:00,SRC_TMD,True
20250415_RET,2025-04-15,R_RET,3,False,False,2025-04-15T00:00:00+07:00,2025-04-15T23:00:00+07:00,SRC_TMD,True
20250415_LPT,2025-04-15,R_LPT,2,False,False,2025-04-15T00:00:00+07:00,2025-04-15T23:00:00+07:00,SRC_TMD,True
20250415_RYG,2025-04-15,R_RYG,1,False,False,2025-04-15T00:00:00+07:00,2025-04-15T23:00:00+07:00,SRC_TMD,True
20250416_CNX,2025-04-16,R_CNX,3,False,False,2025-04-16T00:00:00+07:00,2025-04-16T23:00:00+07:00,SRC_TMD,True
20250416_BKK,2025-04-16,R_BKK,3,False,False,2025-04-16T00:00:00+07:00,2025-04-16T23:00:00+07:00,SRC_TMD,True
20250416_KKC,2025-04-16,R_KKC,2,False,False,2025-04-16T00:00:00+07:00,2025-04-16T23:00:00+07:00,SRC_TMD,True
20250416_KSN,2025-04-16,R_KSN,2,False,False,2025-04-16T00:00:00+07:00,2025-04-16T23:00:00+07:00,SRC_TMD,True
20250416_SSK,2025-04-16,R_SSK,2,True,True,2025-04-16T00:00:00+07:00,2025-04-16T23:00:00+07:00,SRC_TMD,True
20250416_NMA,2025-04-16,R_NMA,3,True,False,2025-04-16T00:00:00+07:00,2025-04-16T23:00:00+07:00,SRC_TMD,True
20250416_UTH,2025-04-16,R_UTH,3,False,False,2025-04-16T00:00:00+07:00,2025-04-16T23:00:00+07:00,SRC_TMD,True
20250416_RET,2025-04-16,R_RET,2,True,True,2025-04-16T00:00:00+07:00,2025-04-16T23:00:00+07:00,SRC_TMD,True
20250416_LPT,2025-04-16,R_LPT,1,False,False,2025-04-16T00:00:00+07:00,2025-04-16T23:00:00+07:00,SRC_TMD,True
20250416_RYG,2025-04-16,R_RYG,2,False,False,2025-04-16T00:00:00+07:00,2025-04-16T23:00:00+07:00,SRC_TMD,True
20250417_CNX,2025-04-17,R_CNX,2,False,False,2025-04-17T00:00:00+07:00,2025-04-17T23:00:00+07:00,SRC_TMD,True
20250417_BKK,2025-04-17,R_BKK,2,False,False,2025-04-17T00:00:00+07:00,2025-04-17T23:00:00+07:00,SRC_TMD,True
20250417_KKC,2025-04-17,R_KKC,2,False,False,2025-04-17T00:00:00+07:00,2025-04-17T23:00:00+07:00,SRC_TMD,True
20250417_KSN,2025-04-17,R_KSN,2,False,True,2025-04-17T00:00:00+07:00,2025-04-17T23:00:00+07:00,SRC_TMD,True
20250417_SSK,2025-04-17,R_SSK,3,False,False,2025-04-17T00:00:00+07:00,2025-04-17T23:00:00+07:00,SRC_TMD,True
20250417_NMA,2025-04-17,R_NMA,3,False,False,2025-04-17T00:00:00+07:00,2025-04-17T23:00:00+07:00,SRC_TMD,True
20250417_UTH,2025-04-17,R_UTH,2,False,False,2025-04-17T00:00:00+07:00,2025-04-17T23:00:00+07:00,SRC_TMD,True
20250417_RET,2025-04-17,R_RET,3,True,True,2025-04-17T00:00:00+07:00,2025-04-17T23:00:00+07:00,SRC_TMD,True
20250417_LPT,2025-04-17,R_LPT,2,True,True,2025-04-17T00:00:00+07:00,2025-04-17T23:00:00+07:00,SRC_TMD,True
20250417_RYG,2025-04-17,R_RYG,3,False,False,2025-04-17T00:00:00+07:00,2025-04-17T23:00:00+07:00,SRC_TMD,True
20250418_CNX,2025-04-18,R_CNX,2,True,True,2025-04-18T00:00:00+07:00,2025-04-18T23:00:00+07:00,SRC_TMD,True
20250418_BKK,2025-04-18,R_BKK,1,True,False,2025-04-18T00:00:00+07:00,2025-04-18T23:00:00+07:00,SRC_TMD,True
20250418_KKC,2025-04-18,R_KKC,3,True,False,2025-04-18T00:00:00+07:00,2025-04-18T23:00:00+07:00,SRC_TMD,True
20250418_KSN,2025-04-18,R_KSN,2,False,False,2025-04-18T00:00:00+07:00,2025-04-18T23:00:00+07:00,SRC_TMD,True
20250418_SSK,2025-04-18,R_SSK,2,False,False,2025-04-18T00:00:00+07:00,2025-04-18T23:00:00+07:00,SRC_TMD,True
20250418_NMA,2025-04-18,R_NMA,2,False,False,2025-04-18T00:00:00+07:00,2025-04-18T23:00:00+07:00,SRC_TMD,True
20250418_UTH,2025-04-18,R_UTH,2,False,False,2025-04-18T00:00:00+07:00,2025-04-18T23:00:00+07:00,SRC_TMD,True
20250418_RET,2025-04-18,R_RET,1,True,True,2025-04-18T00:00:00+07:00,2025-04-18T23:00:00+07:00,SRC_TMD,True
20250418_LPT,2025-04-18,R_LPT,2,False,False,2025-04-18T00:00:00+07:00,2025-04-18T23:00:00+07:00,SRC_TMD,True
20250418_RYG,2025-04-18,R_RYG,2,True,False,2025-04-18T00:00:00+07:00,2025-04-18T23:00:00+07:00,SRC_TMD,True
20250419_CNX,2025-04-19,R_CNX,2,False,True,2025-04-19T00:00:00+07:00,2025-04-19T23:00:00+07:00,SRC_TMD,True
20250419_BKK,2025-04-19,R_BKK,3,True,True,2025-04-19T00:00:00+07:00,2025-04-19T23:00:00+07:00,SRC_TMD,True
20250419_KKC,2025-04-19,R_KKC,1,False,False,2025-04-19T00:00:00+07:00,2025-04-19T23:00:00+07:00,SRC_TMD,True
20250419_KSN,2025-04-19,R_KSN,1,False,False,2025-04-19T00:00:00+07:00,2025-04-19T23:00:00+07:00,SRC_TMD,True
20250419_SSK,2025-04-19,R_SSK,2,True,False,2025-04-19T00:00:00+07:00,2025-04-19T23:00:00+07:00,SRC_TMD,True
20250419_NMA,2025-04-19,R_NMA,1,True,False,2025-04-19T00:00:00+07:00,2025-04-19T23:00:00+07:00,SRC_TMD,True
20250419_UTH,2025-04-19,R_UTH,1,False,False,2025-04-19T00:00:00+07:00,2025-04-19T23:00:00+07:00,SRC_TMD,True
20250419_RET,2025-04-19,R_RET,2,False,False,2025-04-19T00:00:00+07:00,2025-04-19T23:00:00+07:00,SRC_TMD,True
20250419_LPT,2025-04-19,R_LPT,2,False,False,2025-04-19T00:00:00+07:00,2025-04-19T23:00:00+07:00,SRC_TMD,True
20250419_RYG,2025-04-19,R_RYG,3,False,False,2025-04-19T00:00:00+07:00,2025-04-19T23:00:00+07:00,SRC_TMD,True
20250420_CNX,2025-04-20,R_CNX,1,False,False,2025-04-20T00:00:00+07:00,2025-04-20T23:00:00+07:00,SRC_TMD,True
20250420_BKK,2025-04-20,R_BKK,2,False,False,2025-04-20T00:00:00+07:00,2025-04-20T23:00:00+07:00,SRC_TMD,True
20250420_KKC,2025-04-20,R_KKC,2,False,False,2025-04-20T00:00:00+07:00,2025-04-20T23:00:00+07:00,SRC_TMD,True
20250420_KSN,2025-04-20,R_KSN,2,True,False,2025-04-20T00:00:00+07:00,2025-04-20T23:00:00+07:00,SRC_TMD,True
20250420_SSK,2025-04-20,R_SSK,1,True,True,2025-04-20T00:00:00+07:00,2025-04-20T23:00:00+07:00,SRC_TMD,True
20250420_NMA,2025-04-20,R_NMA,2,False,False,2025-04-20T00:00:00+07:00,2025-04-20T23:00:00+07:00,SRC_TMD,True
20250420_UTH,2025-04-20,R_UTH,3,False,False,2025-04-20T00:00:00+07:00,2025-04-20T23:00:00+07:00,SRC_TMD,True
20250420_RET,2025-04-20,R_RET,2,False,False,2025-04-20T00:00:00+07:00,2025-04-20T23:00:00+07:00,SRC_TMD,True
20250420_LPT,2025-04-20,R_LPT,2,False,False,2025-04-20T00:00:00+07:00,2025-04-20T23:00:00+07:00,SRC_TMD,True
20250420_RYG,2025-04-20,R_RYG,2,False,False,2025-04-20T00:00:00+07:00,2025-04-20T23:00:00+07:00,SRC_TMD,True
20250421_CNX,2025-04-21,R_CNX,2,True,True,2025-04-21T00:00:00+07:00,2025-04-21T23:00:00+07:00,SRC_TMD,True
20250421_BKK,2025-04-21,R_BKK,1,False,False,2025-04-21T00:00:00+07:00,2025-04-21T23:00:00+07:00,SRC_TMD,True
20250421_KKC,2025-04-21,R_KKC,2,False,False,2025-04-21T00:00:00+07:00,2025-04-21T23:00:00+07:00,SRC_TMD,True
20250421_KSN,2025-04-21,R_KSN,2,False,False,2025-04-21T00:00:00+07:00,2025-04-21T23:00:00+07:00,SRC_TMD,True
20250421_SSK,2025-04-21,R_SSK,2,False,False,2025-04-21T00:00:00+07:00,2025-04-21T23:00:00+07:00,SRC_TMD,True
20250421_NMA,2025-04-21,R_NMA,2,True,False,2025-04-21T00:00:00+07:00,2025-04-21T23:00:00+07:00,SRC_TMD,True
20250421_UTH,2025-04-21,R_UTH,2,False,False,2025-04-21T00:00:00+07:00,2025-04-21T23:00:00+07:00,SRC_TMD,True
20250421_RET,2025-04-21,R_RET,1,False,False,2025-04-21T00:00:00+07:00,2025-04-21T23:00:00+07:00,SRC_TMD,True
20250421_LPT,2025-04-21,R_LPT,2,False,False,2025-04-21T00:00:00+07:00,2025-04-21T23:00:00+07:00,SRC_TMD,True
20250421_RYG,2025-04-21,R_RYG,3,False,False,2025-04-21T00:00:00+07:00,2025-04-21T23:00:00+07:00,SRC_TMD,True
20250422_CNX,2025-04-22,R_CNX,1,False,False,2025-04-22T00:00:00+07:00,2025-04-22T23:00:00+07:00,SRC_TMD,True
20250422_BKK,2025-04-22,R_BKK,1,True,True,2025-04-22T00:00:00+07:00,2025-04-22T23:00:00+07:00,SRC_TMD,True
20250422_KKC,2025-04-22,R_KKC,1,False,False,2025-04-22T00:00:00+07:00,2025-04-22T23:00:00+07:00,SRC_TMD,True
20250422_KSN,2025-04-22,R_KSN,2,True,True,2025-04-22T00:00:00+07:00,2025-04-22T23:00:00+07:00,SRC_TMD,True
20250422_SSK,2025-04-22,R_SSK,1,False,False,2025-04-22T00:00:00+07:00,2025-04-22T23:00:00+07:00,SRC_TMD,True
20250422_NMA,2025-04-22,R_NMA,2,True,True,2025-04-22T00:00:00+07:00,2025-04-22T23:00:00+07:00,SRC_TMD,True
20250422_UTH,2025-04-22,R_UTH,1,False,False,2025-04-22T00:00:00+07:00,2025-04-22T23:00:00+07:00,SRC_TMD,True
20250422_RET,2025-04-22,R_RET,2,True,True,2025-04-22T00:00:00+07:00,2025-04-22T23:00:00+07:00,SRC_TMD,True
20250422_LPT,2025-04-22,R_LPT,2,False,False,2025-04-22T00:00:00+07:00,2025-04-22T23:00:00+07:00,SRC_TMD,True
20250422_RYG,2025-04-22,R_RYG,2,True,False,2025-04-22T00:00:00+07:00,2025-04-22T23:00:00+07:00,SRC_TMD,True
20250423_CNX,2025-04-23,R_CNX,3,False,False,2025-04-23T00:00:00+07:00,2025-04-23T23:00:00+07:00,SRC_TMD,True
20250423_BKK,2025-04-23,R_BKK,3,False,False,2025-04-23T00:00:00+07:00,2025-04-23T23:00:00+07:00,SRC_TMD,True
20250423_KKC,2025-04-23,R_KKC,2,False,False,2025-04-23T00:00:00+07:00,2025-04-23T23:00:00+07:00,SRC_TMD,True
20250423_KSN,2025-04-23,R_KSN,2,False,False,2025-04-23T00:00:00+07:00,2025-04-23T23:00:00+07:00,SRC_TMD,True
20250423_SSK,2025-04-23,R_SSK,1,False,False,2025-04-23T00:00:00+07:00,2025-04-23T23:00:00+07:00,SRC_TMD,True
20250423_NMA,2025-04-23,R_NMA,2,True,True,2025-04-23T00:00:00+07:00,2025-04-23T23:00:00+07:00,SRC_TMD,True
20250423_UTH,2025-04-23,R_UTH,1,False,False,2025-04-23T00:00:00+07:00,2025-04-23T23:00:00+07:00,SRC_TMD,True
20250423_RET,2025-04-23,R_RET,1,False,False,2025-04-23T00:00:00+07:00,2025-04-23T23:00:00+07:00,SRC_TMD,True
20250423_LPT,2025-04-23,R_LPT,2,False,False,2025-04-23T00:00:00+07:00,2025-04-23T23:00:00+07:00,SRC_TMD,True
20250423_RYG,2025-04-23,R_RYG,3,True,True,2025-04-23T00:00:00+07:00,2025-04-23T23:00:00+07:00,SRC_TMD,True
20250424_CNX,2025-04-24,R_CNX,2,False,False,2025-04-24T00:00:00+07:00,2025-04-24T23:00:00+07:00,SRC_TMD,True
20250424_BKK,2025-04-24,R_BKK,2,False,False,2025-04-24T00:00:00+07:00,2025-04-24T23:00:00+07:00,SRC_TMD,True
20250424_KKC,2025-04-24,R_KKC,2,True,False,2025-04-24T00:00:00+07:00,2025-04-24T23:00:00+07:00,SRC_TMD,True
20250424_KSN,2025-04-24,R_KSN,1,False,False,2025-04-24T00:00:00+07:00,2025-04-24T23:00:00+07:00,SRC_TMD,True
20250424_SSK,2025-04-24,R_SSK,2,False,True,2025-04-24T00:00:00+07:00,2025-04-24T23:00:00+07:00,SRC_TMD,True
20250424_NMA,2025-04-24,R_NMA,1,True,False,2025-04-24T00:00:00+07:00,2025-04-24T23:00:00+07:00,SRC_TMD,True
20250424_UTH,2025-04-24,R_UTH,2,False,False,2025-04-24T00:00:00+07:00,2025-04-24T23:00:00+07:00,SRC_TMD,True
20250424_RET,2025-04-24,R_RET,2,False,False,2025-04-24T00:00:00+07:00,2025-04-24T23:00:00+07:00,SRC_TMD,True
20250424_LPT,2025-04-24,R_LPT,1,False,False,2025-04-24T00:00:00+07:00,2025-04-24T23:00:00+07:00,SRC_TMD,True
20250424_RYG,2025-04-24,R_RYG,2,True,False,2025-04-24T00:00:00+07:00,2025-04-24T23:00:00+07:00,SRC_TMD,True
20250425_CNX,2025-04-25,R_CNX,2,False,False,2025-04-25T00:00:00+07:00,2025-04-25T23:00:00+07:00,SRC_TMD,True
20250425_BKK,2025-04-25,R_BKK,3,False,False,2025-04-25T00:00:00+07:00,2025-04-25T23:00:00+07:00,SRC_TMD,True
20250425_KKC,2025-04-25,R_KKC,2,False,False,2025-04-25T00:00:00+07:00,2025-04-25T23:00:00+07:00,SRC_TMD,True
20250425_KSN,2025-04-25,R_KSN,1,False,False,2025-04-25T00:00:00+07:00,2025-04-25T23:00:00+07:00,SRC_TMD,True
20250425_SSK,2025-04-25,R_SSK,2,False,False,2025-04-25T00:00:00+07:00,2025-04-25T23:00:00+07:00,SRC_TMD,True
20250425_NMA,2025-04-25,R_NMA,1,False,False,2025-04-25T00:00:00+07:00,2025-04-25T23:00:00+07:00,SRC_TMD,True
20250425_UTH,2025-04-25,R_UTH,3,False,False,2025-04-25T00:00:00+07:00,2025-04-25T23:00:00+07:00,SRC_TMD,True
20250425_RET,2025-04-25,R_RET,3,False,False,2025-04-25T00:00:00+07:00,2025-04-25T23:00:00+07:00,SRC_TMD,True
20250425_LPT,2025-04-25,R_LPT,1,False,False,2025-04-25T00:00:00+07:00,2025-04-25T23:00:00+07:00,SRC_TMD,True
20250425_RYG,2025-04-25,R_RYG,2,False,False,2025-04-25T00:00:00+07:00,2025-04-25T23:00:00+07:00,SRC_TMD,True
20250426_CNX,2025-04-26,R_CNX,3,False,False,2025-04-26T00:00:00+07:00,2025-04-26T23:00:00+07:00,SRC_TMD,True
20250426_BKK,2025-04-26,R_BKK,2,False,False,2025-04-26T00:00:00+07:00,2025-04-26T23:00:00+07:00,SRC_TMD,True
20250426_KKC,2025-04-26,R_KKC,1,False,False,2025-04-26T00:00:00+07:00,2025-04-26T23:00:00+07:00,SRC_TMD,True
20250426_KSN,2025-04-26,R_KSN,1,True,False,2025-04-26T00:00:00+07:00,2025-04-26T23:00:00+07:00,SRC_TMD,True
20250426_SSK,2025-04-26,R_SSK,1,False,False,2025-04-26T00:00:00+07:00,2025-04-26T23:00:00+07:00,SRC_TMD,True
20250426_NMA,2025-04-26,R_NMA,2,False,False,2025-04-26T00:00:00+07:00,2025-04-26T23:00:00+07:00,SRC_TMD,True
20250426_UTH,2025-04-26,R_UTH,2,False,False,2025-04-26T00:00:00+07:00,2025-04-26T23:00:00+07:00,SRC_TMD,True
20250426_RET,2025-04-26,R_RET,3,False,False,2025-04-26T00:00:00+07:00,2025-04-26T23:00:00+07:00,SRC_TMD,True
20250426_LPT,2025-04-26,R_LPT,2,False,False,2025-04-26T00:00:00+07:00,2025-04-26T23:00:00+07:00,SRC_TMD,True
20250426_RYG,2025-04-26,R_RYG,3,False,False,2025-04-26T00:00:00+07:00,2025-04-26T23:00:00+07:00,SRC_TMD,True
20250427_CNX,2025-04-27,R_CNX,2,False,False,2025-04-27T00:00:00+07:00,2025-04-27T23:00:00+07:00,SRC_TMD,True
20250427_BKK,2025-04-27,R_BKK,3,False,False,2025-04-27T00:00:00+07:00,2025-04-27T23:00:00+07:00,SRC_TMD,True
20250427_KKC,2025-04-27,R_KKC,2,True,False,2025-04-27T00:00:00+07:00,2025-04-27T23:00:00+07:00,SRC_TMD,True
20250427_KSN,2025-04-27,R_KSN,3,False,False,2025-04-27T00:00:00+07:00,2025-04-27T23:00:00+07:00,SRC_TMD,True
20250427_SSK,2025-04-27,R_SSK,2,False,False,2025-04-27T00:00:00+07:00,2025-04-27T23:00:00+07:00,SRC_TMD,True
20250427_NMA,2025-04-27,R_NMA,2,False,False,2025-04-27T00:00:00+07:00,2025-04-27T23:00:00+07:00,SRC_TMD,True
20250427_UTH,2025-04-27,R_UTH,2,False,False,2025-04-27T00:00:00+07:00,2025-04-27T23:00:00+07:00,SRC_TMD,True
20250427_RET,2025-04-27,R_RET,2,False,False,2025-04-27T00:00:00+07:00,2025-04-27T23:00:00+07:00,SRC_TMD,True
20250427_LPT,2025-04-27,R_LPT,2,True,True,2025-04-27T00:00:00+07:00,2025-04-27T23:00:00+07:00,SRC_TMD,True
20250427_RYG,2025-04-27,R_RYG,1,False,False,2025-04-27T00:00:00+07:00,2025-04-27T23:00:00+07:00,SRC_TMD,True
20250428_CNX,2025-04-28,R_CNX,2,False,True,2025-04-28T00:00:00+07:00,2025-04-28T23:00:00+07:00,SRC_TMD,True
20250428_BKK,2025-04-28,R_BKK,1,False,False,2025-04-28T00:00:00+07:00,2025-04-28T23:00:00+07:00,SRC_TMD,True
20250428_KKC,2025-04-28,R_KKC,2,True,False,2025-04-28T00:00:00+07:00,2025-04-28T23:00:00+07:00,SRC_TMD,True
20250428_KSN,2025-04-28,R_KSN,1,False,False,2025-04-28T00:00:00+07:00,2025-04-28T23:00:00+07:00,SRC_TMD,True
20250428_SSK,2025-04-28,R_SSK,2,True,True,2025-04-28T00:00:00+07:00,2025-04-28T23:00:00+07:00,SRC_TMD,True
20250428_NMA,2025-04-28,R_NMA,1,False,False,2025-04-28T00:00:00+07:00,2025-04-28T23:00:00+07:00,SRC_TMD,True
20250428_UTH,2025-04-28,R_UTH,3,False,False,2025-04-28T00:00:00+07:00,2025-04-28T23:00:00+07:00,SRC_TMD,True
20250428_RET,2025-04-28,R_RET,3,False,False,2025-04-28T00:00:00+07:00,2025-04-28T23:00:00+07:00,SRC_TMD,True
20250428_LPT,2025-04-28,R_LPT,2,False,False,2025-04-28T00:00:00+07:00,2025-04-28T23:00:00+07:00,SRC_TMD,True
20250428_RYG,2025-04-28,R_RYG,1,True,False,2025-04-28T00:00:00+07:00,2025-04-28T23:00:00+07:00,SRC_TMD,True
20250429_CNX,2025-04-29,R_CNX,1,False,False,2025-04-29T00:00:00+07:00,2025-04-29T23:00:00+07:00,SRC_TMD,True
20250429_BKK,2025-04-29,R_BKK,2,True,True,2025-04-29T00:00:00+07:00,2025-04-29T23:00:00+07:00,SRC_TMD,True
20250429_KKC,2025-04-29,R_KKC,2,False,False,2025-04-29T00:00:00+07:00,2025-04-29T23:00:00+07:00,SRC_TMD,True
20250429_KSN,2025-04-29,R_KSN,3,True,False,2025-04-29T00:00:00+07:00,2025-04-29T23:00:00+07:00,SRC_TMD,True
20250429_SSK,2025-04-29,R_SSK,1,False,False,2025-04-29T00:00:00+07:00,2025-04-29T23:00:00+07:00,SRC_TMD,True
20250429_NMA,2025-04-29,R_NMA,2,False,False,2025-04-29T00:00:00+07:00,2025-04-29T23:00:00+07:00,SRC_TMD,True
20250429_UTH,2025-04-29,R_UTH,1,True,True,2025-04-29T00:00:00+07:00,2025-04-29T23:00:00+07:00,SRC_TMD,True
20250429_RET,2025-04-29,R_RET,2,False,False,2025-04-29T00:00:00+07:00,2025-04-29T23:00:00+07:00,SRC_TMD,True
20250429_LPT,2025-04-29,R_LPT,1,False,False,2025-04-29T00:00:00+07:00,2025-04-29T23:00:00+07:00,SRC_TMD,True
20250429_RYG,2025-04-29,R_RYG,2,False,False,2025-04-29T00:00:00+07:00,2025-04-29T23:00:00+07:00,SRC_TMD,True
20250430_CNX,2025-04-30,R_CNX,3,False,False,2025-04-30T00:00:00+07:00,2025-04-30T23:00:00+07:00,SRC_TMD,True
20250430_BKK,2025-04-30,R_BKK,3,True,True,2025-04-30T00:00:00+07:00,2025-04-30T23:00:00+07:00,SRC_TMD,True
20250430_KKC,2025-04-30,R_KKC,3,False,False,2025-04-30T00:00:00+07:00,2025-04-30T23:00:00+07:00,SRC_TMD,True
20250430_KSN,2025-04-30,R_KSN,3,False,False,2025-04-30T00:00:00+07:00,2025-04-30T23:00:00+07:00,SRC_TMD,True
20250430_SSK,2025-04-30,R_SSK,2,False,False,2025-04-30T00:00:00+07:00,2025-04-30T23:00:00+07:00,SRC_TMD,True
20250430_NMA,2025-04-30,R_NMA,3,False,False,2025-04-30T00:00:00+07:00,2025-04-30T23:00:00+07:00,SRC_TMD,True
20250430_UTH,2025-04-30,R_UTH,3,False,False,2025-04-30T00:00:00+07:00,2025-04-30T23:00:00+07:00,SRC_TMD,True
20250430_RET,2025-04-30,R_RET,2,False,False,2025-04-30T00:00:00+07:00,2025-04-30T23:00:00+07:00,SRC_TMD,True
20250430_LPT,2025-04-30,R_LPT,2,False,False,2025-04-30T00:00:00+07:00,2025-04-30T23:00:00+07:00,SRC_TMD,True
20250430_RYG,2025-04-30,R_RYG,2,False,False,2025-04-30T00:00:00+07:00,2025-04-30T23:00:00+07:00,SRC_TMD,True
20250501_CNX,2025-05-01,R_CNX,3,False,False,2025-05-01T00:00:00+07:00,2025-05-01T23:00:00+07:00,SRC_TMD,True
20250501_BKK,2025-05-01,R_BKK,2,True,True,2025-05-01T00:00:00+07:00,2025-05-01T23:00:00+07:00,SRC_TMD,True
20250501_KKC,2025-05-01,R_KKC,2,False,False,2025-05-01T00:00:00+07:00,2025-05-01T23:00:00+07:00,SRC_TMD,True
20250501_KSN,2025-05-01,R_KSN,2,False,False,2025-05-01T00:00:00+07:00,2025-05-01T23:00:00+07:00,SRC_TMD,True
20250501_SSK,2025-05-01,R_SSK,2,True,True,2025-05-01T00:00:00+07:00,2025-05-01T23:00:00+07:00,SRC_TMD,True
20250501_NMA,2025-05-01,R_NMA,2,False,False,2025-05-01T00:00:00+07:00,2025-05-01T23:00:00+07:00,SRC_TMD,True
20250501_UTH,2025-05-01,R_UTH,2,True,True,2025-05-01T00:00:00+07:00,2025-05-01T23:00:00+07:00,SRC_TMD,True
20250501_RET,2025-05-01,R_RET,2,False,False,2025-05-01T00:00:00+07:00,2025-05-01T23:00:00+07:00,SRC_TMD,True
20250501_LPT,2025-05-01,R_LPT,2,False,False,2025-05-01T00:00:00+07:00,2025-05-01T23:00:00+07:00,SRC_TMD,True
20250501_RYG,2025-05-01,R_RYG,2,False,False,2025-05-01T00:00:00+07:00,2025-05-01T23:00:00+07:00,SRC_TMD,True
20250502_CNX,2025-05-02,R_CNX,2,True,True,2025-05-02T00:00:00+07:00,2025-05-02T23:00:00+07:00,SRC_TMD,True
20250502_BKK,2025-05-02,R_BKK,1,True,False,2025-05-02T00:00:00+07:00,2025-05-02T23:00:00+07:00,SRC_TMD,True
20250502_KKC,2025-05-02,R_KKC,2,False,True,2025-05-02T00:00:00+07:00,2025-05-02T23:00:00+07:00,SRC_TMD,True
20250502_KSN,2025-05-02,R_KSN,3,True,True,2025-05-02T00:00:00+07:00,2025-05-02T23:00:00+07:00,SRC_TMD,True
20250502_SSK,2025-05-02,R_SSK,3,False,True,2025-05-02T00:00:00+07:00,2025-05-02T23:00:00+07:00,SRC_TMD,True
20250502_NMA,2025-05-02,R_NMA,2,False,False,2025-05-02T00:00:00+07:00,2025-05-02T23:00:00+07:00,SRC_TMD,True
20250502_UTH,2025-05-02,R_UTH,2,True,True,2025-05-02T00:00:00+07:00,2025-05-02T23:00:00+07:00,SRC_TMD,True
20250502_RET,2025-05-02,R_RET,2,True,True,2025-05-02T00:00:00+07:00,2025-05-02T23:00:00+07:00,SRC_TMD,True
20250502_LPT,2025-05-02,R_LPT,1,False,True,2025-05-02T00:00:00+07:00,2025-05-02T23:00:00+07:00,SRC_TMD,True
20250502_RYG,2025-05-02,R_RYG,2,False,False,2025-05-02T00:00:00+07:00,2025-05-02T23:00:00+07:00,SRC_TMD,True
20250503_CNX,2025-05-03,R_CNX,2,False,True,2025-05-03T00:00:00+07:00,2025-05-03T23:00:00+07:00,SRC_TMD,True
20250503_BKK,2025-05-03,R_BKK,1,True,False,2025-05-03T00:00:00+07:00,2025-05-03T23:00:00+07:00,SRC_TMD,True
20250503_KKC,2025-05-03,R_KKC,3,False,False,2025-05-03T00:00:00+07:00,2025-05-03T23:00:00+07:00,SRC_TMD,True
20250503_KSN,2025-05-03,R_KSN,2,False,False,2025-05-03T00:00:00+07:00,2025-05-03T23:00:00+07:00,SRC_TMD,True
20250503_SSK,2025-05-03,R_SSK,1,False,False,2025-05-03T00:00:00+07:00,2025-05-03T23:00:00+07:00,SRC_TMD,True
20250503_NMA,2025-05-03,R_NMA,3,False,False,2025-05-03T00:00:00+07:00,2025-05-03T23:00:00+07:00,SRC_TMD,True
20250503_UTH,2025-05-03,R_UTH,2,True,True,2025-05-03T00:00:00+07:00,2025-05-03T23:00:00+07:00,SRC_TMD,True
20250503_RET,2025-05-03,R_RET,2,True,False,2025-05-03T00:00:00+07:00,2025-05-03T23:00:00+07:00,SRC_TMD,True
20250503_LPT,2025-05-03,R_LPT,1,True,False,2025-05-03T00:00:00+07:00,2025-05-03T23:00:00+07:00,SRC_TMD,True
20250503_RYG,2025-05-03,R_RYG,1,True,False,2025-05-03T00:00:00+07:00,2025-05-03T23:00:00+07:00,SRC_TMD,True
20250504_CNX,2025-05-04,R_CNX,3,False,False,2025-05-04T00:00:00+07:00,2025-05-04T23:00:00+07:00,SRC_TMD,True
20250504_BKK,2025-05-04,R_BKK,3,False,False,2025-05-04T00:00:00+07:00,2025-05-04T23:00:00+07:00,SRC_TMD,True
20250504_KKC,2025-05-04,R_KKC,1,True,True,2025-05-04T00:00:00+07:00,2025-05-04T23:00:00+07:00,SRC_TMD,True
20250504_KSN,2025-05-04,R_KSN,3,False,False,2025-05-04T00:00:00+07:00,2025-05-04T23:00:00+07:00,SRC_TMD,True
20250504_SSK,2025-05-04,R_SSK,2,True,True,2025-05-04T00:00:00+07:00,2025-05-04T23:00:00+07:00,SRC_TMD,True
20250504_NMA,2025-05-04,R_NMA,2,False,False,2025-05-04T00:00:00+07:00,2025-05-04T23:00:00+07:00,SRC_TMD,True
20250504_UTH,2025-05-04,R_UTH,2,True,True,2025-05-04T00:00:00+07:00,2025-05-04T23:00:00+07:00,SRC_TMD,True
20250504_RET,2025-05-04,R_RET,2,True,False,2025-05-04T00:00:00+07:00,2025-05-04T23:00:00+07:00,SRC_TMD,True
20250504_LPT,2025-05-04,R_LPT,2,False,False,2025-05-04T00:00:00+07:00,2025-05-04T23:00:00+07:00,SRC_TMD,True
20250504_RYG,2025-05-04,R_RYG,3,True,True,2025-05-04T00:00:00+07:00,2025-05-04T23:00:00+07:00,SRC_TMD,True
20250505_CNX,2025-05-05,R_CNX,3,False,False,2025-05-05T00:00:00+07:00,2025-05-05T23:00:00+07:00,SRC_TMD,True
20250505_BKK,2025-05-05,R_BKK,1,True,True,2025-05-05T00:00:00+07:00,2025-05-05T23:00:00+07:00,SRC_TMD,True
20250505_KKC,2025-05-05,R_KKC,2,False,False,2025-05-05T00:00:00+07:00,2025-05-05T23:00:00+07:00,SRC_TMD,True
20250505_KSN,2025-05-05,R_KSN,1,False,False,2025-05-05T00:00:00+07:00,2025-05-05T23:00:00+07:00,SRC_TMD,True
20250505_SSK,2025-05-05,R_SSK,2,True,True,2025-05-05T00:00:00+07:00,2025-05-05T23:00:00+07:00,SRC_TMD,True
20250505_NMA,2025-05-05,R_NMA,2,False,False,2025-05-05T00:00:00+07:00,2025-05-05T23:00:00+07:00,SRC_TMD,True
20250505_UTH,2025-05-05,R_UTH,1,False,False,2025-05-05T00:00:00+07:00,2025-05-05T23:00:00+07:00,SRC_TMD,True
20250505_RET,2025-05-05,R_RET,3,True,True,2025-05-05T00:00:00+07:00,2025-05-05T23:00:00+07:00,SRC_TMD,True
20250505_LPT,2025-05-05,R_LPT,1,False,False,2025-05-05T00:00:00+07:00,2025-05-05T23:00:00+07:00,SRC_TMD,True
20250505_RYG,2025-05-05,R_RYG,2,True,True,2025-05-05T00:00:00+07:00,2025-05-05T23:00:00+07:00,SRC_TMD,True
20250506_CNX,2025-05-06,R_CNX,1,False,False,2025-05-06T00:00:00+07:00,2025-05-06T23:00:00+07:00,SRC_TMD,True
20250506_BKK,2025-05-06,R_BKK,2,False,False,2025-05-06T00:00:00+07:00,2025-05-06T23:00:00+07:00,SRC_TMD,True
20250506_KKC,2025-05-06,R_KKC,2,False,False,2025-05-06T00:00:00+07:00,2025-05-06T23:00:00+07:00,SRC_TMD,True
20250506_KSN,2025-05-06,R_KSN,2,True,True,2025-05-06T00:00:00+07:00,2025-05-06T23:00:00+07:00,SRC_TMD,True
20250506_SSK,2025-05-06,R_SSK,2,True,True,2025-05-06T00:00:00+07:00,2025-05-06T23:00:00+07:00,SRC_TMD,True
20250506_NMA,2025-05-06,R_NMA,2,False,False,2025-05-06T00:00:00+07:00,2025-05-06T23:00:00+07:00,SRC_TMD,True
20250506_UTH,2025-05-06,R_UTH,2,False,False,2025-05-06T00:00:00+07:00,2025-05-06T23:00:00+07:00,SRC_TMD,True
20250506_RET,2025-05-06,R_RET,2,False,False,2025-05-06T00:00:00+07:00,2025-05-06T23:00:00+07:00,SRC_TMD,True
20250506_LPT,2025-05-06,R_LPT,2,False,True,2025-05-06T00:00:00+07:00,2025-05-06T23:00:00+07:00,SRC_TMD,True
20250506_RYG,2025-05-06,R_RYG,2,False,False,2025-05-06T00:00:00+07:00,2025-05-06T23:00:00+07:00,SRC_TMD,True
20250507_CNX,2025-05-07,R_CNX,2,False,False,2025-05-07T00:00:00+07:00,2025-05-07T23:00:00+07:00,SRC_TMD,True
20250507_BKK,2025-05-07,R_BKK,2,False,False,2025-05-07T00:00:00+07:00,2025-05-07T23:00:00+07:00,SRC_TMD,True
20250507_KKC,2025-05-07,R_KKC,2,True,True,2025-05-07T00:00:00+07:00,2025-05-07T23:00:00+07:00,SRC_TMD,True
20250507_KSN,2025-05-07,R_KSN,2,False,False,2025-05-07T00:00:00+07:00,2025-05-07T23:00:00+07:00,SRC_TMD,True
20250507_SSK,2025-05-07,R_SSK,3,False,False,2025-05-07T00:00:00+07:00,2025-05-07T23:00:00+07:00,SRC_TMD,True
20250507_NMA,2025-05-07,R_NMA,2,True,True,2025-05-07T00:00:00+07:00,2025-05-07T23:00:00+07:00,SRC_TMD,True
20250507_UTH,2025-05-07,R_UTH,1,False,False,2025-05-07T00:00:00+07:00,2025-05-07T23:00:00+07:00,SRC_TMD,True
20250507_RET,2025-05-07,R_RET,3,True,False,2025-05-07T00:00:00+07:00,2025-05-07T23:00:00+07:00,SRC_TMD,True
20250507_LPT,2025-05-07,R_LPT,2,False,False,2025-05-07T00:00:00+07:00,2025-05-07T23:00:00+07:00,SRC_TMD,True
20250507_RYG,2025-05-07,R_RYG,2,True,False,2025-05-07T00:00:00+07:00,2025-05-07T23:00:00+07:00,SRC_TMD,True
20250508_CNX,2025-05-08,R_CNX,2,False,False,2025-05-08T00:00:00+07:00,2025-05-08T23:00:00+07:00,SRC_TMD,True
20250508_BKK,2025-05-08,R_BKK,2,False,False,2025-05-08T00:00:00+07:00,2025-05-08T23:00:00+07:00,SRC_TMD,True
20250508_KKC,2025-05-08,R_KKC,3,True,True,2025-05-08T00:00:00+07:00,2025-05-08T23:00:00+07:00,SRC_TMD,True
20250508_KSN,2025-05-08,R_KSN,2,False,False,2025-05-08T00:00:00+07:00,2025-05-08T23:00:00+07:00,SRC_TMD,True
20250508_SSK,2025-05-08,R_SSK,2,False,False,2025-05-08T00:00:00+07:00,2025-05-08T23:00:00+07:00,SRC_TMD,True
20250508_NMA,2025-05-08,R_NMA,2,False,False,2025-05-08T00:00:00+07:00,2025-05-08T23:00:00+07:00,SRC_TMD,True
20250508_UTH,2025-05-08,R_UTH,2,True,True,2025-05-08T00:00:00+07:00,2025-05-08T23:00:00+07:00,SRC_TMD,True
20250508_RET,2025-05-08,R_RET,3,True,True,2025-05-08T00:00:00+07:00,2025-05-08T23:00:00+07:00,SRC_TMD,True
20250508_LPT,2025-05-08,R_LPT,1,False,False,2025-05-08T00:00:00+07:00,2025-05-08T23:00:00+07:00,SRC_TMD,True
20250508_RYG,2025-05-08,R_RYG,2,False,False,2025-05-08T00:00:00+07:00,2025-05-08T23:00:00+07:00,SRC_TMD,True
20250509_CNX,2025-05-09,R_CNX,2,False,False,2025-05-09T00:00:00+07:00,2025-05-09T23:00:00+07:00,SRC_TMD,True
20250509_BKK,2025-05-09,R_BKK,1,True,True,2025-05-09T00:00:00+07:00,2025-05-09T23:00:00+07:00,SRC_TMD,True
20250509_KKC,2025-05-09,R_KKC,2,True,False,2025-05-09T00:00:00+07:00,2025-05-09T23:00:00+07:00,SRC_TMD,True
20250509_KSN,2025-05-09,R_KSN,3,False,False,2025-05-09T00:00:00+07:00,2025-05-09T23:00:00+07:00,SRC_TMD,True
20250509_SSK,2025-05-09,R_SSK,3,True,True,2025-05-09T00:00:00+07:00,2025-05-09T23:00:00+07:00,SRC_TMD,True
20250509_NMA,2025-05-09,R_NMA,2,True,True,2025-05-09T00:00:00+07:00,2025-05-09T23:00:00+07:00,SRC_TMD,True
20250509_UTH,2025-05-09,R_UTH,2,True,True,2025-05-09T00:00:00+07:00,2025-05-09T23:00:00+07:00,SRC_TMD,True
20250509_RET,2025-05-09,R_RET,2,True,True,2025-05-09T00:00:00+07:00,2025-05-09T23:00:00+07:00,SRC_TMD,True
20250509_LPT,2025-05-09,R_LPT,3,False,False,2025-05-09T00:00:00+07:00,2025-05-09T23:00:00+07:00,SRC_TMD,True
20250509_RYG,2025-05-09,R_RYG,2,False,False,2025-05-09T00:00:00+07:00,2025-05-09T23:00:00+07:00,SRC_TMD,True
20250510_CNX,2025-05-10,R_CNX,2,True,True,2025-05-10T00:00:00+07:00,2025-05-10T23:00:00+07:00,SRC_TMD,True
20250510_BKK,2025-05-10,R_BKK,3,True,True,2025-05-10T00:00:00+07:00,2025-05-10T23:00:00+07:00,SRC_TMD,True
20250510_KKC,2025-05-10,R_KKC,1,True,False,2025-05-10T00:00:00+07:00,2025-05-10T23:00:00+07:00,SRC_TMD,True
20250510_KSN,2025-05-10,R_KSN,2,False,False,2025-05-10T00:00:00+07:00,2025-05-10T23:00:00+07:00,SRC_TMD,True
20250510_SSK,2025-05-10,R_SSK,2,False,False,2025-05-10T00:00:00+07:00,2025-05-10T23:00:00+07:00,SRC_TMD,True
20250510_NMA,2025-05-10,R_NMA,2,True,True,2025-05-10T00:00:00+07:00,2025-05-10T23:00:00+07:00,SRC_TMD,True
20250510_UTH,2025-05-10,R_UTH,3,False,False,2025-05-10T00:00:00+07:00,2025-05-10T23:00:00+07:00,SRC_TMD,True
20250510_RET,2025-05-10,R_RET,1,False,False,2025-05-10T00:00:00+07:00,2025-05-10T23:00:00+07:00,SRC_TMD,True
20250510_LPT,2025-05-10,R_LPT,2,False,False,2025-05-10T00:00:00+07:00,2025-05-10T23:00:00+07:00,SRC_TMD,True
20250510_RYG,2025-05-10,R_RYG,1,False,False,2025-05-10T00:00:00+07:00,2025-05-10T23:00:00+07:00,SRC_TMD,True
20250511_CNX,2025-05-11,R_CNX,2,True,True,2025-05-11T00:00:00+07:00,2025-05-11T23:00:00+07:00,SRC_TMD,True
20250511_BKK,2025-05-11,R_BKK,1,True,True,2025-05-11T00:00:00+07:00,2025-05-11T23:00:00+07:00,SRC_TMD,True
20250511_KKC,2025-05-11,R_KKC,2,True,True,2025-05-11T00:00:00+07:00,2025-05-11T23:00:00+07:00,SRC_TMD,True
20250511_KSN,2025-05-11,R_KSN,3,True,True,2025-05-11T00:00:00+07:00,2025-05-11T23:00:00+07:00,SRC_TMD,True
20250511_SSK,2025-05-11,R_SSK,2,False,False,2025-05-11T00:00:00+07:00,2025-05-11T23:00:00+07:00,SRC_TMD,True
20250511_NMA,2025-05-11,R_NMA,2,True,True,2025-05-11T00:00:00+07:00,2025-05-11T23:00:00+07:00,SRC_TMD,True
20250511_UTH,2025-05-11,R_UTH,2,True,True,2025-05-11T00:00:00+07:00,2025-05-11T23:00:00+07:00,SRC_TMD,True
20250511_RET,2025-05-11,R_RET,1,False,False,2025-05-11T00:00:00+07:00,2025-05-11T23:00:00+07:00,SRC_TMD,True
20250511_LPT,2025-05-11,R_LPT,2,False,False,2025-05-11T00:00:00+07:00,2025-05-11T23:00:00+07:00,SRC_TMD,True
20250511_RYG,2025-05-11,R_RYG,2,False,False,2025-05-11T00:00:00+07:00,2025-05-11T23:00:00+07:00,SRC_TMD,True
20250512_CNX,2025-05-12,R_CNX,2,False,False,2025-05-12T00:00:00+07:00,2025-05-12T23:00:00+07:00,SRC_TMD,True
20250512_BKK,2025-05-12,R_BKK,3,True,False,2025-05-12T00:00:00+07:00,2025-05-12T23:00:00+07:00,SRC_TMD,True
20250512_KKC,2025-05-12,R_KKC,2,False,False,2025-05-12T00:00:00+07:00,2025-05-12T23:00:00+07:00,SRC_TMD,True
20250512_KSN,2025-05-12,R_KSN,3,False,False,2025-05-12T00:00:00+07:00,2025-05-12T23:00:00+07:00,SRC_TMD,True
20250512_SSK,2025-05-12,R_SSK,2,False,False,2025-05-12T00:00:00+07:00,2025-05-12T23:00:00+07:00,SRC_TMD,True
20250512_NMA,2025-05-12,R_NMA,2,True,True,2025-05-12T00:00:00+07:00,2025-05-12T23:00:00+07:00,SRC_TMD,True
20250512_UTH,2025-05-12,R_UTH,2,True,False,2025-05-12T00:00:00+07:00,2025-05-12T23:00:00+07:00,SRC_TMD,True
20250512_RET,2025-05-12,R_RET,1,True,True,2025-05-12T00:00:00+07:00,2025-05-12T23:00:00+07:00,SRC_TMD,True
20250512_LPT,2025-05-12,R_LPT,1,True,True,2025-05-12T00:00:00+07:00,2025-05-12T23:00:00+07:00,SRC_TMD,True
20250512_RYG,2025-05-12,R_RYG,2,True,True,2025-05-12T00:00:00+07:00,2025-05-12T23:00:00+07:00,SRC_TMD,True
20250513_CNX,2025-05-13,R_CNX,3,True,True,2025-05-13T00:00:00+07:00,2025-05-13T23:00:00+07:00,SRC_TMD,True
20250513_BKK,2025-05-13,R_BKK,2,False,False,2025-05-13T00:00:00+07:00,2025-05-13T23:00:00+07:00,SRC_TMD,True
20250513_KKC,2025-05-13,R_KKC,1,True,False,2025-05-13T00:00:00+07:00,2025-05-13T23:00:00+07:00,SRC_TMD,True
20250513_KSN,2025-05-13,R_KSN,1,False,False,2025-05-13T00:00:00+07:00,2025-05-13T23:00:00+07:00,SRC_TMD,True
20250513_SSK,2025-05-13,R_SSK,3,False,False,2025-05-13T00:00:00+07:00,2025-05-13T23:00:00+07:00,SRC_TMD,True
20250513_NMA,2025-05-13,R_NMA,2,False,False,2025-05-13T00:00:00+07:00,2025-05-13T23:00:00+07:00,SRC_TMD,True
20250513_UTH,2025-05-13,R_UTH,1,True,True,2025-05-13T00:00:00+07:00,2025-05-13T23:00:00+07:00,SRC_TMD,True
20250513_RET,2025-05-13,R_RET,2,False,False,2025-05-13T00:00:00+07:00,2025-05-13T23:00:00+07:00,SRC_TMD,True
20250513_LPT,2025-05-13,R_LPT,3,False,False,2025-05-13T00:00:00+07:00,2025-05-13T23:00:00+07:00,SRC_TMD,True
20250513_RYG,2025-05-13,R_RYG,2,False,False,2025-05-13T00:00:00+07:00,2025-05-13T23:00:00+07:00,SRC_TMD,True
20250514_CNX,2025-05-14,R_CNX,2,True,True,2025-05-14T00:00:00+07:00,2025-05-14T23:00:00+07:00,SRC_TMD,True
20250514_BKK,2025-05-14,R_BKK,2,True,True,2025-05-14T00:00:00+07:00,2025-05-14T23:00:00+07:00,SRC_TMD,True
20250514_KKC,2025-05-14,R_KKC,2,True,False,2025-05-14T00:00:00+07:00,2025-05-14T23:00:00+07:00,SRC_TMD,True
20250514_KSN,2025-05-14,R_KSN,2,True,True,2025-05-14T00:00:00+07:00,2025-05-14T23:00:00+07:00,SRC_TMD,True
20250514_SSK,2025-05-14,R_SSK,2,False,False,2025-05-14T00:00:00+07:00,2025-05-14T23:00:00+07:00,SRC_TMD,True
20250514_NMA,2025-05-14,R_NMA,1,True,True,2025-05-14T00:00:00+07:00,2025-05-14T23:00:00+07:00,SRC_TMD,True
20250514_UTH,2025-05-14,R_UTH,2,False,False,2025-05-14T00:00:00+07:00,2025-05-14T23:00:00+07:00,SRC_TMD,True
20250514_RET,2025-05-14,R_RET,2,False,False,2025-05-14T00:00:00+07:00,2025-05-14T23:00:00+07:00,SRC_TMD,True
20250514_LPT,2025-05-14,R_LPT,2,True,False,2025-05-14T00:00:00+07:00,2025-05-14T23:00:00+07:00,SRC_TMD,True
20250514_RYG,2025-05-14,R_RYG,3,False,False,2025-05-14T00:00:00+07:00,2025-05-14T23:00:00+07:00,SRC_TMD,True
20250515_CNX,2025-05-15,R_CNX,2,False,False,2025-05-15T00:00:00+07:00,2025-05-15T23:00:00+07:00,SRC_TMD,True
20250515_BKK,2025-05-15,R_BKK,2,False,False,2025-05-15T00:00:00+07:00,2025-05-15T23:00:00+07:00,SRC_TMD,True
20250515_KKC,2025-05-15,R_KKC,3,False,False,2025-05-15T00:00:00+07:00,2025-05-15T23:00:00+07:00,SRC_TMD,True
20250515_KSN,2025-05-15,R_KSN,2,False,False,2025-05-15T00:00:00+07:00,2025-05-15T23:00:00+07:00,SRC_TMD,True
20250515_SSK,2025-05-15,R_SSK,2,False,False,2025-05-15T00:00:00+07:00,2025-05-15T23:00:00+07:00,SRC_TMD,True
20250515_NMA,2025-05-15,R_NMA,2,False,False,2025-05-15T00:00:00+07:00,2025-05-15T23:00:00+07:00,SRC_TMD,True
20250515_UTH,2025-05-15,R_UTH,2,True,True,2025-05-15T00:00:00+07:00,2025-05-15T23:00:00+07:00,SRC_TMD,True
20250515_RET,2025-05-15,R_RET,2,True,False,2025-05-15T00:00:00+07:00,2025-05-15T23:00:00+07:00,SRC_TMD,True
20250515_LPT,2025-05-15,R_LPT,1,False,False,2025-05-15T00:00:00+07:00,2025-05-15T23:00:00+07:00,SRC_TMD,True
20250515_RYG,2025-05-15,R_RYG,1,True,True,2025-05-15T00:00:00+07:00,2025-05-15T23:00:00+07:00,SRC_TMD,True
20250516_CNX,2025-05-16,R_CNX,2,True,True,2025-05-16T00:00:00+07:00,2025-05-16T23:00:00+07:00,SRC_TMD,True
20250516_BKK,2025-05-16,R_BKK,2,True,True,2025-05-16T00:00:00+07:00,2025-05-16T23:00:00+07:00,SRC_TMD,True
20250516_KKC,2025-05-16,R_KKC,2,False,False,2025-05-16T00:00:00+07:00,2025-05-16T23:00:00+07:00,SRC_TMD,True
20250516_KSN,2025-05-16,R_KSN,1,False,False,2025-05-16T00:00:00+07:00,2025-05-16T23:00:00+07:00,SRC_TMD,True
20250516_SSK,2025-05-16,R_SSK,1,True,True,2025-05-16T00:00:00+07:00,2025-05-16T23:00:00+07:00,SRC_TMD,True
20250516_NMA,2025-05-16,R_NMA,2,True,False,2025-05-16T00:00:00+07:00,2025-05-16T23:00:00+07:00,SRC_TMD,True
20250516_UTH,2025-05-16,R_UTH,2,True,True,2025-05-16T00:00:00+07:00,2025-05-16T23:00:00+07:00,SRC_TMD,True
20250516_RET,2025-05-16,R_RET,2,False,False,2025-05-16T00:00:00+07:00,2025-05-16T23:00:00+07:00,SRC_TMD,True
20250516_LPT,2025-05-16,R_LPT,3,False,True,2025-05-16T00:00:00+07:00,2025-05-16T23:00:00+07:00,SRC_TMD,True
20250516_RYG,2025-05-16,R_RYG,2,False,False,2025-05-16T00:00:00+07:00,2025-05-16T23:00:00+07:00,SRC_TMD,True
20250517_CNX,2025-05-17,R_CNX,2,False,False,2025-05-17T00:00:00+07:00,2025-05-17T23:00:00+07:00,SRC_TMD,True
20250517_BKK,2025-05-17,R_BKK,3,True,False,2025-05-17T00:00:00+07:00,2025-05-17T23:00:00+07:00,SRC_TMD,True
20250517_KKC,2025-05-17,R_KKC,3,True,True,2025-05-17T00:00:00+07:00,2025-05-17T23:00:00+07:00,SRC_TMD,True
20250517_KSN,2025-05-17,R_KSN,1,True,True,2025-05-17T00:00:00+07:00,2025-05-17T23:00:00+07:00,SRC_TMD,True
20250517_SSK,2025-05-17,R_SSK,3,False,False,2025-05-17T00:00:00+07:00,2025-05-17T23:00:00+07:00,SRC_TMD,True
20250517_NMA,2025-05-17,R_NMA,3,False,False,2025-05-17T00:00:00+07:00,2025-05-17T23:00:00+07:00,SRC_TMD,True
20250517_UTH,2025-05-17,R_UTH,2,False,False,2025-05-17T00:00:00+07:00,2025-05-17T23:00:00+07:00,SRC_TMD,True
20250517_RET,2025-05-17,R_RET,2,True,True,2025-05-17T00:00:00+07:00,2025-05-17T23:00:00+07:00,SRC_TMD,True
20250517_LPT,2025-05-17,R_LPT,3,True,False,2025-05-17T00:00:00+07:00,2025-05-17T23:00:00+07:00,SRC_TMD,True
20250517_RYG,2025-05-17,R_RYG,3,True,True,2025-05-17T00:00:00+07:00,2025-05-17T23:00:00+07:00,SRC_TMD,True
20250518_CNX,2025-05-18,R_CNX,3,False,False,2025-05-18T00:00:00+07:00,2025-05-18T23:00:00+07:00,SRC_TMD,True
20250518_BKK,2025-05-18,R_BKK,2,False,False,2025-05-18T00:00:00+07:00,2025-05-18T23:00:00+07:00,SRC_TMD,True
20250518_KKC,2025-05-18,R_KKC,2,False,False,2025-05-18T00:00:00+07:00,2025-05-18T23:00:00+07:00,SRC_TMD,True
20250518_KSN,2025-05-18,R_KSN,2,True,False,2025-05-18T00:00:00+07:00,2025-05-18T23:00:00+07:00,SRC_TMD,True
20250518_SSK,2025-05-18,R_SSK,1,False,False,2025-05-18T00:00:00+07:00,2025-05-18T23:00:00+07:00,SRC_TMD,True
20250518_NMA,2025-05-18,R_NMA,2,True,False,2025-05-18T00:00:00+07:00,2025-05-18T23:00:00+07:00,SRC_TMD,True
20250518_UTH,2025-05-18,R_UTH,1,True,False,2025-05-18T00:00:00+07:00,2025-05-18T23:00:00+07:00,SRC_TMD,True
20250518_RET,2025-05-18,R_RET,1,False,False,2025-05-18T00:00:00+07:00,2025-05-18T23:00:00+07:00,SRC_TMD,True
20250518_LPT,2025-05-18,R_LPT,2,False,False,2025-05-18T00:00:00+07:00,2025-05-18T23:00:00+07:00,SRC_TMD,True
20250518_RYG,2025-05-18,R_RYG,1,True,False,2025-05-18T00:00:00+07:00,2025-05-18T23:00:00+07:00,SRC_TMD,True
20250519_CNX,2025-05-19,R_CNX,2,False,False,2025-05-19T00:00:00+07:00,2025-05-19T23:00:00+07:00,SRC_TMD,True
20250519_BKK,2025-05-19,R_BKK,1,False,False,2025-05-19T00:00:00+07:00,2025-05-19T23:00:00+07:00,SRC_TMD,True
20250519_KKC,2025-05-19,R_KKC,1,False,False,2025-05-19T00:00:00+07:00,2025-05-19T23:00:00+07:00,SRC_TMD,True
20250519_KSN,2025-05-19,R_KSN,2,False,False,2025-05-19T00:00:00+07:00,2025-05-19T23:00:00+07:00,SRC_TMD,True
20250519_SSK,2025-05-19,R_SSK,2,False,False,2025-05-19T00:00:00+07:00,2025-05-19T23:00:00+07:00,SRC_TMD,True
20250519_NMA,2025-05-19,R_NMA,2,False,False,2025-05-19T00:00:00+07:00,2025-05-19T23:00:00+07:00,SRC_TMD,True
20250519_UTH,2025-05-19,R_UTH,3,False,False,2025-05-19T00:00:00+07:00,2025-05-19T23:00:00+07:00,SRC_TMD,True
20250519_RET,2025-05-19,R_RET,2,False,False,2025-05-19T00:00:00+07:00,2025-05-19T23:00:00+07:00,SRC_TMD,True
20250519_LPT,2025-05-19,R_LPT,2,False,False,2025-05-19T00:00:00+07:00,2025-05-19T23:00:00+07:00,SRC_TMD,True
20250519_RYG,2025-05-19,R_RYG,3,True,True,2025-05-19T00:00:00+07:00,2025-05-19T23:00:00+07:00,SRC_TMD,True
20250520_CNX,2025-05-20,R_CNX,2,False,True,2025-05-20T00:00:00+07:00,2025-05-20T23:00:00+07:00,SRC_TMD,True
20250520_BKK,2025-05-20,R_BKK,2,False,False,2025-05-20T00:00:00+07:00,2025-05-20T23:00:00+07:00,SRC_TMD,True
20250520_KKC,2025-05-20,R_KKC,1,False,False,2025-05-20T00:00:00+07:00,2025-05-20T23:00:00+07:00,SRC_TMD,True
20250520_KSN,2025-05-20,R_KSN,3,False,False,2025-05-20T00:00:00+07:00,2025-05-20T23:00:00+07:00,SRC_TMD,True
20250520_SSK,2025-05-20,R_SSK,1,False,False,2025-05-20T00:00:00+07:00,2025-05-20T23:00:00+07:00,SRC_TMD,True
20250520_NMA,2025-05-20,R_NMA,1,False,False,2025-05-20T00:00:00+07:00,2025-05-20T23:00:00+07:00,SRC_TMD,True
20250520_UTH,2025-05-20,R_UTH,2,False,False,2025-05-20T00:00:00+07:00,2025-05-20T23:00:00+07:00,SRC_TMD,True
20250520_RET,2025-05-20,R_RET,1,True,True,2025-05-20T00:00:00+07:00,2025-05-20T23:00:00+07:00,SRC_TMD,True
20250520_LPT,2025-05-20,R_LPT,3,False,False,2025-05-20T00:00:00+07:00,2025-05-20T23:00:00+07:00,SRC_TMD,True
20250520_RYG,2025-05-20,R_RYG,3,True,True,2025-05-20T00:00:00+07:00,2025-05-20T23:00:00+07:00,SRC_TMD,True
20250521_CNX,2025-05-21,R_CNX,3,False,False,2025-05-21T00:00:00+07:00,2025-05-21T23:00:00+07:00,SRC_TMD,True
20250521_BKK,2025-05-21,R_BKK,1,False,False,2025-05-21T00:00:00+07:00,2025-05-21T23:00:00+07:00,SRC_TMD,True
20250521_KKC,2025-05-21,R_KKC,2,False,False,2025-05-21T00:00:00+07:00,2025-05-21T23:00:00+07:00,SRC_TMD,True
20250521_KSN,2025-05-21,R_KSN,2,False,True,2025-05-21T00:00:00+07:00,2025-05-21T23:00:00+07:00,SRC_TMD,True
20250521_SSK,2025-05-21,R_SSK,1,True,True,2025-05-21T00:00:00+07:00,2025-05-21T23:00:00+07:00,SRC_TMD,True
20250521_NMA,2025-05-21,R_NMA,1,False,False,2025-05-21T00:00:00+07:00,2025-05-21T23:00:00+07:00,SRC_TMD,True
20250521_UTH,2025-05-21,R_UTH,1,False,False,2025-05-21T00:00:00+07:00,2025-05-21T23:00:00+07:00,SRC_TMD,True
20250521_RET,2025-05-21,R_RET,2,False,False,2025-05-21T00:00:00+07:00,2025-05-21T23:00:00+07:00,SRC_TMD,True
20250521_LPT,2025-05-21,R_LPT,2,False,False,2025-05-21T00:00:00+07:00,2025-05-21T23:00:00+07:00,SRC_TMD,True
20250521_RYG,2025-05-21,R_RYG,1,False,False,2025-05-21T00:00:00+07:00,2025-05-21T23:00:00+07:00,SRC_TMD,True
20250522_CNX,2025-05-22,R_CNX,2,False,False,2025-05-22T00:00:00+07:00,2025-05-22T23:00:00+07:00,SRC_TMD,True
20250522_BKK,2025-05-22,R_BKK,1,False,True,2025-05-22T00:00:00+07:00,2025-05-22T23:00:00+07:00,SRC_TMD,True
20250522_KKC,2025-05-22,R_KKC,2,False,False,2025-05-22T00:00:00+07:00,2025-05-22T23:00:00+07:00,SRC_TMD,True
20250522_KSN,2025-05-22,R_KSN,2,True,False,2025-05-22T00:00:00+07:00,2025-05-22T23:00:00+07:00,SRC_TMD,True
20250522_SSK,2025-05-22,R_SSK,1,False,True,2025-05-22T00:00:00+07:00,2025-05-22T23:00:00+07:00,SRC_TMD,True
20250522_NMA,2025-05-22,R_NMA,3,False,False,2025-05-22T00:00:00+07:00,2025-05-22T23:00:00+07:00,SRC_TMD,True
20250522_UTH,2025-05-22,R_UTH,2,False,False,2025-05-22T00:00:00+07:00,2025-05-22T23:00:00+07:00,SRC_TMD,True
20250522_RET,2025-05-22,R_RET,2,False,False,2025-05-22T00:00:00+07:00,2025-05-22T23:00:00+07:00,SRC_TMD,True
20250522_LPT,2025-05-22,R_LPT,3,False,False,2025-05-22T00:00:00+07:00,2025-05-22T23:00:00+07:00,SRC_TMD,True
20250522_RYG,2025-05-22,R_RYG,3,True,True,2025-05-22T00:00:00+07:00,2025-05-22T23:00:00+07:00,SRC_TMD,True
20250523_CNX,2025-05-23,R_CNX,2,True,False,2025-05-23T00:00:00+07:00,2025-05-23T23:00:00+07:00,SRC_TMD,True
20250523_BKK,2025-05-23,R_BKK,3,False,False,2025-05-23T00:00:00+07:00,2025-05-23T23:00:00+07:00,SRC_TMD,True
20250523_KKC,2025-05-23,R_KKC,2,True,True,2025-05-23T00:00:00+07:00,2025-05-23T23:00:00+07:00,SRC_TMD,True
20250523_KSN,2025-05-23,R_KSN,2,False,False,2025-05-23T00:00:00+07:00,2025-05-23T23:00:00+07:00,SRC_TMD,True
20250523_SSK,2025-05-23,R_SSK,2,False,False,2025-05-23T00:00:00+07:00,2025-05-23T23:00:00+07:00,SRC_TMD,True
20250523_NMA,2025-05-23,R_NMA,3,False,False,2025-05-23T00:00:00+07:00,2025-05-23T23:00:00+07:00,SRC_TMD,True
20250523_UTH,2025-05-23,R_UTH,1,False,False,2025-05-23T00:00:00+07:00,2025-05-23T23:00:00+07:00,SRC_TMD,True
20250523_RET,2025-05-23,R_RET,1,False,False,2025-05-23T00:00:00+07:00,2025-05-23T23:00:00+07:00,SRC_TMD,True
20250523_LPT,2025-05-23,R_LPT,2,False,False,2025-05-23T00:00:00+07:00,2025-05-23T23:00:00+07:00,SRC_TMD,True
20250523_RYG,2025-05-23,R_RYG,3,True,True,2025-05-23T00:00:00+07:00,2025-05-23T23:00:00+07:00,SRC_TMD,True
20250524_CNX,2025-05-24,R_CNX,2,True,True,2025-05-24T00:00:00+07:00,2025-05-24T23:00:00+07:00,SRC_TMD,True
20250524_BKK,2025-05-24,R_BKK,1,False,False,2025-05-24T00:00:00+07:00,2025-05-24T23:00:00+07:00,SRC_TMD,True
20250524_KKC,2025-05-24,R_KKC,2,False,False,2025-05-24T00:00:00+07:00,2025-05-24T23:00:00+07:00,SRC_TMD,True
20250524_KSN,2025-05-24,R_KSN,1,True,False,2025-05-24T00:00:00+07:00,2025-05-24T23:00:00+07:00,SRC_TMD,True
20250524_SSK,2025-05-24,R_SSK,1,True,True,2025-05-24T00:00:00+07:00,2025-05-24T23:00:00+07:00,SRC_TMD,True
20250524_NMA,2025-05-24,R_NMA,2,False,False,2025-05-24T00:00:00+07:00,2025-05-24T23:00:00+07:00,SRC_TMD,True
20250524_UTH,2025-05-24,R_UTH,3,False,False,2025-05-24T00:00:00+07:00,2025-05-24T23:00:00+07:00,SRC_TMD,True
20250524_RET,2025-05-24,R_RET,1,False,False,2025-05-24T00:00:00+07:00,2025-05-24T23:00:00+07:00,SRC_TMD,True
20250524_LPT,2025-05-24,R_LPT,2,False,False,2025-05-24T00:00:00+07:00,2025-05-24T23:00:00+07:00,SRC_TMD,True
20250524_RYG,2025-05-24,R_RYG,2,False,False,2025-05-24T00:00:00+07:00,2025-05-24T23:00:00+07:00,SRC_TMD,True
20250525_CNX,2025-05-25,R_CNX,2,False,False,2025-05-25T00:00:00+07:00,2025-05-25T23:00:00+07:00,SRC_TMD,True
20250525_BKK,2025-05-25,R_BKK,2,False,False,2025-05-25T00:00:00+07:00,2025-05-25T23:00:00+07:00,SRC_TMD,True
20250525_KKC,2025-05-25,R_KKC,2,True,True,2025-05-25T00:00:00+07:00,2025-05-25T23:00:00+07:00,SRC_TMD,True
20250525_KSN,2025-05-25,R_KSN,2,False,True,2025-05-25T00:00:00+07:00,2025-05-25T23:00:00+07:00,SRC_TMD,True
20250525_SSK,2025-05-25,R_SSK,1,False,False,2025-05-25T00:00:00+07:00,2025-05-25T23:00:00+07:00,SRC_TMD,True
20250525_NMA,2025-05-25,R_NMA,1,False,False,2025-05-25T00:00:00+07:00,2025-05-25T23:00:00+07:00,SRC_TMD,True
20250525_UTH,2025-05-25,R_UTH,2,False,False,2025-05-25T00:00:00+07:00,2025-05-25T23:00:00+07:00,SRC_TMD,True
20250525_RET,2025-05-25,R_RET,2,True,False,2025-05-25T00:00:00+07:00,2025-05-25T23:00:00+07:00,SRC_TMD,True
20250525_LPT,2025-05-25,R_LPT,3,False,False,2025-05-25T00:00:00+07:00,2025-05-25T23:00:00+07:00,SRC_TMD,True
20250525_RYG,2025-05-25,R_RYG,2,False,False,2025-05-25T00:00:00+07:00,2025-05-25T23:00:00+07:00,SRC_TMD,True
20250526_CNX,2025-05-26,R_CNX,2,False,False,2025-05-26T00:00:00+07:00,2025-05-26T23:00:00+07:00,SRC_TMD,True
20250526_BKK,2025-05-26,R_BKK,2,False,False,2025-05-26T00:00:00+07:00,2025-05-26T23:00:00+07:00,SRC_TMD,True
20250526_KKC,2025-05-26,R_KKC,2,True,False,2025-05-26T00:00:00+07:00,2025-05-26T23:00:00+07:00,SRC_TMD,True
20250526_KSN,2025-05-26,R_KSN,2,True,False,2025-05-26T00:00:00+07:00,2025-05-26T23:00:00+07:00,SRC_TMD,True
20250526_SSK,2025-05-26,R_SSK,2,False,False,2025-05-26T00:00:00+07:00,2025-05-26T23:00:00+07:00,SRC_TMD,True
20250526_NMA,2025-05-26,R_NMA,2,True,True,2025-05-26T00:00:00+07:00,2025-05-26T23:00:00+07:00,SRC_TMD,True
20250526_UTH,2025-05-26,R_UTH,2,True,True,2025-05-26T00:00:00+07:00,2025-05-26T23:00:00+07:00,SRC_TMD,True
20250526_RET,2025-05-26,R_RET,3,True,False,2025-05-26T00:00:00+07:00,2025-05-26T23:00:00+07:00,SRC_TMD,True
20250526_LPT,2025-05-26,R_LPT,2,False,False,2025-05-26T00:00:00+07:00,2025-05-26T23:00:00+07:00,SRC_TMD,True
20250526_RYG,2025-05-26,R_RYG,3,True,True,2025-05-26T00:00:00+07:00,2025-05-26T23:00:00+07:00,SRC_TMD,True
20250527_CNX,2025-05-27,R_CNX,1,False,False,2025-05-27T00:00:00+07:00,2025-05-27T23:00:00+07:00,SRC_TMD,True
20250527_BKK,2025-05-27,R_BKK,2,False,False,2025-05-27T00:00:00+07:00,2025-05-27T23:00:00+07:00,SRC_TMD,True
20250527_KKC,2025-05-27,R_KKC,2,True,True,2025-05-27T00:00:00+07:00,2025-05-27T23:00:00+07:00,SRC_TMD,True
20250527_KSN,2025-05-27,R_KSN,2,False,True,2025-05-27T00:00:00+07:00,2025-05-27T23:00:00+07:00,SRC_TMD,True
20250527_SSK,2025-05-27,R_SSK,2,False,False,2025-05-27T00:00:00+07:00,2025-05-27T23:00:00+07:00,SRC_TMD,True
20250527_NMA,2025-05-27,R_NMA,2,True,True,2025-05-27T00:00:00+07:00,2025-05-27T23:00:00+07:00,SRC_TMD,True
20250527_UTH,2025-05-27,R_UTH,2,False,False,2025-05-27T00:00:00+07:00,2025-05-27T23:00:00+07:00,SRC_TMD,True
20250527_RET,2025-05-27,R_RET,2,False,False,2025-05-27T00:00:00+07:00,2025-05-27T23:00:00+07:00,SRC_TMD,True
20250527_LPT,2025-05-27,R_LPT,2,True,True,2025-05-27T00:00:00+07:00,2025-05-27T23:00:00+07:00,SRC_TMD,True
20250527_RYG,2025-05-27,R_RYG,2,False,False,2025-05-27T00:00:00+07:00,2025-05-27T23:00:00+07:00,SRC_TMD,True
20250528_CNX,2025-05-28,R_CNX,2,False,False,2025-05-28T00:00:00+07:00,2025-05-28T23:00:00+07:00,SRC_TMD,True
20250528_BKK,2025-05-28,R_BKK,3,False,False,2025-05-28T00:00:00+07:00,2025-05-28T23:00:00+07:00,SRC_TMD,True
20250528_KKC,2025-05-28,R_KKC,3,False,False,2025-05-28T00:00:00+07:00,2025-05-28T23:00:00+07:00,SRC_TMD,True
20250528_KSN,2025-05-28,R_KSN,2,False,False,2025-05-28T00:00:00+07:00,2025-05-28T23:00:00+07:00,SRC_TMD,True
20250528_SSK,2025-05-28,R_SSK,2,True,True,2025-05-28T00:00:00+07:00,2025-05-28T23:00:00+07:00,SRC_TMD,True
20250528_NMA,2025-05-28,R_NMA,2,True,True,2025-05-28T00:00:00+07:00,2025-05-28T23:00:00+07:00,SRC_TMD,True
20250528_UTH,2025-05-28,R_UTH,1,False,False,2025-05-28T00:00:00+07:00,2025-05-28T23:00:00+07:00,SRC_TMD,True
20250528_RET,2025-05-28,R_RET,2,False,False,2025-05-28T00:00:00+07:00,2025-05-28T23:00:00+07:00,SRC_TMD,True
20250528_LPT,2025-05-28,R_LPT,2,False,False,2025-05-28T00:00:00+07:00,2025-05-28T23:00:00+07:00,SRC_TMD,True
20250528_RYG,2025-05-28,R_RYG,2,True,True,2025-05-28T00:00:00+07:00,2025-05-28T23:00:00+07:00,SRC_TMD,True
20250529_CNX,2025-05-29,R_CNX,3,True,False,2025-05-29T00:00:00+07:00,2025-05-29T23:00:00+07:00,SRC_TMD,True
20250529_BKK,2025-05-29,R_BKK,2,True,True,2025-05-29T00:00:00+07:00,2025-05-29T23:00:00+07:00,SRC_TMD,True
20250529_KKC,2025-05-29,R_KKC,3,False,False,2025-05-29T00:00:00+07:00,2025-05-29T23:00:00+07:00,SRC_TMD,True
20250529_KSN,2025-05-29,R_KSN,3,False,False,2025-05-29T00:00:00+07:00,2025-05-29T23:00:00+07:00,SRC_TMD,True
20250529_SSK,2025-05-29,R_SSK,1,False,False,2025-05-29T00:00:00+07:00,2025-05-29T23:00:00+07:00,SRC_TMD,True
20250529_NMA,2025-05-29,R_NMA,2,False,False,2025-05-29T00:00:00+07:00,2025-05-29T23:00:00+07:00,SRC_TMD,True
20250529_UTH,2025-05-29,R_UTH,1,False,False,2025-05-29T00:00:00+07:00,2025-05-29T23:00:00+07:00,SRC_TMD,True
20250529_RET,2025-05-29,R_RET,3,True,True,2025-05-29T00:00:00+07:00,2025-05-29T23:00:00+07:00,SRC_TMD,True
20250529_LPT,2025-05-29,R_LPT,2,True,True,2025-05-29T00:00:00+07:00,2025-05-29T23:00:00+07:00,SRC_TMD,True
20250529_RYG,2025-05-29,R_RYG,2,False,False,2025-05-29T00:00:00+07:00,2025-05-29T23:00:00+07:00,SRC_TMD,True
20250530_CNX,2025-05-30,R_CNX,2,False,False,2025-05-30T00:00:00+07:00,2025-05-30T23:00:00+07:00,SRC_TMD,True
20250530_BKK,2025-05-30,R_BKK,1,False,False,2025-05-30T00:00:00+07:00,2025-05-30T23:00:00+07:00,SRC_TMD,True
20250530_KKC,2025-05-30,R_KKC,3,True,True,2025-05-30T00:00:00+07:00,2025-05-30T23:00:00+07:00,SRC_TMD,True
20250530_KSN,2025-05-30,R_KSN,1,False,True,2025-05-30T00:00:00+07:00,2025-05-30T23:00:00+07:00,SRC_TMD,True
20250530_SSK,2025-05-30,R_SSK,2,False,False,2025-05-30T00:00:00+07:00,2025-05-30T23:00:00+07:00,SRC_TMD,True
20250530_NMA,2025-05-30,R_NMA,2,True,True,2025-05-30T00:00:00+07:00,2025-05-30T23:00:00+07:00,SRC_TMD,True
20250530_UTH,2025-05-30,R_UTH,3,False,False,2025-05-30T00:00:00+07:00,2025-05-30T23:00:00+07:00,SRC_TMD,True
20250530_RET,2025-05-30,R_RET,1,True,True,2025-05-30T00:00:00+07:00,2025-05-30T23:00:00+07:00,SRC_TMD,True
20250530_LPT,2025-05-30,R_LPT,1,False,False,2025-05-30T00:00:00+07:00,2025-05-30T23:00:00+07:00,SRC_TMD,True
20250530_RYG,2025-05-30,R_RYG,2,False,False,2025-05-30T00:00:00+07:00,2025-05-30T23:00:00+07:00,SRC_TMD,True
20250531_CNX,2025-05-31,R_CNX,2,False,False,2025-05-31T00:00:00+07:00,2025-05-31T23:00:00+07:00,SRC_TMD,True
20250531_BKK,2025-05-31,R_BKK,3,False,False,2025-05-31T00:00:00+07:00,2025-05-31T23:00:00+07:00,SRC_TMD,True
20250531_KKC,2025-05-31,R_KKC,1,False,False,2025-05-31T00:00:00+07:00,2025-05-31T23:00:00+07:00,SRC_TMD,True
20250531_KSN,2025-05-31,R_KSN,2,False,False,2025-05-31T00:00:00+07:00,2025-05-31T23:00:00+07:00,SRC_TMD,True
20250531_SSK,2025-05-31,R_SSK,2,False,False,2025-05-31T00:00:00+07:00,2025-05-31T23:00:00+07:00,SRC_TMD,True
20250531_NMA,2025-05-31,R_NMA,1,False,True,2025-05-31T00:00:00+07:00,2025-05-31T23:00:00+07:00,SRC_TMD,True
20250531_UTH,2025-05-31,R_UTH,2,False,False,2025-05-31T00:00:00+07:00,2025-05-31T23:00:00+07:00,SRC_TMD,True
20250531_RET,2025-05-31,R_RET,1,True,True,2025-05-31T00:00:00+07:00,2025-05-31T23:00:00+07:00,SRC_TMD,True
20250531_LPT,2025-05-31,R_LPT,2,False,False,2025-05-31T00:00:00+07:00,2025-05-31T23:00:00+07:00,SRC_TMD,True
20250531_RYG,2025-05-31,R_RYG,2,True,True,2025-05-31T00:00:00+07:00,2025-05-31T23:00:00+07:00,SRC_TMD,True
20250601_CNX,2025-06-01,R_CNX,2,False,False,2025-06-01T00:00:00+07:00,2025-06-01T23:00:00+07:00,SRC_TMD,True
20250601_BKK,2025-06-01,R_BKK,3,True,True,2025-06-01T00:00:00+07:00,2025-06-01T23:00:00+07:00,SRC_TMD,True
20250601_KKC,2025-06-01,R_KKC,2,True,True,2025-06-01T00:00:00+07:00,2025-06-01T23:00:00+07:00,SRC_TMD,True
20250601_KSN,2025-06-01,R_KSN,3,False,False,2025-06-01T00:00:00+07:00,2025-06-01T23:00:00+07:00,SRC_TMD,True
20250601_SSK,2025-06-01,R_SSK,3,False,False,2025-06-01T00:00:00+07:00,2025-06-01T23:00:00+07:00,SRC_TMD,True
20250601_NMA,2025-06-01,R_NMA,1,False,False,2025-06-01T00:00:00+07:00,2025-06-01T23:00:00+07:00,SRC_TMD,True
20250601_UTH,2025-06-01,R_UTH,1,False,False,2025-06-01T00:00:00+07:00,2025-06-01T23:00:00+07:00,SRC_TMD,True
20250601_RET,2025-06-01,R_RET,1,False,False,2025-06-01T00:00:00+07:00,2025-06-01T23:00:00+07:00,SRC_TMD,True
20250601_LPT,2025-06-01,R_LPT,1,False,False,2025-06-01T00:00:00+07:00,2025-06-01T23:00:00+07:00,SRC_TMD,True
20250601_RYG,2025-06-01,R_RYG,1,True,True,2025-06-01T00:00:00+07:00,2025-06-01T23:00:00+07:00,SRC_TMD,True
20250602_CNX,2025-06-02,R_CNX,3,False,False,2025-06-02T00:00:00+07:00,2025-06-02T23:00:00+07:00,SRC_TMD,True
20250602_BKK,2025-06-02,R_BKK,2,False,True,2025-06-02T00:00:00+07:00,2025-06-02T23:00:00+07:00,SRC_TMD,True
20250602_KKC,2025-06-02,R_KKC,3,True,True,2025-06-02T00:00:00+07:00,2025-06-02T23:00:00+07:00,SRC_TMD,True
20250602_KSN,2025-06-02,R_KSN,1,True,True,2025-06-02T00:00:00+07:00,2025-06-02T23:00:00+07:00,SRC_TMD,True
20250602_SSK,2025-06-02,R_SSK,3,True,True,2025-06-02T00:00:00+07:00,2025-06-02T23:00:00+07:00,SRC_TMD,True
20250602_NMA,2025-06-02,R_NMA,3,False,False,2025-06-02T00:00:00+07:00,2025-06-02T23:00:00+07:00,SRC_TMD,True
20250602_UTH,2025-06-02,R_UTH,2,False,False,2025-06-02T00:00:00+07:00,2025-06-02T23:00:00+07:00,SRC_TMD,True
20250602_RET,2025-06-02,R_RET,2,False,False,2025-06-02T00:00:00+07:00,2025-06-02T23:00:00+07:00,SRC_TMD,True
20250602_LPT,2025-06-02,R_LPT,3,False,False,2025-06-02T00:00:00+07:00,2025-06-02T23:00:00+07:00,SRC_TMD,True
20250602_RYG,2025-06-02,R_RYG,3,False,False,2025-06-02T00:00:00+07:00,2025-06-02T23:00:00+07:00,SRC_TMD,True
20250603_CNX,2025-06-03,R_CNX,3,False,True,2025-06-03T00:00:00+07:00,2025-06-03T23:00:00+07:00,SRC_TMD,True
20250603_BKK,2025-06-03,R_BKK,2,True,True,2025-06-03T00:00:00+07:00,2025-06-03T23:00:00+07:00,SRC_TMD,True
20250603_KKC,2025-06-03,R_KKC,1,True,True,2025-06-03T00:00:00+07:00,2025-06-03T23:00:00+07:00,SRC_TMD,True
20250603_KSN,2025-06-03,R_KSN,2,False,False,2025-06-03T00:00:00+07:00,2025-06-03T23:00:00+07:00,SRC_TMD,True
20250603_SSK,2025-06-03,R_SSK,2,False,False,2025-06-03T00:00:00+07:00,2025-06-03T23:00:00+07:00,SRC_TMD,True
20250603_NMA,2025-06-03,R_NMA,2,False,False,2025-06-03T00:00:00+07:00,2025-06-03T23:00:00+07:00,SRC_TMD,True
20250603_UTH,2025-06-03,R_UTH,2,True,True,2025-06-03T00:00:00+07:00,2025-06-03T23:00:00+07:00,SRC_TMD,True
20250603_RET,2025-06-03,R_RET,2,False,True,2025-06-03T00:00:00+07:00,2025-06-03T23:00:00+07:00,SRC_TMD,True
20250603_LPT,2025-06-03,R_LPT,2,True,False,2025-06-03T00:00:00+07:00,2025-06-03T23:00:00+07:00,SRC_TMD,True
20250603_RYG,2025-06-03,R_RYG,1,False,False,2025-06-03T00:00:00+07:00,2025-06-03T23:00:00+07:00,SRC_TMD,True
20250604_CNX,2025-06-04,R_CNX,3,True,True,2025-06-04T00:00:00+07:00,2025-06-04T23:00:00+07:00,SRC_TMD,True
20250604_BKK,2025-06-04,R_BKK,1,False,False,2025-06-04T00:00:00+07:00,2025-06-04T23:00:00+07:00,SRC_TMD,True
20250604_KKC,2025-06-04,R_KKC,2,False,False,2025-06-04T00:00:00+07:00,2025-06-04T23:00:00+07:00,SRC_TMD,True
20250604_KSN,2025-06-04,R_KSN,1,False,True,2025-06-04T00:00:00+07:00,2025-06-04T23:00:00+07:00,SRC_TMD,True
20250604_SSK,2025-06-04,R_SSK,3,True,True,2025-06-04T00:00:00+07:00,2025-06-04T23:00:00+07:00,SRC_TMD,True
20250604_NMA,2025-06-04,R_NMA,2,False,False,2025-06-04T00:00:00+07:00,2025-06-04T23:00:00+07:00,SRC_TMD,True
20250604_UTH,2025-06-04,R_UTH,2,False,False,2025-06-04T00:00:00+07:00,2025-06-04T23:00:00+07:00,SRC_TMD,True
20250604_RET,2025-06-04,R_RET,2,False,False,2025-06-04T00:00:00+07:00,2025-06-04T23:00:00+07:00,SRC_TMD,True
20250604_LPT,2025-06-04,R_LPT,1,False,False,2025-06-04T00:00:00+07:00,2025-06-04T23:00:00+07:00,SRC_TMD,True
20250604_RYG,2025-06-04,R_RYG,2,False,False,2025-06-04T00:00:00+07:00,2025-06-04T23:00:00+07:00,SRC_TMD,True
20250605_CNX,2025-06-05,R_CNX,2,True,True,2025-06-05T00:00:00+07:00,2025-06-05T23:00:00+07:00,SRC_TMD,True
20250605_BKK,2025-06-05,R_BKK,2,False,False,2025-06-05T00:00:00+07:00,2025-06-05T23:00:00+07:00,SRC_TMD,True
20250605_KKC,2025-06-05,R_KKC,2,True,True,2025-06-05T00:00:00+07:00,2025-06-05T23:00:00+07:00,SRC_TMD,True
20250605_KSN,2025-06-05,R_KSN,2,True,False,2025-06-05T00:00:00+07:00,2025-06-05T23:00:00+07:00,SRC_TMD,True
20250605_SSK,2025-06-05,R_SSK,2,True,True,2025-06-05T00:00:00+07:00,2025-06-05T23:00:00+07:00,SRC_TMD,True
20250605_NMA,2025-06-05,R_NMA,1,True,True,2025-06-05T00:00:00+07:00,2025-06-05T23:00:00+07:00,SRC_TMD,True
20250605_UTH,2025-06-05,R_UTH,1,False,False,2025-06-05T00:00:00+07:00,2025-06-05T23:00:00+07:00,SRC_TMD,True
20250605_RET,2025-06-05,R_RET,1,False,False,2025-06-05T00:00:00+07:00,2025-06-05T23:00:00+07:00,SRC_TMD,True
20250605_LPT,2025-06-05,R_LPT,2,True,True,2025-06-05T00:00:00+07:00,2025-06-05T23:00:00+07:00,SRC_TMD,True
20250605_RYG,2025-06-05,R_RYG,3,True,False,2025-06-05T00:00:00+07:00,2025-06-05T23:00:00+07:00,SRC_TMD,True
20250606_CNX,2025-06-06,R_CNX,1,False,False,2025-06-06T00:00:00+07:00,2025-06-06T23:00:00+07:00,SRC_TMD,True
20250606_BKK,2025-06-06,R_BKK,2,True,True,2025-06-06T00:00:00+07:00,2025-06-06T23:00:00+07:00,SRC_TMD,True
20250606_KKC,2025-06-06,R_KKC,2,True,True,2025-06-06T00:00:00+07:00,2025-06-06T23:00:00+07:00,SRC_TMD,True
20250606_KSN,2025-06-06,R_KSN,2,False,False,2025-06-06T00:00:00+07:00,2025-06-06T23:00:00+07:00,SRC_TMD,True
20250606_SSK,2025-06-06,R_SSK,2,True,True,2025-06-06T00:00:00+07:00,2025-06-06T23:00:00+07:00,SRC_TMD,True
20250606_NMA,2025-06-06,R_NMA,2,False,False,2025-06-06T00:00:00+07:00,2025-06-06T23:00:00+07:00,SRC_TMD,True
20250606_UTH,2025-06-06,R_UTH,1,False,False,2025-06-06T00:00:00+07:00,2025-06-06T23:00:00+07:00,SRC_TMD,True
20250606_RET,2025-06-06,R_RET,2,True,True,2025-06-06T00:00:00+07:00,2025-06-06T23:00:00+07:00,SRC_TMD,True
20250606_LPT,2025-06-06,R_LPT,3,True,False,2025-06-06T00:00:00+07:00,2025-06-06T23:00:00+07:00,SRC_TMD,True
20250606_RYG,2025-06-06,R_RYG,3,False,False,2025-06-06T00:00:00+07:00,2025-06-06T23:00:00+07:00,SRC_TMD,True
20250607_CNX,2025-06-07,R_CNX,2,True,True,2025-06-07T00:00:00+07:00,2025-06-07T23:00:00+07:00,SRC_TMD,True
20250607_BKK,2025-06-07,R_BKK,1,False,False,2025-06-07T00:00:00+07:00,2025-06-07T23:00:00+07:00,SRC_TMD,True
20250607_KKC,2025-06-07,R_KKC,2,True,True,2025-06-07T00:00:00+07:00,2025-06-07T23:00:00+07:00,SRC_TMD,True
20250607_KSN,2025-06-07,R_KSN,2,True,True,2025-06-07T00:00:00+07:00,2025-06-07T23:00:00+07:00,SRC_TMD,True
20250607_SSK,2025-06-07,R_SSK,2,False,False,2025-06-07T00:00:00+07:00,2025-06-07T23:00:00+07:00,SRC_TMD,True
20250607_NMA,2025-06-07,R_NMA,1,False,False,2025-06-07T00:00:00+07:00,2025-06-07T23:00:00+07:00,SRC_TMD,True
20250607_UTH,2025-06-07,R_UTH,3,False,False,2025-06-07T00:00:00+07:00,2025-06-07T23:00:00+07:00,SRC_TMD,True
20250607_RET,2025-06-07,R_RET,2,False,False,2025-06-07T00:00:00+07:00,2025-06-07T23:00:00+07:00,SRC_TMD,True
20250607_LPT,2025-06-07,R_LPT,2,True,True,2025-06-07T00:00:00+07:00,2025-06-07T23:00:00+07:00,SRC_TMD,True
20250607_RYG,2025-06-07,R_RYG,2,False,False,2025-06-07T00:00:00+07:00,2025-06-07T23:00:00+07:00,SRC_TMD,True
20250608_CNX,2025-06-08,R_CNX,2,False,False,2025-06-08T00:00:00+07:00,2025-06-08T23:00:00+07:00,SRC_TMD,True
20250608_BKK,2025-06-08,R_BKK,2,False,False,2025-06-08T00:00:00+07:00,2025-06-08T23:00:00+07:00,SRC_TMD,True
20250608_KKC,2025-06-08,R_KKC,2,False,False,2025-06-08T00:00:00+07:00,2025-06-08T23:00:00+07:00,SRC_TMD,True
20250608_KSN,2025-06-08,R_KSN,2,True,True,2025-06-08T00:00:00+07:00,2025-06-08T23:00:00+07:00,SRC_TMD,True
20250608_SSK,2025-06-08,R_SSK,1,False,True,2025-06-08T00:00:00+07:00,2025-06-08T23:00:00+07:00,SRC_TMD,True
20250608_NMA,2025-06-08,R_NMA,2,True,True,2025-06-08T00:00:00+07:00,2025-06-08T23:00:00+07:00,SRC_TMD,True
20250608_UTH,2025-06-08,R_UTH,1,True,False,2025-06-08T00:00:00+07:00,2025-06-08T23:00:00+07:00,SRC_TMD,True
20250608_RET,2025-06-08,R_RET,2,False,False,2025-06-08T00:00:00+07:00,2025-06-08T23:00:00+07:00,SRC_TMD,True
20250608_LPT,2025-06-08,R_LPT,1,False,False,2025-06-08T00:00:00+07:00,2025-06-08T23:00:00+07:00,SRC_TMD,True
20250608_RYG,2025-06-08,R_RYG,2,False,False,2025-06-08T00:00:00+07:00,2025-06-08T23:00:00+07:00,SRC_TMD,True
20250609_CNX,2025-06-09,R_CNX,3,True,True,2025-06-09T00:00:00+07:00,2025-06-09T23:00:00+07:00,SRC_TMD,True
20250609_BKK,2025-06-09,R_BKK,1,False,False,2025-06-09T00:00:00+07:00,2025-06-09T23:00:00+07:00,SRC_TMD,True
20250609_KKC,2025-06-09,R_KKC,1,False,False,2025-06-09T00:00:00+07:00,2025-06-09T23:00:00+07:00,SRC_TMD,True
20250609_KSN,2025-06-09,R_KSN,2,False,False,2025-06-09T00:00:00+07:00,2025-06-09T23:00:00+07:00,SRC_TMD,True
20250609_SSK,2025-06-09,R_SSK,1,True,True,2025-06-09T00:00:00+07:00,2025-06-09T23:00:00+07:00,SRC_TMD,True
20250609_NMA,2025-06-09,R_NMA,2,True,True,2025-06-09T00:00:00+07:00,2025-06-09T23:00:00+07:00,SRC_TMD,True
20250609_UTH,2025-06-09,R_UTH,2,True,True,2025-06-09T00:00:00+07:00,2025-06-09T23:00:00+07:00,SRC_TMD,True
20250609_RET,2025-06-09,R_RET,2,False,False,2025-06-09T00:00:00+07:00,2025-06-09T23:00:00+07:00,SRC_TMD,True
20250609_LPT,2025-06-09,R_LPT,1,False,False,2025-06-09T00:00:00+07:00,2025-06-09T23:00:00+07:00,SRC_TMD,True
20250609_RYG,2025-06-09,R_RYG,1,True,True,2025-06-09T00:00:00+07:00,2025-06-09T23:00:00+07:00,SRC_TMD,True
20250610_CNX,2025-06-10,R_CNX,2,False,False,2025-06-10T00:00:00+07:00,2025-06-10T23:00:00+07:00,SRC_TMD,True
20250610_BKK,2025-06-10,R_BKK,2,True,True,2025-06-10T00:00:00+07:00,2025-06-10T23:00:00+07:00,SRC_TMD,True
20250610_KKC,2025-06-10,R_KKC,2,False,False,2025-06-10T00:00:00+07:00,2025-06-10T23:00:00+07:00,SRC_TMD,True
20250610_KSN,2025-06-10,R_KSN,2,False,False,2025-06-10T00:00:00+07:00,2025-06-10T23:00:00+07:00,SRC_TMD,True
20250610_SSK,2025-06-10,R_SSK,3,False,False,2025-06-10T00:00:00+07:00,2025-06-10T23:00:00+07:00,SRC_TMD,True
20250610_NMA,2025-06-10,R_NMA,2,True,False,2025-06-10T00:00:00+07:00,2025-06-10T23:00:00+07:00,SRC_TMD,True
20250610_UTH,2025-06-10,R_UTH,2,False,True,2025-06-10T00:00:00+07:00,2025-06-10T23:00:00+07:00,SRC_TMD,True
20250610_RET,2025-06-10,R_RET,2,False,False,2025-06-10T00:00:00+07:00,2025-06-10T23:00:00+07:00,SRC_TMD,True
20250610_LPT,2025-06-10,R_LPT,2,True,True,2025-06-10T00:00:00+07:00,2025-06-10T23:00:00+07:00,SRC_TMD,True
20250610_RYG,2025-06-10,R_RYG,2,False,False,2025-06-10T00:00:00+07:00,2025-06-10T23:00:00+07:00,SRC_TMD,True
20250611_CNX,2025-06-11,R_CNX,2,True,True,2025-06-11T00:00:00+07:00,2025-06-11T23:00:00+07:00,SRC_TMD,True
20250611_BKK,2025-06-11,R_BKK,1,False,False,2025-06-11T00:00:00+07:00,2025-06-11T23:00:00+07:00,SRC_TMD,True
20250611_KKC,2025-06-11,R_KKC,2,True,True,2025-06-11T00:00:00+07:00,2025-06-11T23:00:00+07:00,SRC_TMD,True
20250611_KSN,2025-06-11,R_KSN,2,True,True,2025-06-11T00:00:00+07:00,2025-06-11T23:00:00+07:00,SRC_TMD,True
20250611_SSK,2025-06-11,R_SSK,2,False,False,2025-06-11T00:00:00+07:00,2025-06-11T23:00:00+07:00,SRC_TMD,True
20250611_NMA,2025-06-11,R_NMA,2,False,False,2025-06-11T00:00:00+07:00,2025-06-11T23:00:00+07:00,SRC_TMD,True
20250611_UTH,2025-06-11,R_UTH,2,True,False,2025-06-11T00:00:00+07:00,2025-06-11T23:00:00+07:00,SRC_TMD,True
20250611_RET,2025-06-11,R_RET,2,True,True,2025-06-11T00:00:00+07:00,2025-06-11T23:00:00+07:00,SRC_TMD,True
20250611_LPT,2025-06-11,R_LPT,2,True,True,2025-06-11T00:00:00+07:00,2025-06-11T23:00:00+07:00,SRC_TMD,True
20250611_RYG,2025-06-11,R_RYG,2,False,False,2025-06-11T00:00:00+07:00,2025-06-11T23:00:00+07:00,SRC_TMD,True
20250612_CNX,2025-06-12,R_CNX,3,False,False,2025-06-12T00:00:00+07:00,2025-06-12T23:00:00+07:00,SRC_TMD,True
20250612_BKK,2025-06-12,R_BKK,1,True,False,2025-06-12T00:00:00+07:00,2025-06-12T23:00:00+07:00,SRC_TMD,True
20250612_KKC,2025-06-12,R_KKC,2,True,True,2025-06-12T00:00:00+07:00,2025-06-12T23:00:00+07:00,SRC_TMD,True
20250612_KSN,2025-06-12,R_KSN,2,True,True,2025-06-12T00:00:00+07:00,2025-06-12T23:00:00+07:00,SRC_TMD,True
20250612_SSK,2025-06-12,R_SSK,2,False,True,2025-06-12T00:00:00+07:00,2025-06-12T23:00:00+07:00,SRC_TMD,True
20250612_NMA,2025-06-12,R_NMA,3,True,True,2025-06-12T00:00:00+07:00,2025-06-12T23:00:00+07:00,SRC_TMD,True
20250612_UTH,2025-06-12,R_UTH,2,False,False,2025-06-12T00:00:00+07:00,2025-06-12T23:00:00+07:00,SRC_TMD,True
20250612_RET,2025-06-12,R_RET,2,True,True,2025-06-12T00:00:00+07:00,2025-06-12T23:00:00+07:00,SRC_TMD,True
20250612_LPT,2025-06-12,R_LPT,1,True,True,2025-06-12T00:00:00+07:00,2025-06-12T23:00:00+07:00,SRC_TMD,True
20250612_RYG,2025-06-12,R_RYG,2,False,False,2025-06-12T00:00:00+07:00,2025-06-12T23:00:00+07:00,SRC_TMD,True
20250613_CNX,2025-06-13,R_CNX,1,False,False,2025-06-13T00:00:00+07:00,2025-06-13T23:00:00+07:00,SRC_TMD,True
20250613_BKK,2025-06-13,R_BKK,2,True,True,2025-06-13T00:00:00+07:00,2025-06-13T23:00:00+07:00,SRC_TMD,True
20250613_KKC,2025-06-13,R_KKC,2,True,False,2025-06-13T00:00:00+07:00,2025-06-13T23:00:00+07:00,SRC_TMD,True
20250613_KSN,2025-06-13,R_KSN,1,False,False,2025-06-13T00:00:00+07:00,2025-06-13T23:00:00+07:00,SRC_TMD,True
20250613_SSK,2025-06-13,R_SSK,3,True,True,2025-06-13T00:00:00+07:00,2025-06-13T23:00:00+07:00,SRC_TMD,True
20250613_NMA,2025-06-13,R_NMA,2,False,False,2025-06-13T00:00:00+07:00,2025-06-13T23:00:00+07:00,SRC_TMD,True
20250613_UTH,2025-06-13,R_UTH,1,True,True,2025-06-13T00:00:00+07:00,2025-06-13T23:00:00+07:00,SRC_TMD,True
20250613_RET,2025-06-13,R_RET,1,True,True,2025-06-13T00:00:00+07:00,2025-06-13T23:00:00+07:00,SRC_TMD,True
20250613_LPT,2025-06-13,R_LPT,3,True,True,2025-06-13T00:00:00+07:00,2025-06-13T23:00:00+07:00,SRC_TMD,True
20250613_RYG,2025-06-13,R_RYG,2,False,True,2025-06-13T00:00:00+07:00,2025-06-13T23:00:00+07:00,SRC_TMD,True
20250614_CNX,2025-06-14,R_CNX,3,True,False,2025-06-14T00:00:00+07:00,2025-06-14T23:00:00+07:00,SRC_TMD,True
20250614_BKK,2025-06-14,R_BKK,3,True,True,2025-06-14T00:00:00+07:00,2025-06-14T23:00:00+07:00,SRC_TMD,True
20250614_KKC,2025-06-14,R_KKC,2,False,False,2025-06-14T00:00:00+07:00,2025-06-14T23:00:00+07:00,SRC_TMD,True
20250614_KSN,2025-06-14,R_KSN,2,False,False,2025-06-14T00:00:00+07:00,2025-06-14T23:00:00+07:00,SRC_TMD,True
20250614_SSK,2025-06-14,R_SSK,2,True,False,2025-06-14T00:00:00+07:00,2025-06-14T23:00:00+07:00,SRC_TMD,True
20250614_NMA,2025-06-14,R_NMA,3,True,True,2025-06-14T00:00:00+07:00,2025-06-14T23:00:00+07:00,SRC_TMD,True
20250614_UTH,2025-06-14,R_UTH,2,True,True,2025-06-14T00:00:00+07:00,2025-06-14T23:00:00+07:00,SRC_TMD,True
20250614_RET,2025-06-14,R_RET,2,True,True,2025-06-14T00:00:00+07:00,2025-06-14T23:00:00+07:00,SRC_TMD,True
20250614_LPT,2025-06-14,R_LPT,3,True,True,2025-06-14T00:00:00+07:00,2025-06-14T23:00:00+07:00,SRC_TMD,True
20250614_RYG,2025-06-14,R_RYG,2,False,False,2025-06-14T00:00:00+07:00,2025-06-14T23:00:00+07:00,SRC_TMD,True
20250615_CNX,2025-06-15,R_CNX,1,False,False,2025-06-15T00:00:00+07:00,2025-06-15T23:00:00+07:00,SRC_TMD,True
20250615_BKK,2025-06-15,R_BKK,3,False,False,2025-06-15T00:00:00+07:00,2025-06-15T23:00:00+07:00,SRC_TMD,True
20250615_KKC,2025-06-15,R_KKC,2,False,False,2025-06-15T00:00:00+07:00,2025-06-15T23:00:00+07:00,SRC_TMD,True
20250615_KSN,2025-06-15,R_KSN,3,False,False,2025-06-15T00:00:00+07:00,2025-06-15T23:00:00+07:00,SRC_TMD,True
20250615_SSK,2025-06-15,R_SSK,2,False,False,2025-06-15T00:00:00+07:00,2025-06-15T23:00:00+07:00,SRC_TMD,True
20250615_NMA,2025-06-15,R_NMA,2,False,False,2025-06-15T00:00:00+07:00,2025-06-15T23:00:00+07:00,SRC_TMD,True
20250615_UTH,2025-06-15,R_UTH,3,True,True,2025-06-15T00:00:00+07:00,2025-06-15T23:00:00+07:00,SRC_TMD,True
20250615_RET,2025-06-15,R_RET,2,False,False,2025-06-15T00:00:00+07:00,2025-06-15T23:00:00+07:00,SRC_TMD,True
20250615_LPT,2025-06-15,R_LPT,1,False,False,2025-06-15T00:00:00+07:00,2025-06-15T23:00:00+07:00,SRC_TMD,True
20250615_RYG,2025-06-15,R_RYG,2,False,False,2025-06-15T00:00:00+07:00,2025-06-15T23:00:00+07:00,SRC_TMD,True
20250616_CNX,2025-06-16,R_CNX,2,True,True,2025-06-16T00:00:00+07:00,2025-06-16T23:00:00+07:00,SRC_TMD,True
20250616_BKK,2025-06-16,R_BKK,2,False,False,2025-06-16T00:00:00+07:00,2025-06-16T23:00:00+07:00,SRC_TMD,True
20250616_KKC,2025-06-16,R_KKC,2,True,True,2025-06-16T00:00:00+07:00,2025-06-16T23:00:00+07:00,SRC_TMD,True
20250616_KSN,2025-06-16,R_KSN,3,False,False,2025-06-16T00:00:00+07:00,2025-06-16T23:00:00+07:00,SRC_TMD,True
20250616_SSK,2025-06-16,R_SSK,2,False,False,2025-06-16T00:00:00+07:00,2025-06-16T23:00:00+07:00,SRC_TMD,True
20250616_NMA,2025-06-16,R_NMA,3,False,False,2025-06-16T00:00:00+07:00,2025-06-16T23:00:00+07:00,SRC_TMD,True
20250616_UTH,2025-06-16,R_UTH,2,False,True,2025-06-16T00:00:00+07:00,2025-06-16T23:00:00+07:00,SRC_TMD,True
20250616_RET,2025-06-16,R_RET,3,True,False,2025-06-16T00:00:00+07:00,2025-06-16T23:00:00+07:00,SRC_TMD,True
20250616_LPT,2025-06-16,R_LPT,2,False,False,2025-06-16T00:00:00+07:00,2025-06-16T23:00:00+07:00,SRC_TMD,True
20250616_RYG,2025-06-16,R_RYG,2,False,False,2025-06-16T00:00:00+07:00,2025-06-16T23:00:00+07:00,SRC_TMD,True
20250617_CNX,2025-06-17,R_CNX,2,True,True,2025-06-17T00:00:00+07:00,2025-06-17T23:00:00+07:00,SRC_TMD,True
20250617_BKK,2025-06-17,R_BKK,3,True,False,2025-06-17T00:00:00+07:00,2025-06-17T23:00:00+07:00,SRC_TMD,True
20250617_KKC,2025-06-17,R_KKC,2,True,True,2025-06-17T00:00:00+07:00,2025-06-17T23:00:00+07:00,SRC_TMD,True
20250617_KSN,2025-06-17,R_KSN,1,False,False,2025-06-17T00:00:00+07:00,2025-06-17T23:00:00+07:00,SRC_TMD,True
20250617_SSK,2025-06-17,R_SSK,2,True,True,2025-06-17T00:00:00+07:00,2025-06-17T23:00:00+07:00,SRC_TMD,True
20250617_NMA,2025-06-17,R_NMA,1,True,True,2025-06-17T00:00:00+07:00,2025-06-17T23:00:00+07:00,SRC_TMD,True
20250617_UTH,2025-06-17,R_UTH,2,False,False,2025-06-17T00:00:00+07:00,2025-06-17T23:00:00+07:00,SRC_TMD,True
20250617_RET,2025-06-17,R_RET,3,True,True,2025-06-17T00:00:00+07:00,2025-06-17T23:00:00+07:00,SRC_TMD,True
20250617_LPT,2025-06-17,R_LPT,1,False,False,2025-06-17T00:00:00+07:00,2025-06-17T23:00:00+07:00,SRC_TMD,True
20250617_RYG,2025-06-17,R_RYG,2,False,False,2025-06-17T00:00:00+07:00,2025-06-17T23:00:00+07:00,SRC_TMD,True
20250618_CNX,2025-06-18,R_CNX,2,True,True,2025-06-18T00:00:00+07:00,2025-06-18T23:00:00+07:00,SRC_TMD,True
20250618_BKK,2025-06-18,R_BKK,1,True,True,2025-06-18T00:00:00+07:00,2025-06-18T23:00:00+07:00,SRC_TMD,True
20250618_KKC,2025-06-18,R_KKC,2,False,False,2025-06-18T00:00:00+07:00,2025-06-18T23:00:00+07:00,SRC_TMD,True
20250618_KSN,2025-06-18,R_KSN,3,False,False,2025-06-18T00:00:00+07:00,2025-06-18T23:00:00+07:00,SRC_TMD,True
20250618_SSK,2025-06-18,R_SSK,2,True,True,2025-06-18T00:00:00+07:00,2025-06-18T23:00:00+07:00,SRC_TMD,True
20250618_NMA,2025-06-18,R_NMA,2,True,True,2025-06-18T00:00:00+07:00,2025-06-18T23:00:00+07:00,SRC_TMD,True
20250618_UTH,2025-06-18,R_UTH,3,True,False,2025-06-18T00:00:00+07:00,2025-06-18T23:00:00+07:00,SRC_TMD,True
20250618_RET,2025-06-18,R_RET,2,True,False,2025-06-18T00:00:00+07:00,2025-06-18T23:00:00+07:00,SRC_TMD,True
20250618_LPT,2025-06-18,R_LPT,2,True,True,2025-06-18T00:00:00+07:00,2025-06-18T23:00:00+07:00,SRC_TMD,True
20250618_RYG,2025-06-18,R_RYG,1,True,True,2025-06-18T00:00:00+07:00,2025-06-18T23:00:00+07:00,SRC_TMD,True
20250619_CNX,2025-06-19,R_CNX,3,True,False,2025-06-19T00:00:00+07:00,2025-06-19T23:00:00+07:00,SRC_TMD,True
20250619_BKK,2025-06-19,R_BKK,2,True,True,2025-06-19T00:00:00+07:00,2025-06-19T23:00:00+07:00,SRC_TMD,True
20250619_KKC,2025-06-19,R_KKC,2,True,False,2025-06-19T00:00:00+07:00,2025-06-19T23:00:00+07:00,SRC_TMD,True
20250619_KSN,2025-06-19,R_KSN,2,True,True,2025-06-19T00:00:00+07:00,2025-06-19T23:00:00+07:00,SRC_TMD,True
20250619_SSK,2025-06-19,R_SSK,1,True,True,2025-06-19T00:00:00+07:00,2025-06-19T23:00:00+07:00,SRC_TMD,True
20250619_NMA,2025-06-19,R_NMA,2,True,True,2025-06-19T00:00:00+07:00,2025-06-19T23:00:00+07:00,SRC_TMD,True
20250619_UTH,2025-06-19,R_UTH,3,False,False,2025-06-19T00:00:00+07:00,2025-06-19T23:00:00+07:00,SRC_TMD,True
20250619_RET,2025-06-19,R_RET,2,False,False,2025-06-19T00:00:00+07:00,2025-06-19T23:00:00+07:00,SRC_TMD,True
20250619_LPT,2025-06-19,R_LPT,2,False,False,2025-06-19T00:00:00+07:00,2025-06-19T23:00:00+07:00,SRC_TMD,True
20250619_RYG,2025-06-19,R_RYG,3,False,False,2025-06-19T00:00:00+07:00,2025-06-19T23:00:00+07:00,SRC_TMD,True
20250620_CNX,2025-06-20,R_CNX,2,True,False,2025-06-20T00:00:00+07:00,2025-06-20T23:00:00+07:00,SRC_TMD,True
20250620_BKK,2025-06-20,R_BKK,1,True,True,2025-06-20T00:00:00+07:00,2025-06-20T23:00:00+07:00,SRC_TMD,True
20250620_KKC,2025-06-20,R_KKC,1,True,True,2025-06-20T00:00:00+07:00,2025-06-20T23:00:00+07:00,SRC_TMD,True
20250620_KSN,2025-06-20,R_KSN,2,True,True,2025-06-20T00:00:00+07:00,2025-06-20T23:00:00+07:00,SRC_TMD,True
20250620_SSK,2025-06-20,R_SSK,1,False,False,2025-06-20T00:00:00+07:00,2025-06-20T23:00:00+07:00,SRC_TMD,True
20250620_NMA,2025-06-20,R_NMA,2,False,False,2025-06-20T00:00:00+07:00,2025-06-20T23:00:00+07:00,SRC_TMD,True
20250620_UTH,2025-06-20,R_UTH,2,False,True,2025-06-20T00:00:00+07:00,2025-06-20T23:00:00+07:00,SRC_TMD,True
20250620_RET,2025-06-20,R_RET,2,False,False,2025-06-20T00:00:00+07:00,2025-06-20T23:00:00+07:00,SRC_TMD,True
20250620_LPT,2025-06-20,R_LPT,1,True,False,2025-06-20T00:00:00+07:00,2025-06-20T23:00:00+07:00,SRC_TMD,True
20250620_RYG,2025-06-20,R_RYG,2,True,False,2025-06-20T00:00:00+07:00,2025-06-20T23:00:00+07:00,SRC_TMD,True
20250621_CNX,2025-06-21,R_CNX,3,True,True,2025-06-21T00:00:00+07:00,2025-06-21T23:00:00+07:00,SRC_TMD,True
20250621_BKK,2025-06-21,R_BKK,3,False,False,2025-06-21T00:00:00+07:00,2025-06-21T23:00:00+07:00,SRC_TMD,True
20250621_KKC,2025-06-21,R_KKC,2,False,False,2025-06-21T00:00:00+07:00,2025-06-21T23:00:00+07:00,SRC_TMD,True
20250621_KSN,2025-06-21,R_KSN,3,True,True,2025-06-21T00:00:00+07:00,2025-06-21T23:00:00+07:00,SRC_TMD,True
20250621_SSK,2025-06-21,R_SSK,2,False,False,2025-06-21T00:00:00+07:00,2025-06-21T23:00:00+07:00,SRC_TMD,True
20250621_NMA,2025-06-21,R_NMA,3,False,False,2025-06-21T00:00:00+07:00,2025-06-21T23:00:00+07:00,SRC_TMD,True
20250621_UTH,2025-06-21,R_UTH,3,False,False,2025-06-21T00:00:00+07:00,2025-06-21T23:00:00+07:00,SRC_TMD,True
20250621_RET,2025-06-21,R_RET,2,False,False,2025-06-21T00:00:00+07:00,2025-06-21T23:00:00+07:00,SRC_TMD,True
20250621_LPT,2025-06-21,R_LPT,1,True,False,2025-06-21T00:00:00+07:00,2025-06-21T23:00:00+07:00,SRC_TMD,True
20250621_RYG,2025-06-21,R_RYG,3,False,False,2025-06-21T00:00:00+07:00,2025-06-21T23:00:00+07:00,SRC_TMD,True
20250622_CNX,2025-06-22,R_CNX,3,False,True,2025-06-22T00:00:00+07:00,2025-06-22T23:00:00+07:00,SRC_TMD,True
20250622_BKK,2025-06-22,R_BKK,1,False,True,2025-06-22T00:00:00+07:00,2025-06-22T23:00:00+07:00,SRC_TMD,True
20250622_KKC,2025-06-22,R_KKC,2,True,True,2025-06-22T00:00:00+07:00,2025-06-22T23:00:00+07:00,SRC_TMD,True
20250622_KSN,2025-06-22,R_KSN,2,False,False,2025-06-22T00:00:00+07:00,2025-06-22T23:00:00+07:00,SRC_TMD,True
20250622_SSK,2025-06-22,R_SSK,1,False,False,2025-06-22T00:00:00+07:00,2025-06-22T23:00:00+07:00,SRC_TMD,True
20250622_NMA,2025-06-22,R_NMA,2,False,False,2025-06-22T00:00:00+07:00,2025-06-22T23:00:00+07:00,SRC_TMD,True
20250622_UTH,2025-06-22,R_UTH,2,True,False,2025-06-22T00:00:00+07:00,2025-06-22T23:00:00+07:00,SRC_TMD,True
20250622_RET,2025-06-22,R_RET,1,True,True,2025-06-22T00:00:00+07:00,2025-06-22T23:00:00+07:00,SRC_TMD,True
20250622_LPT,2025-06-22,R_LPT,2,True,True,2025-06-22T00:00:00+07:00,2025-06-22T23:00:00+07:00,SRC_TMD,True
20250622_RYG,2025-06-22,R_RYG,2,False,False,2025-06-22T00:00:00+07:00,2025-06-22T23:00:00+07:00,SRC_TMD,True
20250623_CNX,2025-06-23,R_CNX,2,False,False,2025-06-23T00:00:00+07:00,2025-06-23T23:00:00+07:00,SRC_TMD,True
20250623_BKK,2025-06-23,R_BKK,2,False,False,2025-06-23T00:00:00+07:00,2025-06-23T23:00:00+07:00,SRC_TMD,True
20250623_KKC,2025-06-23,R_KKC,2,True,True,2025-06-23T00:00:00+07:00,2025-06-23T23:00:00+07:00,SRC_TMD,True
20250623_KSN,2025-06-23,R_KSN,2,True,True,2025-06-23T00:00:00+07:00,2025-06-23T23:00:00+07:00,SRC_TMD,True
20250623_SSK,2025-06-23,R_SSK,2,True,True,2025-06-23T00:00:00+07:00,2025-06-23T23:00:00+07:00,SRC_TMD,True
20250623_NMA,2025-06-23,R_NMA,2,False,False,2025-06-23T00:00:00+07:00,2025-06-23T23:00:00+07:00,SRC_TMD,True
20250623_UTH,2025-06-23,R_UTH,1,False,False,2025-06-23T00:00:00+07:00,2025-06-23T23:00:00+07:00,SRC_TMD,True
20250623_RET,2025-06-23,R_RET,3,True,True,2025-06-23T00:00:00+07:00,2025-06-23T23:00:00+07:00,SRC_TMD,True
20250623_LPT,2025-06-23,R_LPT,1,False,False,2025-06-23T00:00:00+07:00,2025-06-23T23:00:00+07:00,SRC_TMD,True
20250623_RYG,2025-06-23,R_RYG,2,True,True,2025-06-23T00:00:00+07:00,2025-06-23T23:00:00+07:00,SRC_TMD,True
20250624_CNX,2025-06-24,R_CNX,2,False,True,2025-06-24T00:00:00+07:00,2025-06-24T23:00:00+07:00,SRC_TMD,True
20250624_BKK,2025-06-24,R_BKK,2,False,False,2025-06-24T00:00:00+07:00,2025-06-24T23:00:00+07:00,SRC_TMD,True
20250624_KKC,2025-06-24,R_KKC,3,False,False,2025-06-24T00:00:00+07:00,2025-06-24T23:00:00+07:00,SRC_TMD,True
20250624_KSN,2025-06-24,R_KSN,1,True,True,2025-06-24T00:00:00+07:00,2025-06-24T23:00:00+07:00,SRC_TMD,True
20250624_SSK,2025-06-24,R_SSK,2,True,True,2025-06-24T00:00:00+07:00,2025-06-24T23:00:00+07:00,SRC_TMD,True
20250624_NMA,2025-06-24,R_NMA,2,True,True,2025-06-24T00:00:00+07:00,2025-06-24T23:00:00+07:00,SRC_TMD,True
20250624_UTH,2025-06-24,R_UTH,3,False,False,2025-06-24T00:00:00+07:00,2025-06-24T23:00:00+07:00,SRC_TMD,True
20250624_RET,2025-06-24,R_RET,2,False,False,2025-06-24T00:00:00+07:00,2025-06-24T23:00:00+07:00,SRC_TMD,True
20250624_LPT,2025-06-24,R_LPT,3,True,False,2025-06-24T00:00:00+07:00,2025-06-24T23:00:00+07:00,SRC_TMD,True
20250624_RYG,2025-06-24,R_RYG,3,True,True,2025-06-24T00:00:00+07:00,2025-06-24T23:00:00+07:00,SRC_TMD,True
20250625_CNX,2025-06-25,R_CNX,2,True,True,2025-06-25T00:00:00+07:00,2025-06-25T23:00:00+07:00,SRC_TMD,True
20250625_BKK,2025-06-25,R_BKK,2,False,False,2025-06-25T00:00:00+07:00,2025-06-25T23:00:00+07:00,SRC_TMD,True
20250625_KKC,2025-06-25,R_KKC,3,True,True,2025-06-25T00:00:00+07:00,2025-06-25T23:00:00+07:00,SRC_TMD,True
20250625_KSN,2025-06-25,R_KSN,2,True,True,2025-06-25T00:00:00+07:00,2025-06-25T23:00:00+07:00,SRC_TMD,True
20250625_SSK,2025-06-25,R_SSK,3,True,True,2025-06-25T00:00:00+07:00,2025-06-25T23:00:00+07:00,SRC_TMD,True
20250625_NMA,2025-06-25,R_NMA,1,True,True,2025-06-25T00:00:00+07:00,2025-06-25T23:00:00+07:00,SRC_TMD,True
20250625_UTH,2025-06-25,R_UTH,2,True,True,2025-06-25T00:00:00+07:00,2025-06-25T23:00:00+07:00,SRC_TMD,True
20250625_RET,2025-06-25,R_RET,2,False,False,2025-06-25T00:00:00+07:00,2025-06-25T23:00:00+07:00,SRC_TMD,True
20250625_LPT,2025-06-25,R_LPT,2,False,False,2025-06-25T00:00:00+07:00,2025-06-25T23:00:00+07:00,SRC_TMD,True
20250625_RYG,2025-06-25,R_RYG,1,False,False,2025-06-25T00:00:00+07:00,2025-06-25T23:00:00+07:00,SRC_TMD,True
20250626_CNX,2025-06-26,R_CNX,2,False,False,2025-06-26T00:00:00+07:00,2025-06-26T23:00:00+07:00,SRC_TMD,True
20250626_BKK,2025-06-26,R_BKK,2,True,True,2025-06-26T00:00:00+07:00,2025-06-26T23:00:00+07:00,SRC_TMD,True
20250626_KKC,2025-06-26,R_KKC,2,False,False,2025-06-26T00:00:00+07:00,2025-06-26T23:00:00+07:00,SRC_TMD,True
20250626_KSN,2025-06-26,R_KSN,2,True,True,2025-06-26T00:00:00+07:00,2025-06-26T23:00:00+07:00,SRC_TMD,True
20250626_SSK,2025-06-26,R_SSK,1,False,True,2025-06-26T00:00:00+07:00,2025-06-26T23:00:00+07:00,SRC_TMD,True
20250626_NMA,2025-06-26,R_NMA,2,False,False,2025-06-26T00:00:00+07:00,2025-06-26T23:00:00+07:00,SRC_TMD,True
20250626_UTH,2025-06-26,R_UTH,1,False,False,2025-06-26T00:00:00+07:00,2025-06-26T23:00:00+07:00,SRC_TMD,True
20250626_RET,2025-06-26,R_RET,2,False,False,2025-06-26T00:00:00+07:00,2025-06-26T23:00:00+07:00,SRC_TMD,True
20250626_LPT,2025-06-26,R_LPT,2,False,False,2025-06-26T00:00:00+07:00,2025-06-26T23:00:00+07:00,SRC_TMD,True
20250626_RYG,2025-06-26,R_RYG,2,True,True,2025-06-26T00:00:00+07:00,2025-06-26T23:00:00+07:00,SRC_TMD,True
20250627_CNX,2025-06-27,R_CNX,1,True,True,2025-06-27T00:00:00+07:00,2025-06-27T23:00:00+07:00,SRC_TMD,True
20250627_BKK,2025-06-27,R_BKK,1,True,True,2025-06-27T00:00:00+07:00,2025-06-27T23:00:00+07:00,SRC_TMD,True
20250627_KKC,2025-06-27,R_KKC,3,True,True,2025-06-27T00:00:00+07:00,2025-06-27T23:00:00+07:00,SRC_TMD,True
20250627_KSN,2025-06-27,R_KSN,1,False,False,2025-06-27T00:00:00+07:00,2025-06-27T23:00:00+07:00,SRC_TMD,True
20250627_SSK,2025-06-27,R_SSK,2,False,False,2025-06-27T00:00:00+07:00,2025-06-27T23:00:00+07:00,SRC_TMD,True
20250627_NMA,2025-06-27,R_NMA,2,False,False,2025-06-27T00:00:00+07:00,2025-06-27T23:00:00+07:00,SRC_TMD,True
20250627_UTH,2025-06-27,R_UTH,2,False,False,2025-06-27T00:00:00+07:00,2025-06-27T23:00:00+07:00,SRC_TMD,True
20250627_RET,2025-06-27,R_RET,1,False,False,2025-06-27T00:00:00+07:00,2025-06-27T23:00:00+07:00,SRC_TMD,True
20250627_LPT,2025-06-27,R_LPT,2,False,False,2025-06-27T00:00:00+07:00,2025-06-27T23:00:00+07:00,SRC_TMD,True
20250627_RYG,2025-06-27,R_RYG,2,False,False,2025-06-27T00:00:00+07:00,2025-06-27T23:00:00+07:00,SRC_TMD,True
20250628_CNX,2025-06-28,R_CNX,3,True,True,2025-06-28T00:00:00+07:00,2025-06-28T23:00:00+07:00,SRC_TMD,True
20250628_BKK,2025-06-28,R_BKK,2,True,True,2025-06-28T00:00:00+07:00,2025-06-28T23:00:00+07:00,SRC_TMD,True
20250628_KKC,2025-06-28,R_KKC,3,True,True,2025-06-28T00:00:00+07:00,2025-06-28T23:00:00+07:00,SRC_TMD,True
20250628_KSN,2025-06-28,R_KSN,2,True,True,2025-06-28T00:00:00+07:00,2025-06-28T23:00:00+07:00,SRC_TMD,True
20250628_SSK,2025-06-28,R_SSK,2,False,False,2025-06-28T00:00:00+07:00,2025-06-28T23:00:00+07:00,SRC_TMD,True
20250628_NMA,2025-06-28,R_NMA,2,True,True,2025-06-28T00:00:00+07:00,2025-06-28T23:00:00+07:00,SRC_TMD,True
20250628_UTH,2025-06-28,R_UTH,1,False,False,2025-06-28T00:00:00+07:00,2025-06-28T23:00:00+07:00,SRC_TMD,True
20250628_RET,2025-06-28,R_RET,1,False,True,2025-06-28T00:00:00+07:00,2025-06-28T23:00:00+07:00,SRC_TMD,True
20250628_LPT,2025-06-28,R_LPT,1,True,True,2025-06-28T00:00:00+07:00,2025-06-28T23:00:00+07:00,SRC_TMD,True
20250628_RYG,2025-06-28,R_RYG,2,True,False,2025-06-28T00:00:00+07:00,2025-06-28T23:00:00+07:00,SRC_TMD,True
20250629_CNX,2025-06-29,R_CNX,2,False,False,2025-06-29T00:00:00+07:00,2025-06-29T23:00:00+07:00,SRC_TMD,True
20250629_BKK,2025-06-29,R_BKK,3,True,True,2025-06-29T00:00:00+07:00,2025-06-29T23:00:00+07:00,SRC_TMD,True
20250629_KKC,2025-06-29,R_KKC,1,False,False,2025-06-29T00:00:00+07:00,2025-06-29T23:00:00+07:00,SRC_TMD,True
20250629_KSN,2025-06-29,R_KSN,3,False,False,2025-06-29T00:00:00+07:00,2025-06-29T23:00:00+07:00,SRC_TMD,True
20250629_SSK,2025-06-29,R_SSK,3,False,False,2025-06-29T00:00:00+07:00,2025-06-29T23:00:00+07:00,SRC_TMD,True
20250629_NMA,2025-06-29,R_NMA,2,True,False,2025-06-29T00:00:00+07:00,2025-06-29T23:00:00+07:00,SRC_TMD,True
20250629_UTH,2025-06-29,R_UTH,1,False,False,2025-06-29T00:00:00+07:00,2025-06-29T23:00:00+07:00,SRC_TMD,True
20250629_RET,2025-06-29,R_RET,2,False,False,2025-06-29T00:00:00+07:00,2025-06-29T23:00:00+07:00,SRC_TMD,True
20250629_LPT,2025-06-29,R_LPT,2,False,False,2025-06-29T00:00:00+07:00,2025-06-29T23:00:00+07:00,SRC_TMD,True
20250629_RYG,2025-06-29,R_RYG,2,True,False,2025-06-29T00:00:00+07:00,2025-06-29T23:00:00+07:00,SRC_TMD,True
20250630_CNX,2025-06-30,R_CNX,2,False,False,2025-06-30T00:00:00+07:00,2025-06-30T23:00:00+07:00,SRC_TMD,True
20250630_BKK,2025-06-30,R_BKK,2,False,True,2025-06-30T00:00:00+07:00,2025-06-30T23:00:00+07:00,SRC_TMD,True
20250630_KKC,2025-06-30,R_KKC,3,False,False,2025-06-30T00:00:00+07:00,2025-06-30T23:00:00+07:00,SRC_TMD,True
20250630_KSN,2025-06-30,R_KSN,3,False,False,2025-06-30T00:00:00+07:00,2025-06-30T23:00:00+07:00,SRC_TMD,True
20250630_SSK,2025-06-30,R_SSK,2,False,False,2025-06-30T00:00:00+07:00,2025-06-30T23:00:00+07:00,SRC_TMD,True
20250630_NMA,2025-06-30,R_NMA,3,True,False,2025-06-30T00:00:00+07:00,2025-06-30T23:00:00+07:00,SRC_TMD,True
20250630_UTH,2025-06-30,R_UTH,3,True,True,2025-06-30T00:00:00+07:00,2025-06-30T23:00:00+07:00,SRC_TMD,True
20250630_RET,2025-06-30,R_RET,2,True,True,2025-06-30T00:00:00+07:00,2025-06-30T23:00:00+07:00,SRC_TMD,True
20250630_LPT,2025-06-30,R_LPT,1,True,True,2025-06-30T00:00:00+07:00,2025-06-30T23:00:00+07:00,SRC_TMD,True
20250630_RYG,2025-06-30,R_RYG,3,True,True,2025-06-30T00:00:00+07:00,2025-06-30T23:00:00+07:00,SRC_TMD,True
20250701_CNX,2025-07-01,R_CNX,2,True,False,2025-07-01T00:00:00+07:00,2025-07-01T23:00:00+07:00,SRC_TMD,True
20250701_BKK,2025-07-01,R_BKK,1,False,False,2025-07-01T00:00:00+07:00,2025-07-01T23:00:00+07:00,SRC_TMD,True
20250701_KKC,2025-07-01,R_KKC,3,True,True,2025-07-01T00:00:00+07:00,2025-07-01T23:00:00+07:00,SRC_TMD,True
20250701_KSN,2025-07-01,R_KSN,3,True,False,2025-07-01T00:00:00+07:00,2025-07-01T23:00:00+07:00,SRC_TMD,True
20250701_SSK,2025-07-01,R_SSK,1,True,False,2025-07-01T00:00:00+07:00,2025-07-01T23:00:00+07:00,SRC_TMD,True
20250701_NMA,2025-07-01,R_NMA,2,False,False,2025-07-01T00:00:00+07:00,2025-07-01T23:00:00+07:00,SRC_TMD,True
20250701_UTH,2025-07-01,R_UTH,3,False,False,2025-07-01T00:00:00+07:00,2025-07-01T23:00:00+07:00,SRC_TMD,True
20250701_RET,2025-07-01,R_RET,2,True,True,2025-07-01T00:00:00+07:00,2025-07-01T23:00:00+07:00,SRC_TMD,True
20250701_LPT,2025-07-01,R_LPT,3,False,False,2025-07-01T00:00:00+07:00,2025-07-01T23:00:00+07:00,SRC_TMD,True
20250701_RYG,2025-07-01,R_RYG,2,True,True,2025-07-01T00:00:00+07:00,2025-07-01T23:00:00+07:00,SRC_TMD,True
20250702_CNX,2025-07-02,R_CNX,2,True,True,2025-07-02T00:00:00+07:00,2025-07-02T23:00:00+07:00,SRC_TMD,True
20250702_BKK,2025-07-02,R_BKK,3,True,False,2025-07-02T00:00:00+07:00,2025-07-02T23:00:00+07:00,SRC_TMD,True
20250702_KKC,2025-07-02,R_KKC,1,False,False,2025-07-02T00:00:00+07:00,2025-07-02T23:00:00+07:00,SRC_TMD,True
20250702_KSN,2025-07-02,R_KSN,2,True,True,2025-07-02T00:00:00+07:00,2025-07-02T23:00:00+07:00,SRC_TMD,True
20250702_SSK,2025-07-02,R_SSK,1,True,True,2025-07-02T00:00:00+07:00,2025-07-02T23:00:00+07:00,SRC_TMD,True
20250702_NMA,2025-07-02,R_NMA,1,False,False,2025-07-02T00:00:00+07:00,2025-07-02T23:00:00+07:00,SRC_TMD,True
20250702_UTH,2025-07-02,R_UTH,1,True,True,2025-07-02T00:00:00+07:00,2025-07-02T23:00:00+07:00,SRC_TMD,True
20250702_RET,2025-07-02,R_RET,2,False,True,2025-07-02T00:00:00+07:00,2025-07-02T23:00:00+07:00,SRC_TMD,True
20250702_LPT,2025-07-02,R_LPT,2,True,True,2025-07-02T00:00:00+07:00,2025-07-02T23:00:00+07:00,SRC_TMD,True
20250702_RYG,2025-07-02,R_RYG,1,True,False,2025-07-02T00:00:00+07:00,2025-07-02T23:00:00+07:00,SRC_TMD,True
20250703_CNX,2025-07-03,R_CNX,2,False,False,2025-07-03T00:00:00+07:00,2025-07-03T23:00:00+07:00,SRC_TMD,True
20250703_BKK,2025-07-03,R_BKK,2,False,False,2025-07-03T00:00:00+07:00,2025-07-03T23:00:00+07:00,SRC_TMD,True
20250703_KKC,2025-07-03,R_KKC,1,False,False,2025-07-03T00:00:00+07:00,2025-07-03T23:00:00+07:00,SRC_TMD,True
20250703_KSN,2025-07-03,R_KSN,1,False,True,2025-07-03T00:00:00+07:00,2025-07-03T23:00:00+07:00,SRC_TMD,True
20250703_SSK,2025-07-03,R_SSK,1,True,True,2025-07-03T00:00:00+07:00,2025-07-03T23:00:00+07:00,SRC_TMD,True
20250703_NMA,2025-07-03,R_NMA,2,True,True,2025-07-03T00:00:00+07:00,2025-07-03T23:00:00+07:00,SRC_TMD,True
20250703_UTH,2025-07-03,R_UTH,1,True,True,2025-07-03T00:00:00+07:00,2025-07-03T23:00:00+07:00,SRC_TMD,True
20250703_RET,2025-07-03,R_RET,2,False,False,2025-07-03T00:00:00+07:00,2025-07-03T23:00:00+07:00,SRC_TMD,True
20250703_LPT,2025-07-03,R_LPT,2,False,False,2025-07-03T00:00:00+07:00,2025-07-03T23:00:00+07:00,SRC_TMD,True
20250703_RYG,2025-07-03,R_RYG,2,False,True,2025-07-03T00:00:00+07:00,2025-07-03T23:00:00+07:00,SRC_TMD,True
20250704_CNX,2025-07-04,R_CNX,3,True,True,2025-07-04T00:00:00+07:00,2025-07-04T23:00:00+07:00,SRC_TMD,True
20250704_BKK,2025-07-04,R_BKK,2,False,False,2025-07-04T00:00:00+07:00,2025-07-04T23:00:00+07:00,SRC_TMD,True
20250704_KKC,2025-07-04,R_KKC,2,True,True,2025-07-04T00:00:00+07:00,2025-07-04T23:00:00+07:00,SRC_TMD,True
20250704_KSN,2025-07-04,R_KSN,2,False,False,2025-07-04T00:00:00+07:00,2025-07-04T23:00:00+07:00,SRC_TMD,True
20250704_SSK,2025-07-04,R_SSK,3,False,False,2025-07-04T00:00:00+07:00,2025-07-04T23:00:00+07:00,SRC_TMD,True
20250704_NMA,2025-07-04,R_NMA,2,True,True,2025-07-04T00:00:00+07:00,2025-07-04T23:00:00+07:00,SRC_TMD,True
20250704_UTH,2025-07-04,R_UTH,3,True,True,2025-07-04T00:00:00+07:00,2025-07-04T23:00:00+07:00,SRC_TMD,True
20250704_RET,2025-07-04,R_RET,1,False,False,2025-07-04T00:00:00+07:00,2025-07-04T23:00:00+07:00,SRC_TMD,True
20250704_LPT,2025-07-04,R_LPT,1,False,False,2025-07-04T00:00:00+07:00,2025-07-04T23:00:00+07:00,SRC_TMD,True
20250704_RYG,2025-07-04,R_RYG,3,True,True,2025-07-04T00:00:00+07:00,2025-07-04T23:00:00+07:00,SRC_TMD,True
20250705_CNX,2025-07-05,R_CNX,1,False,False,2025-07-05T00:00:00+07:00,2025-07-05T23:00:00+07:00,SRC_TMD,True
20250705_BKK,2025-07-05,R_BKK,3,False,False,2025-07-05T00:00:00+07:00,2025-07-05T23:00:00+07:00,SRC_TMD,True
20250705_KKC,2025-07-05,R_KKC,2,True,True,2025-07-05T00:00:00+07:00,2025-07-05T23:00:00+07:00,SRC_TMD,True
20250705_KSN,2025-07-05,R_KSN,2,True,True,2025-07-05T00:00:00+07:00,2025-07-05T23:00:00+07:00,SRC_TMD,True
20250705_SSK,2025-07-05,R_SSK,2,False,False,2025-07-05T00:00:00+07:00,2025-07-05T23:00:00+07:00,SRC_TMD,True
20250705_NMA,2025-07-05,R_NMA,3,False,False,2025-07-05T00:00:00+07:00,2025-07-05T23:00:00+07:00,SRC_TMD,True
20250705_UTH,2025-07-05,R_UTH,2,False,False,2025-07-05T00:00:00+07:00,2025-07-05T23:00:00+07:00,SRC_TMD,True
20250705_RET,2025-07-05,R_RET,2,True,True,2025-07-05T00:00:00+07:00,2025-07-05T23:00:00+07:00,SRC_TMD,True
20250705_LPT,2025-07-05,R_LPT,2,False,False,2025-07-05T00:00:00+07:00,2025-07-05T23:00:00+07:00,SRC_TMD,True
20250705_RYG,2025-07-05,R_RYG,1,True,False,2025-07-05T00:00:00+07:00,2025-07-05T23:00:00+07:00,SRC_TMD,True
20250706_CNX,2025-07-06,R_CNX,1,True,False,2025-07-06T00:00:00+07:00,2025-07-06T23:00:00+07:00,SRC_TMD,True
20250706_BKK,2025-07-06,R_BKK,2,True,True,2025-07-06T00:00:00+07:00,2025-07-06T23:00:00+07:00,SRC_TMD,True
20250706_KKC,2025-07-06,R_KKC,3,False,False,2025-07-06T00:00:00+07:00,2025-07-06T23:00:00+07:00,SRC_TMD,True
20250706_KSN,2025-07-06,R_KSN,2,True,True,2025-07-06T00:00:00+07:00,2025-07-06T23:00:00+07:00,SRC_TMD,True
20250706_SSK,2025-07-06,R_SSK,2,False,True,2025-07-06T00:00:00+07:00,2025-07-06T23:00:00+07:00,SRC_TMD,True
20250706_NMA,2025-07-06,R_NMA,2,False,False,2025-07-06T00:00:00+07:00,2025-07-06T23:00:00+07:00,SRC_TMD,True
20250706_UTH,2025-07-06,R_UTH,3,False,False,2025-07-06T00:00:00+07:00,2025-07-06T23:00:00+07:00,SRC_TMD,True
20250706_RET,2025-07-06,R_RET,1,False,False,2025-07-06T00:00:00+07:00,2025-07-06T23:00:00+07:00,SRC_TMD,True
20250706_LPT,2025-07-06,R_LPT,2,False,False,2025-07-06T00:00:00+07:00,2025-07-06T23:00:00+07:00,SRC_TMD,True
20250706_RYG,2025-07-06,R_RYG,2,True,True,2025-07-06T00:00:00+07:00,2025-07-06T23:00:00+07:00,SRC_TMD,True
20250707_CNX,2025-07-07,R_CNX,3,False,False,2025-07-07T00:00:00+07:00,2025-07-07T23:00:00+07:00,SRC_TMD,True
20250707_BKK,2025-07-07,R_BKK,1,False,False,2025-07-07T00:00:00+07:00,2025-07-07T23:00:00+07:00,SRC_TMD,True
20250707_KKC,2025-07-07,R_KKC,2,True,True,2025-07-07T00:00:00+07:00,2025-07-07T23:00:00+07:00,SRC_TMD,True
20250707_KSN,2025-07-07,R_KSN,2,True,True,2025-07-07T00:00:00+07:00,2025-07-07T23:00:00+07:00,SRC_TMD,True
20250707_SSK,2025-07-07,R_SSK,1,True,True,2025-07-07T00:00:00+07:00,2025-07-07T23:00:00+07:00,SRC_TMD,True
20250707_NMA,2025-07-07,R_NMA,1,False,False,2025-07-07T00:00:00+07:00,2025-07-07T23:00:00+07:00,SRC_TMD,True
20250707_UTH,2025-07-07,R_UTH,1,True,True,2025-07-07T00:00:00+07:00,2025-07-07T23:00:00+07:00,SRC_TMD,True
20250707_RET,2025-07-07,R_RET,3,True,False,2025-07-07T00:00:00+07:00,2025-07-07T23:00:00+07:00,SRC_TMD,True
20250707_LPT,2025-07-07,R_LPT,2,True,True,2025-07-07T00:00:00+07:00,2025-07-07T23:00:00+07:00,SRC_TMD,True
20250707_RYG,2025-07-07,R_RYG,2,False,True,2025-07-07T00:00:00+07:00,2025-07-07T23:00:00+07:00,SRC_TMD,True
20250708_CNX,2025-07-08,R_CNX,1,False,False,2025-07-08T00:00:00+07:00,2025-07-08T23:00:00+07:00,SRC_TMD,True
20250708_BKK,2025-07-08,R_BKK,3,False,False,2025-07-08T00:00:00+07:00,2025-07-08T23:00:00+07:00,SRC_TMD,True
20250708_KKC,2025-07-08,R_KKC,1,False,False,2025-07-08T00:00:00+07:00,2025-07-08T23:00:00+07:00,SRC_TMD,True
20250708_KSN,2025-07-08,R_KSN,2,False,False,2025-07-08T00:00:00+07:00,2025-07-08T23:00:00+07:00,SRC_TMD,True
20250708_SSK,2025-07-08,R_SSK,2,True,True,2025-07-08T00:00:00+07:00,2025-07-08T23:00:00+07:00,SRC_TMD,True
20250708_NMA,2025-07-08,R_NMA,2,False,False,2025-07-08T00:00:00+07:00,2025-07-08T23:00:00+07:00,SRC_TMD,True
20250708_UTH,2025-07-08,R_UTH,2,True,True,2025-07-08T00:00:00+07:00,2025-07-08T23:00:00+07:00,SRC_TMD,True
20250708_RET,2025-07-08,R_RET,2,True,False,2025-07-08T00:00:00+07:00,2025-07-08T23:00:00+07:00,SRC_TMD,True
20250708_LPT,2025-07-08,R_LPT,3,False,False,2025-07-08T00:00:00+07:00,2025-07-08T23:00:00+07:00,SRC_TMD,True
20250708_RYG,2025-07-08,R_RYG,3,True,True,2025-07-08T00:00:00+07:00,2025-07-08T23:00:00+07:00,SRC_TMD,True
20250709_CNX,2025-07-09,R_CNX,2,True,True,2025-07-09T00:00:00+07:00,2025-07-09T23:00:00+07:00,SRC_TMD,True
20250709_BKK,2025-07-09,R_BKK,1,False,False,2025-07-09T00:00:00+07:00,2025-07-09T23:00:00+07:00,SRC_TMD,True
20250709_KKC,2025-07-09,R_KKC,2,False,False,2025-07-09T00:00:00+07:00,2025-07-09T23:00:00+07:00,SRC_TMD,True
20250709_KSN,2025-07-09,R_KSN,2,False,False,2025-07-09T00:00:00+07:00,2025-07-09T23:00:00+07:00,SRC_TMD,True
20250709_SSK,2025-07-09,R_SSK,2,False,True,2025-07-09T00:00:00+07:00,2025-07-09T23:00:00+07:00,SRC_TMD,True
20250709_NMA,2025-07-09,R_NMA,2,False,True,2025-07-09T00:00:00+07:00,2025-07-09T23:00:00+07:00,SRC_TMD,True
20250709_UTH,2025-07-09,R_UTH,2,True,True,2025-07-09T00:00:00+07:00,2025-07-09T23:00:00+07:00,SRC_TMD,True
20250709_RET,2025-07-09,R_RET,1,True,True,2025-07-09T00:00:00+07:00,2025-07-09T23:00:00+07:00,SRC_TMD,True
20250709_LPT,2025-07-09,R_LPT,1,False,False,2025-07-09T00:00:00+07:00,2025-07-09T23:00:00+07:00,SRC_TMD,True
20250709_RYG,2025-07-09,R_RYG,2,False,False,2025-07-09T00:00:00+07:00,2025-07-09T23:00:00+07:00,SRC_TMD,True
20250710_CNX,2025-07-10,R_CNX,2,False,False,2025-07-10T00:00:00+07:00,2025-07-10T23:00:00+07:00,SRC_TMD,True
20250710_BKK,2025-07-10,R_BKK,2,True,True,2025-07-10T00:00:00+07:00,2025-07-10T23:00:00+07:00,SRC_TMD,True
20250710_KKC,2025-07-10,R_KKC,3,True,True,2025-07-10T00:00:00+07:00,2025-07-10T23:00:00+07:00,SRC_TMD,True
20250710_KSN,2025-07-10,R_KSN,2,True,True,2025-07-10T00:00:00+07:00,2025-07-10T23:00:00+07:00,SRC_TMD,True
20250710_SSK,2025-07-10,R_SSK,3,False,False,2025-07-10T00:00:00+07:00,2025-07-10T23:00:00+07:00,SRC_TMD,True
20250710_NMA,2025-07-10,R_NMA,1,True,True,2025-07-10T00:00:00+07:00,2025-07-10T23:00:00+07:00,SRC_TMD,True
20250710_UTH,2025-07-10,R_UTH,2,False,False,2025-07-10T00:00:00+07:00,2025-07-10T23:00:00+07:00,SRC_TMD,True
20250710_RET,2025-07-10,R_RET,2,True,True,2025-07-10T00:00:00+07:00,2025-07-10T23:00:00+07:00,SRC_TMD,True
20250710_LPT,2025-07-10,R_LPT,2,True,False,2025-07-10T00:00:00+07:00,2025-07-10T23:00:00+07:00,SRC_TMD,True
20250710_RYG,2025-07-10,R_RYG,2,True,True,2025-07-10T00:00:00+07:00,2025-07-10T23:00:00+07:00,SRC_TMD,True
20250711_CNX,2025-07-11,R_CNX,2,False,False,2025-07-11T00:00:00+07:00,2025-07-11T23:00:00+07:00,SRC_TMD,True
20250711_BKK,2025-07-11,R_BKK,1,True,True,2025-07-11T00:00:00+07:00,2025-07-11T23:00:00+07:00,SRC_TMD,True
20250711_KKC,2025-07-11,R_KKC,1,True,True,2025-07-11T00:00:00+07:00,2025-07-11T23:00:00+07:00,SRC_TMD,True
20250711_KSN,2025-07-11,R_KSN,1,False,True,2025-07-11T00:00:00+07:00,2025-07-11T23:00:00+07:00,SRC_TMD,True
20250711_SSK,2025-07-11,R_SSK,2,False,False,2025-07-11T00:00:00+07:00,2025-07-11T23:00:00+07:00,SRC_TMD,True
20250711_NMA,2025-07-11,R_NMA,2,False,False,2025-07-11T00:00:00+07:00,2025-07-11T23:00:00+07:00,SRC_TMD,True
20250711_UTH,2025-07-11,R_UTH,2,True,True,2025-07-11T00:00:00+07:00,2025-07-11T23:00:00+07:00,SRC_TMD,True
20250711_RET,2025-07-11,R_RET,1,False,False,2025-07-11T00:00:00+07:00,2025-07-11T23:00:00+07:00,SRC_TMD,True
20250711_LPT,2025-07-11,R_LPT,2,False,False,2025-07-11T00:00:00+07:00,2025-07-11T23:00:00+07:00,SRC_TMD,True
20250711_RYG,2025-07-11,R_RYG,1,True,True,2025-07-11T00:00:00+07:00,2025-07-11T23:00:00+07:00,SRC_TMD,True
20250712_CNX,2025-07-12,R_CNX,1,False,False,2025-07-12T00:00:00+07:00,2025-07-12T23:00:00+07:00,SRC_TMD,True
20250712_BKK,2025-07-12,R_BKK,1,False,False,2025-07-12T00:00:00+07:00,2025-07-12T23:00:00+07:00,SRC_TMD,True
20250712_KKC,2025-07-12,R_KKC,2,False,False,2025-07-12T00:00:00+07:00,2025-07-12T23:00:00+07:00,SRC_TMD,True
20250712_KSN,2025-07-12,R_KSN,2,True,True,2025-07-12T00:00:00+07:00,2025-07-12T23:00:00+07:00,SRC_TMD,True
20250712_SSK,2025-07-12,R_SSK,2,False,False,2025-07-12T00:00:00+07:00,2025-07-12T23:00:00+07:00,SRC_TMD,True
20250712_NMA,2025-07-12,R_NMA,2,False,False,2025-07-12T00:00:00+07:00,2025-07-12T23:00:00+07:00,SRC_TMD,True
20250712_UTH,2025-07-12,R_UTH,3,True,True,2025-07-12T00:00:00+07:00,2025-07-12T23:00:00+07:00,SRC_TMD,True
20250712_RET,2025-07-12,R_RET,2,True,True,2025-07-12T00:00:00+07:00,2025-07-12T23:00:00+07:00,SRC_TMD,True
20250712_LPT,2025-07-12,R_LPT,2,False,False,2025-07-12T00:00:00+07:00,2025-07-12T23:00:00+07:00,SRC_TMD,True
20250712_RYG,2025-07-12,R_RYG,3,True,False,2025-07-12T00:00:00+07:00,2025-07-12T23:00:00+07:00,SRC_TMD,True
20250713_CNX,2025-07-13,R_CNX,2,False,False,2025-07-13T00:00:00+07:00,2025-07-13T23:00:00+07:00,SRC_TMD,True
20250713_BKK,2025-07-13,R_BKK,2,True,True,2025-07-13T00:00:00+07:00,2025-07-13T23:00:00+07:00,SRC_TMD,True
20250713_KKC,2025-07-13,R_KKC,3,False,False,2025-07-13T00:00:00+07:00,2025-07-13T23:00:00+07:00,SRC_TMD,True
20250713_KSN,2025-07-13,R_KSN,2,False,False,2025-07-13T00:00:00+07:00,2025-07-13T23:00:00+07:00,SRC_TMD,True
20250713_SSK,2025-07-13,R_SSK,1,True,True,2025-07-13T00:00:00+07:00,2025-07-13T23:00:00+07:00,SRC_TMD,True
20250713_NMA,2025-07-13,R_NMA,2,True,True,2025-07-13T00:00:00+07:00,2025-07-13T23:00:00+07:00,SRC_TMD,True
20250713_UTH,2025-07-13,R_UTH,1,False,False,2025-07-13T00:00:00+07:00,2025-07-13T23:00:00+07:00,SRC_TMD,True
20250713_RET,2025-07-13,R_RET,3,True,True,2025-07-13T00:00:00+07:00,2025-07-13T23:00:00+07:00,SRC_TMD,True
20250713_LPT,2025-07-13,R_LPT,2,False,False,2025-07-13T00:00:00+07:00,2025-07-13T23:00:00+07:00,SRC_TMD,True
20250713_RYG,2025-07-13,R_RYG,2,False,False,2025-07-13T00:00:00+07:00,2025-07-13T23:00:00+07:00,SRC_TMD,True
20250714_CNX,2025-07-14,R_CNX,3,False,False,2025-07-14T00:00:00+07:00,2025-07-14T23:00:00+07:00,SRC_TMD,True
20250714_BKK,2025-07-14,R_BKK,1,False,False,2025-07-14T00:00:00+07:00,2025-07-14T23:00:00+07:00,SRC_TMD,True
20250714_KKC,2025-07-14,R_KKC,2,False,False,2025-07-14T00:00:00+07:00,2025-07-14T23:00:00+07:00,SRC_TMD,True
20250714_KSN,2025-07-14,R_KSN,1,False,False,2025-07-14T00:00:00+07:00,2025-07-14T23:00:00+07:00,SRC_TMD,True
20250714_SSK,2025-07-14,R_SSK,2,True,True,2025-07-14T00:00:00+07:00,2025-07-14T23:00:00+07:00,SRC_TMD,True
20250714_NMA,2025-07-14,R_NMA,1,False,False,2025-07-14T00:00:00+07:00,2025-07-14T23:00:00+07:00,SRC_TMD,True
20250714_UTH,2025-07-14,R_UTH,2,False,False,2025-07-14T00:00:00+07:00,2025-07-14T23:00:00+07:00,SRC_TMD,True
20250714_RET,2025-07-14,R_RET,1,True,True,2025-07-14T00:00:00+07:00,2025-07-14T23:00:00+07:00,SRC_TMD,True
20250714_LPT,2025-07-14,R_LPT,3,False,False,2025-07-14T00:00:00+07:00,2025-07-14T23:00:00+07:00,SRC_TMD,True
20250714_RYG,2025-07-14,R_RYG,1,False,False,2025-07-14T00:00:00+07:00,2025-07-14T23:00:00+07:00,SRC_TMD,True
20250715_CNX,2025-07-15,R_CNX,1,False,False,2025-07-15T00:00:00+07:00,2025-07-15T23:00:00+07:00,SRC_TMD,True
20250715_BKK,2025-07-15,R_BKK,2,False,False,2025-07-15T00:00:00+07:00,2025-07-15T23:00:00+07:00,SRC_TMD,True
20250715_KKC,2025-07-15,R_KKC,1,False,False,2025-07-15T00:00:00+07:00,2025-07-15T23:00:00+07:00,SRC_TMD,True
20250715_KSN,2025-07-15,R_KSN,2,False,False,2025-07-15T00:00:00+07:00,2025-07-15T23:00:00+07:00,SRC_TMD,True
20250715_SSK,2025-07-15,R_SSK,2,True,True,2025-07-15T00:00:00+07:00,2025-07-15T23:00:00+07:00,SRC_TMD,True
20250715_NMA,2025-07-15,R_NMA,2,False,True,2025-07-15T00:00:00+07:00,2025-07-15T23:00:00+07:00,SRC_TMD,True
20250715_UTH,2025-07-15,R_UTH,2,False,False,2025-07-15T00:00:00+07:00,2025-07-15T23:00:00+07:00,SRC_TMD,True
20250715_RET,2025-07-15,R_RET,2,True,True,2025-07-15T00:00:00+07:00,2025-07-15T23:00:00+07:00,SRC_TMD,True
20250715_LPT,2025-07-15,R_LPT,3,True,True,2025-07-15T00:00:00+07:00,2025-07-15T23:00:00+07:00,SRC_TMD,True
20250715_RYG,2025-07-15,R_RYG,2,False,True,2025-07-15T00:00:00+07:00,2025-07-15T23:00:00+07:00,SRC_TMD,True
20250716_CNX,2025-07-16,R_CNX,1,True,True,2025-07-16T00:00:00+07:00,2025-07-16T23:00:00+07:00,SRC_TMD,True
20250716_BKK,2025-07-16,R_BKK,1,False,False,2025-07-16T00:00:00+07:00,2025-07-16T23:00:00+07:00,SRC_TMD,True
20250716_KKC,2025-07-16,R_KKC,2,False,False,2025-07-16T00:00:00+07:00,2025-07-16T23:00:00+07:00,SRC_TMD,True
20250716_KSN,2025-07-16,R_KSN,2,True,False,2025-07-16T00:00:00+07:00,2025-07-16T23:00:00+07:00,SRC_TMD,True
20250716_SSK,2025-07-16,R_SSK,2,False,False,2025-07-16T00:00:00+07:00,2025-07-16T23:00:00+07:00,SRC_TMD,True
20250716_NMA,2025-07-16,R_NMA,1,True,True,2025-07-16T00:00:00+07:00,2025-07-16T23:00:00+07:00,SRC_TMD,True
20250716_UTH,2025-07-16,R_UTH,2,False,False,2025-07-16T00:00:00+07:00,2025-07-16T23:00:00+07:00,SRC_TMD,True
20250716_RET,2025-07-16,R_RET,2,True,False,2025-07-16T00:00:00+07:00,2025-07-16T23:00:00+07:00,SRC_TMD,True
20250716_LPT,2025-07-16,R_LPT,2,False,False,2025-07-16T00:00:00+07:00,2025-07-16T23:00:00+07:00,SRC_TMD,True
20250716_RYG,2025-07-16,R_RYG,2,False,False,2025-07-16T00:00:00+07:00,2025-07-16T23:00:00+07:00,SRC_TMD,True
20250717_CNX,2025-07-17,R_CNX,2,False,False,2025-07-17T00:00:00+07:00,2025-07-17T23:00:00+07:00,SRC_TMD,True
20250717_BKK,2025-07-17,R_BKK,2,False,False,2025-07-17T00:00:00+07:00,2025-07-17T23:00:00+07:00,SRC_TMD,True
20250717_KKC,2025-07-17,R_KKC,3,True,True,2025-07-17T00:00:00+07:00,2025-07-17T23:00:00+07:00,SRC_TMD,True
20250717_KSN,2025-07-17,R_KSN,2,True,False,2025-07-17T00:00:00+07:00,2025-07-17T23:00:00+07:00,SRC_TMD,True
20250717_SSK,2025-07-17,R_SSK,2,False,False,2025-07-17T00:00:00+07:00,2025-07-17T23:00:00+07:00,SRC_TMD,True
20250717_NMA,2025-07-17,R_NMA,2,False,False,2025-07-17T00:00:00+07:00,2025-07-17T23:00:00+07:00,SRC_TMD,True
20250717_UTH,2025-07-17,R_UTH,3,False,False,2025-07-17T00:00:00+07:00,2025-07-17T23:00:00+07:00,SRC_TMD,True
20250717_RET,2025-07-17,R_RET,2,False,False,2025-07-17T00:00:00+07:00,2025-07-17T23:00:00+07:00,SRC_TMD,True
20250717_LPT,2025-07-17,R_LPT,2,True,False,2025-07-17T00:00:00+07:00,2025-07-17T23:00:00+07:00,SRC_TMD,True
20250717_RYG,2025-07-17,R_RYG,1,False,False,2025-07-17T00:00:00+07:00,2025-07-17T23:00:00+07:00,SRC_TMD,True
20250718_CNX,2025-07-18,R_CNX,2,False,True,2025-07-18T00:00:00+07:00,2025-07-18T23:00:00+07:00,SRC_TMD,True
20250718_BKK,2025-07-18,R_BKK,2,False,False,2025-07-18T00:00:00+07:00,2025-07-18T23:00:00+07:00,SRC_TMD,True
20250718_KKC,2025-07-18,R_KKC,3,False,False,2025-07-18T00:00:00+07:00,2025-07-18T23:00:00+07:00,SRC_TMD,True
20250718_KSN,2025-07-18,R_KSN,2,False,False,2025-07-18T00:00:00+07:00,2025-07-18T23:00:00+07:00,SRC_TMD,True
20250718_SSK,2025-07-18,R_SSK,2,False,False,2025-07-18T00:00:00+07:00,2025-07-18T23:00:00+07:00,SRC_TMD,True
20250718_NMA,2025-07-18,R_NMA,2,False,True,2025-07-18T00:00:00+07:00,2025-07-18T23:00:00+07:00,SRC_TMD,True
20250718_UTH,2025-07-18,R_UTH,2,True,False,2025-07-18T00:00:00+07:00,2025-07-18T23:00:00+07:00,SRC_TMD,True
20250718_RET,2025-07-18,R_RET,1,False,True,2025-07-18T00:00:00+07:00,2025-07-18T23:00:00+07:00,SRC_TMD,True
20250718_LPT,2025-07-18,R_LPT,2,True,True,2025-07-18T00:00:00+07:00,2025-07-18T23:00:00+07:00,SRC_TMD,True
20250718_RYG,2025-07-18,R_RYG,1,False,False,2025-07-18T00:00:00+07:00,2025-07-18T23:00:00+07:00,SRC_TMD,True
20250719_CNX,2025-07-19,R_CNX,1,False,False,2025-07-19T00:00:00+07:00,2025-07-19T23:00:00+07:00,SRC_TMD,True
20250719_BKK,2025-07-19,R_BKK,2,False,False,2025-07-19T00:00:00+07:00,2025-07-19T23:00:00+07:00,SRC_TMD,True
20250719_KKC,2025-07-19,R_KKC,2,True,True,2025-07-19T00:00:00+07:00,2025-07-19T23:00:00+07:00,SRC_TMD,True
20250719_KSN,2025-07-19,R_KSN,3,False,False,2025-07-19T00:00:00+07:00,2025-07-19T23:00:00+07:00,SRC_TMD,True
20250719_SSK,2025-07-19,R_SSK,2,False,False,2025-07-19T00:00:00+07:00,2025-07-19T23:00:00+07:00,SRC_TMD,True
20250719_NMA,2025-07-19,R_NMA,2,False,False,2025-07-19T00:00:00+07:00,2025-07-19T23:00:00+07:00,SRC_TMD,True
20250719_UTH,2025-07-19,R_UTH,1,False,False,2025-07-19T00:00:00+07:00,2025-07-19T23:00:00+07:00,SRC_TMD,True
20250719_RET,2025-07-19,R_RET,3,False,False,2025-07-19T00:00:00+07:00,2025-07-19T23:00:00+07:00,SRC_TMD,True
20250719_LPT,2025-07-19,R_LPT,1,True,True,2025-07-19T00:00:00+07:00,2025-07-19T23:00:00+07:00,SRC_TMD,True
20250719_RYG,2025-07-19,R_RYG,3,True,True,2025-07-19T00:00:00+07:00,2025-07-19T23:00:00+07:00,SRC_TMD,True
20250720_CNX,2025-07-20,R_CNX,3,False,False,2025-07-20T00:00:00+07:00,2025-07-20T23:00:00+07:00,SRC_TMD,True
20250720_BKK,2025-07-20,R_BKK,2,True,False,2025-07-20T00:00:00+07:00,2025-07-20T23:00:00+07:00,SRC_TMD,True
20250720_KKC,2025-07-20,R_KKC,2,False,False,2025-07-20T00:00:00+07:00,2025-07-20T23:00:00+07:00,SRC_TMD,True
20250720_KSN,2025-07-20,R_KSN,2,False,False,2025-07-20T00:00:00+07:00,2025-07-20T23:00:00+07:00,SRC_TMD,True
20250720_SSK,2025-07-20,R_SSK,3,True,True,2025-07-20T00:00:00+07:00,2025-07-20T23:00:00+07:00,SRC_TMD,True
20250720_NMA,2025-07-20,R_NMA,2,True,False,2025-07-20T00:00:00+07:00,2025-07-20T23:00:00+07:00,SRC_TMD,True
20250720_UTH,2025-07-20,R_UTH,1,True,True,2025-07-20T00:00:00+07:00,2025-07-20T23:00:00+07:00,SRC_TMD,True
20250720_RET,2025-07-20,R_RET,2,True,True,2025-07-20T00:00:00+07:00,2025-07-20T23:00:00+07:00,SRC_TMD,True
20250720_LPT,2025-07-20,R_LPT,3,False,False,2025-07-20T00:00:00+07:00,2025-07-20T23:00:00+07:00,SRC_TMD,True
20250720_RYG,2025-07-20,R_RYG,3,True,False,2025-07-20T00:00:00+07:00,2025-07-20T23:00:00+07:00,SRC_TMD,True
20250721_CNX,2025-07-21,R_CNX,2,False,False,2025-07-21T00:00:00+07:00,2025-07-21T23:00:00+07:00,SRC_TMD,True
20250721_BKK,2025-07-21,R_BKK,3,True,True,2025-07-21T00:00:00+07:00,2025-07-21T23:00:00+07:00,SRC_TMD,True
20250721_KKC,2025-07-21,R_KKC,1,True,True,2025-07-21T00:00:00+07:00,2025-07-21T23:00:00+07:00,SRC_TMD,True
20250721_KSN,2025-07-21,R_KSN,2,False,False,2025-07-21T00:00:00+07:00,2025-07-21T23:00:00+07:00,SRC_TMD,True
20250721_SSK,2025-07-21,R_SSK,1,True,False,2025-07-21T00:00:00+07:00,2025-07-21T23:00:00+07:00,SRC_TMD,True
20250721_NMA,2025-07-21,R_NMA,3,False,False,2025-07-21T00:00:00+07:00,2025-07-21T23:00:00+07:00,SRC_TMD,True
20250721_UTH,2025-07-21,R_UTH,1,False,False,2025-07-21T00:00:00+07:00,2025-07-21T23:00:00+07:00,SRC_TMD,True
20250721_RET,2025-07-21,R_RET,3,False,True,2025-07-21T00:00:00+07:00,2025-07-21T23:00:00+07:00,SRC_TMD,True
20250721_LPT,2025-07-21,R_LPT,3,False,True,2025-07-21T00:00:00+07:00,2025-07-21T23:00:00+07:00,SRC_TMD,True
20250721_RYG,2025-07-21,R_RYG,2,False,False,2025-07-21T00:00:00+07:00,2025-07-21T23:00:00+07:00,SRC_TMD,True
20250722_CNX,2025-07-22,R_CNX,1,False,False,2025-07-22T00:00:00+07:00,2025-07-22T23:00:00+07:00,SRC_TMD,True
20250722_BKK,2025-07-22,R_BKK,2,False,False,2025-07-22T00:00:00+07:00,2025-07-22T23:00:00+07:00,SRC_TMD,True
20250722_KKC,2025-07-22,R_KKC,1,True,True,2025-07-22T00:00:00+07:00,2025-07-22T23:00:00+07:00,SRC_TMD,True
20250722_KSN,2025-07-22,R_KSN,3,True,True,2025-07-22T00:00:00+07:00,2025-07-22T23:00:00+07:00,SRC_TMD,True
20250722_SSK,2025-07-22,R_SSK,2,True,True,2025-07-22T00:00:00+07:00,2025-07-22T23:00:00+07:00,SRC_TMD,True
20250722_NMA,2025-07-22,R_NMA,2,False,False,2025-07-22T00:00:00+07:00,2025-07-22T23:00:00+07:00,SRC_TMD,True
20250722_UTH,2025-07-22,R_UTH,3,False,False,2025-07-22T00:00:00+07:00,2025-07-22T23:00:00+07:00,SRC_TMD,True
20250722_RET,2025-07-22,R_RET,2,False,False,2025-07-22T00:00:00+07:00,2025-07-22T23:00:00+07:00,SRC_TMD,True
20250722_LPT,2025-07-22,R_LPT,3,False,True,2025-07-22T00:00:00+07:00,2025-07-22T23:00:00+07:00,SRC_TMD,True
20250722_RYG,2025-07-22,R_RYG,2,False,False,2025-07-22T00:00:00+07:00,2025-07-22T23:00:00+07:00,SRC_TMD,True
20250723_CNX,2025-07-23,R_CNX,2,False,False,2025-07-23T00:00:00+07:00,2025-07-23T23:00:00+07:00,SRC_TMD,True
20250723_BKK,2025-07-23,R_BKK,1,True,True,2025-07-23T00:00:00+07:00,2025-07-23T23:00:00+07:00,SRC_TMD,True
20250723_KKC,2025-07-23,R_KKC,2,False,False,2025-07-23T00:00:00+07:00,2025-07-23T23:00:00+07:00,SRC_TMD,True
20250723_KSN,2025-07-23,R_KSN,1,True,True,2025-07-23T00:00:00+07:00,2025-07-23T23:00:00+07:00,SRC_TMD,True
20250723_SSK,2025-07-23,R_SSK,2,True,True,2025-07-23T00:00:00+07:00,2025-07-23T23:00:00+07:00,SRC_TMD,True
20250723_NMA,2025-07-23,R_NMA,2,True,True,2025-07-23T00:00:00+07:00,2025-07-23T23:00:00+07:00,SRC_TMD,True
20250723_UTH,2025-07-23,R_UTH,2,True,True,2025-07-23T00:00:00+07:00,2025-07-23T23:00:00+07:00,SRC_TMD,True
20250723_RET,2025-07-23,R_RET,1,True,True,2025-07-23T00:00:00+07:00,2025-07-23T23:00:00+07:00,SRC_TMD,True
20250723_LPT,2025-07-23,R_LPT,3,False,False,2025-07-23T00:00:00+07:00,2025-07-23T23:00:00+07:00,SRC_TMD,True
20250723_RYG,2025-07-23,R_RYG,1,False,False,2025-07-23T00:00:00+07:00,2025-07-23T23:00:00+07:00,SRC_TMD,True
20250724_CNX,2025-07-24,R_CNX,2,False,True,2025-07-24T00:00:00+07:00,2025-07-24T23:00:00+07:00,SRC_TMD,True
20250724_BKK,2025-07-24,R_BKK,2,False,False,2025-07-24T00:00:00+07:00,2025-07-24T23:00:00+07:00,SRC_TMD,True
20250724_KKC,2025-07-24,R_KKC,2,True,True,2025-07-24T00:00:00+07:00,2025-07-24T23:00:00+07:00,SRC_TMD,True
20250724_KSN,2025-07-24,R_KSN,2,True,True,2025-07-24T00:00:00+07:00,2025-07-24T23:00:00+07:00,SRC_TMD,True
20250724_SSK,2025-07-24,R_SSK,1,True,True,2025-07-24T00:00:00+07:00,2025-07-24T23:00:00+07:00,SRC_TMD,True
20250724_NMA,2025-07-24,R_NMA,2,False,False,2025-07-24T00:00:00+07:00,2025-07-24T23:00:00+07:00,SRC_TMD,True
20250724_UTH,2025-07-24,R_UTH,3,False,True,2025-07-24T00:00:00+07:00,2025-07-24T23:00:00+07:00,SRC_TMD,True
20250724_RET,2025-07-24,R_RET,3,False,False,2025-07-24T00:00:00+07:00,2025-07-24T23:00:00+07:00,SRC_TMD,True
20250724_LPT,2025-07-24,R_LPT,2,False,False,2025-07-24T00:00:00+07:00,2025-07-24T23:00:00+07:00,SRC_TMD,True
20250724_RYG,2025-07-24,R_RYG,2,True,True,2025-07-24T00:00:00+07:00,2025-07-24T23:00:00+07:00,SRC_TMD,True
20250725_CNX,2025-07-25,R_CNX,2,False,False,2025-07-25T00:00:00+07:00,2025-07-25T23:00:00+07:00,SRC_TMD,True
20250725_BKK,2025-07-25,R_BKK,2,False,True,2025-07-25T00:00:00+07:00,2025-07-25T23:00:00+07:00,SRC_TMD,True
20250725_KKC,2025-07-25,R_KKC,2,True,True,2025-07-25T00:00:00+07:00,2025-07-25T23:00:00+07:00,SRC_TMD,True
20250725_KSN,2025-07-25,R_KSN,3,True,True,2025-07-25T00:00:00+07:00,2025-07-25T23:00:00+07:00,SRC_TMD,True
20250725_SSK,2025-07-25,R_SSK,2,True,False,2025-07-25T00:00:00+07:00,2025-07-25T23:00:00+07:00,SRC_TMD,True
20250725_NMA,2025-07-25,R_NMA,2,False,False,2025-07-25T00:00:00+07:00,2025-07-25T23:00:00+07:00,SRC_TMD,True
20250725_UTH,2025-07-25,R_UTH,2,True,True,2025-07-25T00:00:00+07:00,2025-07-25T23:00:00+07:00,SRC_TMD,True
20250725_RET,2025-07-25,R_RET,2,False,False,2025-07-25T00:00:00+07:00,2025-07-25T23:00:00+07:00,SRC_TMD,True
20250725_LPT,2025-07-25,R_LPT,2,True,True,2025-07-25T00:00:00+07:00,2025-07-25T23:00:00+07:00,SRC_TMD,True
20250725_RYG,2025-07-25,R_RYG,3,True,True,2025-07-25T00:00:00+07:00,2025-07-25T23:00:00+07:00,SRC_TMD,True
20250726_CNX,2025-07-26,R_CNX,2,True,True,2025-07-26T00:00:00+07:00,2025-07-26T23:00:00+07:00,SRC_TMD,True
20250726_BKK,2025-07-26,R_BKK,2,False,True,2025-07-26T00:00:00+07:00,2025-07-26T23:00:00+07:00,SRC_TMD,True
20250726_KKC,2025-07-26,R_KKC,2,True,True,2025-07-26T00:00:00+07:00,2025-07-26T23:00:00+07:00,SRC_TMD,True
20250726_KSN,2025-07-26,R_KSN,3,False,False,2025-07-26T00:00:00+07:00,2025-07-26T23:00:00+07:00,SRC_TMD,True
20250726_SSK,2025-07-26,R_SSK,2,False,False,2025-07-26T00:00:00+07:00,2025-07-26T23:00:00+07:00,SRC_TMD,True
20250726_NMA,2025-07-26,R_NMA,2,False,False,2025-07-26T00:00:00+07:00,2025-07-26T23:00:00+07:00,SRC_TMD,True
20250726_UTH,2025-07-26,R_UTH,2,False,True,2025-07-26T00:00:00+07:00,2025-07-26T23:00:00+07:00,SRC_TMD,True
20250726_RET,2025-07-26,R_RET,3,False,False,2025-07-26T00:00:00+07:00,2025-07-26T23:00:00+07:00,SRC_TMD,True
20250726_LPT,2025-07-26,R_LPT,1,True,True,2025-07-26T00:00:00+07:00,2025-07-26T23:00:00+07:00,SRC_TMD,True
20250726_RYG,2025-07-26,R_RYG,1,True,True,2025-07-26T00:00:00+07:00,2025-07-26T23:00:00+07:00,SRC_TMD,True
20250727_CNX,2025-07-27,R_CNX,2,False,False,2025-07-27T00:00:00+07:00,2025-07-27T23:00:00+07:00,SRC_TMD,True
20250727_BKK,2025-07-27,R_BKK,2,True,True,2025-07-27T00:00:00+07:00,2025-07-27T23:00:00+07:00,SRC_TMD,True
20250727_KKC,2025-07-27,R_KKC,1,True,True,2025-07-27T00:00:00+07:00,2025-07-27T23:00:00+07:00,SRC_TMD,True
20250727_KSN,2025-07-27,R_KSN,1,False,True,2025-07-27T00:00:00+07:00,2025-07-27T23:00:00+07:00,SRC_TMD,True
20250727_SSK,2025-07-27,R_SSK,2,True,True,2025-07-27T00:00:00+07:00,2025-07-27T23:00:00+07:00,SRC_TMD,True
20250727_NMA,2025-07-27,R_NMA,2,False,False,2025-07-27T00:00:00+07:00,2025-07-27T23:00:00+07:00,SRC_TMD,True
20250727_UTH,2025-07-27,R_UTH,1,True,True,2025-07-27T00:00:00+07:00,2025-07-27T23:00:00+07:00,SRC_TMD,True
20250727_RET,2025-07-27,R_RET,3,False,False,2025-07-27T00:00:00+07:00,2025-07-27T23:00:00+07:00,SRC_TMD,True
20250727_LPT,2025-07-27,R_LPT,3,True,True,2025-07-27T00:00:00+07:00,2025-07-27T23:00:00+07:00,SRC_TMD,True
20250727_RYG,2025-07-27,R_RYG,1,False,False,2025-07-27T00:00:00+07:00,2025-07-27T23:00:00+07:00,SRC_TMD,True
20250728_CNX,2025-07-28,R_CNX,1,True,True,2025-07-28T00:00:00+07:00,2025-07-28T23:00:00+07:00,SRC_TMD,True
20250728_BKK,2025-07-28,R_BKK,1,False,False,2025-07-28T00:00:00+07:00,2025-07-28T23:00:00+07:00,SRC_TMD,True
20250728_KKC,2025-07-28,R_KKC,1,True,True,2025-07-28T00:00:00+07:00,2025-07-28T23:00:00+07:00,SRC_TMD,True
20250728_KSN,2025-07-28,R_KSN,1,False,False,2025-07-28T00:00:00+07:00,2025-07-28T23:00:00+07:00,SRC_TMD,True
20250728_SSK,2025-07-28,R_SSK,2,False,False,2025-07-28T00:00:00+07:00,2025-07-28T23:00:00+07:00,SRC_TMD,True
20250728_NMA,2025-07-28,R_NMA,2,False,False,2025-07-28T00:00:00+07:00,2025-07-28T23:00:00+07:00,SRC_TMD,True
20250728_UTH,2025-07-28,R_UTH,3,False,False,2025-07-28T00:00:00+07:00,2025-07-28T23:00:00+07:00,SRC_TMD,True
20250728_RET,2025-07-28,R_RET,2,True,True,2025-07-28T00:00:00+07:00,2025-07-28T23:00:00+07:00,SRC_TMD,True
20250728_LPT,2025-07-28,R_LPT,2,True,True,2025-07-28T00:00:00+07:00,2025-07-28T23:00:00+07:00,SRC_TMD,True
20250728_RYG,2025-07-28,R_RYG,2,False,False,2025-07-28T00:00:00+07:00,2025-07-28T23:00:00+07:00,SRC_TMD,True
20250729_CNX,2025-07-29,R_CNX,3,True,True,2025-07-29T00:00:00+07:00,2025-07-29T23:00:00+07:00,SRC_TMD,True
20250729_BKK,2025-07-29,R_BKK,3,False,False,2025-07-29T00:00:00+07:00,2025-07-29T23:00:00+07:00,SRC_TMD,True
20250729_KKC,2025-07-29,R_KKC,3,True,True,2025-07-29T00:00:00+07:00,2025-07-29T23:00:00+07:00,SRC_TMD,True
20250729_KSN,2025-07-29,R_KSN,1,True,True,2025-07-29T00:00:00+07:00,2025-07-29T23:00:00+07:00,SRC_TMD,True
20250729_SSK,2025-07-29,R_SSK,2,False,True,2025-07-29T00:00:00+07:00,2025-07-29T23:00:00+07:00,SRC_TMD,True
20250729_NMA,2025-07-29,R_NMA,2,False,False,2025-07-29T00:00:00+07:00,2025-07-29T23:00:00+07:00,SRC_TMD,True
20250729_UTH,2025-07-29,R_UTH,2,True,True,2025-07-29T00:00:00+07:00,2025-07-29T23:00:00+07:00,SRC_TMD,True
20250729_RET,2025-07-29,R_RET,2,False,False,2025-07-29T00:00:00+07:00,2025-07-29T23:00:00+07:00,SRC_TMD,True
20250729_LPT,2025-07-29,R_LPT,2,False,False,2025-07-29T00:00:00+07:00,2025-07-29T23:00:00+07:00,SRC_TMD,True
20250729_RYG,2025-07-29,R_RYG,3,True,True,2025-07-29T00:00:00+07:00,2025-07-29T23:00:00+07:00,SRC_TMD,True
20250730_CNX,2025-07-30,R_CNX,3,False,False,2025-07-30T00:00:00+07:00,2025-07-30T23:00:00+07:00,SRC_TMD,True
20250730_BKK,2025-07-30,R_BKK,1,True,True,2025-07-30T00:00:00+07:00,2025-07-30T23:00:00+07:00,SRC_TMD,True
20250730_KKC,2025-07-30,R_KKC,2,False,False,2025-07-30T00:00:00+07:00,2025-07-30T23:00:00+07:00,SRC_TMD,True
20250730_KSN,2025-07-30,R_KSN,3,True,True,2025-07-30T00:00:00+07:00,2025-07-30T23:00:00+07:00,SRC_TMD,True
20250730_SSK,2025-07-30,R_SSK,2,False,False,2025-07-30T00:00:00+07:00,2025-07-30T23:00:00+07:00,SRC_TMD,True
20250730_NMA,2025-07-30,R_NMA,2,True,True,2025-07-30T00:00:00+07:00,2025-07-30T23:00:00+07:00,SRC_TMD,True
20250730_UTH,2025-07-30,R_UTH,2,True,True,2025-07-30T00:00:00+07:00,2025-07-30T23:00:00+07:00,SRC_TMD,True
20250730_RET,2025-07-30,R_RET,2,False,False,2025-07-30T00:00:00+07:00,2025-07-30T23:00:00+07:00,SRC_TMD,True
20250730_LPT,2025-07-30,R_LPT,2,False,False,2025-07-30T00:00:00+07:00,2025-07-30T23:00:00+07:00,SRC_TMD,True
20250730_RYG,2025-07-30,R_RYG,3,True,True,2025-07-30T00:00:00+07:00,2025-07-30T23:00:00+07:00,SRC_TMD,True
20250731_CNX,2025-07-31,R_CNX,2,False,False,2025-07-31T00:00:00+07:00,2025-07-31T23:00:00+07:00,SRC_TMD,True
20250731_BKK,2025-07-31,R_BKK,2,False,False,2025-07-31T00:00:00+07:00,2025-07-31T23:00:00+07:00,SRC_TMD,True
20250731_KKC,2025-07-31,R_KKC,3,True,True,2025-07-31T00:00:00+07:00,2025-07-31T23:00:00+07:00,SRC_TMD,True
20250731_KSN,2025-07-31,R_KSN,3,True,True,2025-07-31T00:00:00+07:00,2025-07-31T23:00:00+07:00,SRC_TMD,True
20250731_SSK,2025-07-31,R_SSK,1,True,True,2025-07-31T00:00:00+07:00,2025-07-31T23:00:00+07:00,SRC_TMD,True
20250731_NMA,2025-07-31,R_NMA,3,True,True,2025-07-31T00:00:00+07:00,2025-07-31T23:00:00+07:00,SRC_TMD,True
20250731_UTH,2025-07-31,R_UTH,2,True,True,2025-07-31T00:00:00+07:00,2025-07-31T23:00:00+07:00,SRC_TMD,True
20250731_RET,2025-07-31,R_RET,3,False,False,2025-07-31T00:00:00+07:00,2025-07-31T23:00:00+07:00,SRC_TMD,True
20250731_LPT,2025-07-31,R_LPT,2,True,True,2025-07-31T00:00:00+07:00,2025-07-31T23:00:00+07:00,SRC_TMD,True
20250731_RYG,2025-07-31,R_RYG,2,True,True,2025-07-31T00:00:00+07:00,2025-07-31T23:00:00+07:00,SRC_TMD,True
20250801_CNX,2025-08-01,R_CNX,1,True,True,2025-08-01T00:00:00+07:00,2025-08-01T23:00:00+07:00,SRC_TMD,True
20250801_BKK,2025-08-01,R_BKK,2,True,False,2025-08-01T00:00:00+07:00,2025-08-01T23:00:00+07:00,SRC_TMD,True
20250801_KKC,2025-08-01,R_KKC,3,False,False,2025-08-01T00:00:00+07:00,2025-08-01T23:00:00+07:00,SRC_TMD,True
20250801_KSN,2025-08-01,R_KSN,1,False,False,2025-08-01T00:00:00+07:00,2025-08-01T23:00:00+07:00,SRC_TMD,True
20250801_SSK,2025-08-01,R_SSK,1,True,True,2025-08-01T00:00:00+07:00,2025-08-01T23:00:00+07:00,SRC_TMD,True
20250801_NMA,2025-08-01,R_NMA,1,True,True,2025-08-01T00:00:00+07:00,2025-08-01T23:00:00+07:00,SRC_TMD,True
20250801_UTH,2025-08-01,R_UTH,3,False,False,2025-08-01T00:00:00+07:00,2025-08-01T23:00:00+07:00,SRC_TMD,True
20250801_RET,2025-08-01,R_RET,3,True,True,2025-08-01T00:00:00+07:00,2025-08-01T23:00:00+07:00,SRC_TMD,True
20250801_LPT,2025-08-01,R_LPT,1,False,False,2025-08-01T00:00:00+07:00,2025-08-01T23:00:00+07:00,SRC_TMD,True
20250801_RYG,2025-08-01,R_RYG,1,False,True,2025-08-01T00:00:00+07:00,2025-08-01T23:00:00+07:00,SRC_TMD,True
20250802_CNX,2025-08-02,R_CNX,1,True,True,2025-08-02T00:00:00+07:00,2025-08-02T23:00:00+07:00,SRC_TMD,True
20250802_BKK,2025-08-02,R_BKK,3,False,True,2025-08-02T00:00:00+07:00,2025-08-02T23:00:00+07:00,SRC_TMD,True
20250802_KKC,2025-08-02,R_KKC,2,True,True,2025-08-02T00:00:00+07:00,2025-08-02T23:00:00+07:00,SRC_TMD,True
20250802_KSN,2025-08-02,R_KSN,3,True,True,2025-08-02T00:00:00+07:00,2025-08-02T23:00:00+07:00,SRC_TMD,True
20250802_SSK,2025-08-02,R_SSK,3,False,True,2025-08-02T00:00:00+07:00,2025-08-02T23:00:00+07:00,SRC_TMD,True
20250802_NMA,2025-08-02,R_NMA,2,True,True,2025-08-02T00:00:00+07:00,2025-08-02T23:00:00+07:00,SRC_TMD,True
20250802_UTH,2025-08-02,R_UTH,2,True,True,2025-08-02T00:00:00+07:00,2025-08-02T23:00:00+07:00,SRC_TMD,True
20250802_RET,2025-08-02,R_RET,2,True,True,2025-08-02T00:00:00+07:00,2025-08-02T23:00:00+07:00,SRC_TMD,True
20250802_LPT,2025-08-02,R_LPT,2,False,False,2025-08-02T00:00:00+07:00,2025-08-02T23:00:00+07:00,SRC_TMD,True
20250802_RYG,2025-08-02,R_RYG,2,True,True,2025-08-02T00:00:00+07:00,2025-08-02T23:00:00+07:00,SRC_TMD,True
20250803_CNX,2025-08-03,R_CNX,2,True,True,2025-08-03T00:00:00+07:00,2025-08-03T23:00:00+07:00,SRC_TMD,True
20250803_BKK,2025-08-03,R_BKK,2,True,True,2025-08-03T00:00:00+07:00,2025-08-03T23:00:00+07:00,SRC_TMD,True
20250803_KKC,2025-08-03,R_KKC,2,False,False,2025-08-03T00:00:00+07:00,2025-08-03T23:00:00+07:00,SRC_TMD,True
20250803_KSN,2025-08-03,R_KSN,1,False,False,2025-08-03T00:00:00+07:00,2025-08-03T23:00:00+07:00,SRC_TMD,True
20250803_SSK,2025-08-03,R_SSK,2,True,True,2025-08-03T00:00:00+07:00,2025-08-03T23:00:00+07:00,SRC_TMD,True
20250803_NMA,2025-08-03,R_NMA,3,False,True,2025-08-03T00:00:00+07:00,2025-08-03T23:00:00+07:00,SRC_TMD,True
20250803_UTH,2025-08-03,R_UTH,2,False,True,2025-08-03T00:00:00+07:00,2025-08-03T23:00:00+07:00,SRC_TMD,True
20250803_RET,2025-08-03,R_RET,1,False,True,2025-08-03T00:00:00+07:00,2025-08-03T23:00:00+07:00,SRC_TMD,True
20250803_LPT,2025-08-03,R_LPT,2,False,False,2025-08-03T00:00:00+07:00,2025-08-03T23:00:00+07:00,SRC_TMD,True
20250803_RYG,2025-08-03,R_RYG,2,True,True,2025-08-03T00:00:00+07:00,2025-08-03T23:00:00+07:00,SRC_TMD,True
20250804_CNX,2025-08-04,R_CNX,2,True,True,2025-08-04T00:00:00+07:00,2025-08-04T23:00:00+07:00,SRC_TMD,True
20250804_BKK,2025-08-04,R_BKK,2,False,False,2025-08-04T00:00:00+07:00,2025-08-04T23:00:00+07:00,SRC_TMD,True
20250804_KKC,2025-08-04,R_KKC,2,False,True,2025-08-04T00:00:00+07:00,2025-08-04T23:00:00+07:00,SRC_TMD,True
20250804_KSN,2025-08-04,R_KSN,2,True,True,2025-08-04T00:00:00+07:00,2025-08-04T23:00:00+07:00,SRC_TMD,True
20250804_SSK,2025-08-04,R_SSK,2,True,True,2025-08-04T00:00:00+07:00,2025-08-04T23:00:00+07:00,SRC_TMD,True
20250804_NMA,2025-08-04,R_NMA,3,True,True,2025-08-04T00:00:00+07:00,2025-08-04T23:00:00+07:00,SRC_TMD,True
20250804_UTH,2025-08-04,R_UTH,1,False,False,2025-08-04T00:00:00+07:00,2025-08-04T23:00:00+07:00,SRC_TMD,True
20250804_RET,2025-08-04,R_RET,3,False,False,2025-08-04T00:00:00+07:00,2025-08-04T23:00:00+07:00,SRC_TMD,True
20250804_LPT,2025-08-04,R_LPT,1,False,False,2025-08-04T00:00:00+07:00,2025-08-04T23:00:00+07:00,SRC_TMD,True
20250804_RYG,2025-08-04,R_RYG,2,True,False,2025-08-04T00:00:00+07:00,2025-08-04T23:00:00+07:00,SRC_TMD,True
20250805_CNX,2025-08-05,R_CNX,2,False,False,2025-08-05T00:00:00+07:00,2025-08-05T23:00:00+07:00,SRC_TMD,True
20250805_BKK,2025-08-05,R_BKK,2,False,False,2025-08-05T00:00:00+07:00,2025-08-05T23:00:00+07:00,SRC_TMD,True
20250805_KKC,2025-08-05,R_KKC,3,False,False,2025-08-05T00:00:00+07:00,2025-08-05T23:00:00+07:00,SRC_TMD,True
20250805_KSN,2025-08-05,R_KSN,1,True,True,2025-08-05T00:00:00+07:00,2025-08-05T23:00:00+07:00,SRC_TMD,True
20250805_SSK,2025-08-05,R_SSK,2,True,False,2025-08-05T00:00:00+07:00,2025-08-05T23:00:00+07:00,SRC_TMD,True
20250805_NMA,2025-08-05,R_NMA,3,False,False,2025-08-05T00:00:00+07:00,2025-08-05T23:00:00+07:00,SRC_TMD,True
20250805_UTH,2025-08-05,R_UTH,2,False,True,2025-08-05T00:00:00+07:00,2025-08-05T23:00:00+07:00,SRC_TMD,True
20250805_RET,2025-08-05,R_RET,1,False,True,2025-08-05T00:00:00+07:00,2025-08-05T23:00:00+07:00,SRC_TMD,True
20250805_LPT,2025-08-05,R_LPT,2,False,False,2025-08-05T00:00:00+07:00,2025-08-05T23:00:00+07:00,SRC_TMD,True
20250805_RYG,2025-08-05,R_RYG,2,True,True,2025-08-05T00:00:00+07:00,2025-08-05T23:00:00+07:00,SRC_TMD,True
20250806_CNX,2025-08-06,R_CNX,2,True,True,2025-08-06T00:00:00+07:00,2025-08-06T23:00:00+07:00,SRC_TMD,True
20250806_BKK,2025-08-06,R_BKK,1,False,False,2025-08-06T00:00:00+07:00,2025-08-06T23:00:00+07:00,SRC_TMD,True
20250806_KKC,2025-08-06,R_KKC,2,False,False,2025-08-06T00:00:00+07:00,2025-08-06T23:00:00+07:00,SRC_TMD,True
20250806_KSN,2025-08-06,R_KSN,2,False,False,2025-08-06T00:00:00+07:00,2025-08-06T23:00:00+07:00,SRC_TMD,True
20250806_SSK,2025-08-06,R_SSK,1,True,True,2025-08-06T00:00:00+07:00,2025-08-06T23:00:00+07:00,SRC_TMD,True
20250806_NMA,2025-08-06,R_NMA,2,True,True,2025-08-06T00:00:00+07:00,2025-08-06T23:00:00+07:00,SRC_TMD,True
20250806_UTH,2025-08-06,R_UTH,1,True,True,2025-08-06T00:00:00+07:00,2025-08-06T23:00:00+07:00,SRC_TMD,True
20250806_RET,2025-08-06,R_RET,2,True,True,2025-08-06T00:00:00+07:00,2025-08-06T23:00:00+07:00,SRC_TMD,True
20250806_LPT,2025-08-06,R_LPT,3,True,True,2025-08-06T00:00:00+07:00,2025-08-06T23:00:00+07:00,SRC_TMD,True
20250806_RYG,2025-08-06,R_RYG,1,False,False,2025-08-06T00:00:00+07:00,2025-08-06T23:00:00+07:00,SRC_TMD,True
20250807_CNX,2025-08-07,R_CNX,3,False,False,2025-08-07T00:00:00+07:00,2025-08-07T23:00:00+07:00,SRC_TMD,True
20250807_BKK,2025-08-07,R_BKK,3,True,False,2025-08-07T00:00:00+07:00,2025-08-07T23:00:00+07:00,SRC_TMD,True
20250807_KKC,2025-08-07,R_KKC,2,False,False,2025-08-07T00:00:00+07:00,2025-08-07T23:00:00+07:00,SRC_TMD,True
20250807_KSN,2025-08-07,R_KSN,1,True,True,2025-08-07T00:00:00+07:00,2025-08-07T23:00:00+07:00,SRC_TMD,True
20250807_SSK,2025-08-07,R_SSK,3,True,True,2025-08-07T00:00:00+07:00,2025-08-07T23:00:00+07:00,SRC_TMD,True
20250807_NMA,2025-08-07,R_NMA,1,True,False,2025-08-07T00:00:00+07:00,2025-08-07T23:00:00+07:00,SRC_TMD,True
20250807_UTH,2025-08-07,R_UTH,2,True,True,2025-08-07T00:00:00+07:00,2025-08-07T23:00:00+07:00,SRC_TMD,True
20250807_RET,2025-08-07,R_RET,1,True,True,2025-08-07T00:00:00+07:00,2025-08-07T23:00:00+07:00,SRC_TMD,True
20250807_LPT,2025-08-07,R_LPT,3,False,False,2025-08-07T00:00:00+07:00,2025-08-07T23:00:00+07:00,SRC_TMD,True
20250807_RYG,2025-08-07,R_RYG,2,True,False,2025-08-07T00:00:00+07:00,2025-08-07T23:00:00+07:00,SRC_TMD,True
20250808_CNX,2025-08-08,R_CNX,2,True,True,2025-08-08T00:00:00+07:00,2025-08-08T23:00:00+07:00,SRC_TMD,True
20250808_BKK,2025-08-08,R_BKK,2,False,False,2025-08-08T00:00:00+07:00,2025-08-08T23:00:00+07:00,SRC_TMD,True
20250808_KKC,2025-08-08,R_KKC,2,True,True,2025-08-08T00:00:00+07:00,2025-08-08T23:00:00+07:00,SRC_TMD,True
20250808_KSN,2025-08-08,R_KSN,2,True,True,2025-08-08T00:00:00+07:00,2025-08-08T23:00:00+07:00,SRC_TMD,True
20250808_SSK,2025-08-08,R_SSK,2,False,False,2025-08-08T00:00:00+07:00,2025-08-08T23:00:00+07:00,SRC_TMD,True
20250808_NMA,2025-08-08,R_NMA,2,True,True,2025-08-08T00:00:00+07:00,2025-08-08T23:00:00+07:00,SRC_TMD,True
20250808_UTH,2025-08-08,R_UTH,2,True,True,2025-08-08T00:00:00+07:00,2025-08-08T23:00:00+07:00,SRC_TMD,True
20250808_RET,2025-08-08,R_RET,2,False,True,2025-08-08T00:00:00+07:00,2025-08-08T23:00:00+07:00,SRC_TMD,True
20250808_LPT,2025-08-08,R_LPT,2,False,False,2025-08-08T00:00:00+07:00,2025-08-08T23:00:00+07:00,SRC_TMD,True
20250808_RYG,2025-08-08,R_RYG,2,True,False,2025-08-08T00:00:00+07:00,2025-08-08T23:00:00+07:00,SRC_TMD,True
20250809_CNX,2025-08-09,R_CNX,2,True,True,2025-08-09T00:00:00+07:00,2025-08-09T23:00:00+07:00,SRC_TMD,True
20250809_BKK,2025-08-09,R_BKK,2,False,False,2025-08-09T00:00:00+07:00,2025-08-09T23:00:00+07:00,SRC_TMD,True
20250809_KKC,2025-08-09,R_KKC,2,True,True,2025-08-09T00:00:00+07:00,2025-08-09T23:00:00+07:00,SRC_TMD,True
20250809_KSN,2025-08-09,R_KSN,1,True,False,2025-08-09T00:00:00+07:00,2025-08-09T23:00:00+07:00,SRC_TMD,True
20250809_SSK,2025-08-09,R_SSK,1,True,True,2025-08-09T00:00:00+07:00,2025-08-09T23:00:00+07:00,SRC_TMD,True
20250809_NMA,2025-08-09,R_NMA,2,True,True,2025-08-09T00:00:00+07:00,2025-08-09T23:00:00+07:00,SRC_TMD,True
20250809_UTH,2025-08-09,R_UTH,2,False,False,2025-08-09T00:00:00+07:00,2025-08-09T23:00:00+07:00,SRC_TMD,True
20250809_RET,2025-08-09,R_RET,1,True,True,2025-08-09T00:00:00+07:00,2025-08-09T23:00:00+07:00,SRC_TMD,True
20250809_LPT,2025-08-09,R_LPT,1,False,False,2025-08-09T00:00:00+07:00,2025-08-09T23:00:00+07:00,SRC_TMD,True
20250809_RYG,2025-08-09,R_RYG,1,True,True,2025-08-09T00:00:00+07:00,2025-08-09T23:00:00+07:00,SRC_TMD,True
20250810_CNX,2025-08-10,R_CNX,1,True,True,2025-08-10T00:00:00+07:00,2025-08-10T23:00:00+07:00,SRC_TMD,True
20250810_BKK,2025-08-10,R_BKK,3,False,False,2025-08-10T00:00:00+07:00,2025-08-10T23:00:00+07:00,SRC_TMD,True
20250810_KKC,2025-08-10,R_KKC,3,False,True,2025-08-10T00:00:00+07:00,2025-08-10T23:00:00+07:00,SRC_TMD,True
20250810_KSN,2025-08-10,R_KSN,3,True,True,2025-08-10T00:00:00+07:00,2025-08-10T23:00:00+07:00,SRC_TMD,True
20250810_SSK,2025-08-10,R_SSK,2,True,True,2025-08-10T00:00:00+07:00,2025-08-10T23:00:00+07:00,SRC_TMD,True
20250810_NMA,2025-08-10,R_NMA,2,True,True,2025-08-10T00:00:00+07:00,2025-08-10T23:00:00+07:00,SRC_TMD,True
20250810_UTH,2025-08-10,R_UTH,2,True,False,2025-08-10T00:00:00+07:00,2025-08-10T23:00:00+07:00,SRC_TMD,True
20250810_RET,2025-08-10,R_RET,2,True,True,2025-08-10T00:00:00+07:00,2025-08-10T23:00:00+07:00,SRC_TMD,True
20250810_LPT,2025-08-10,R_LPT,2,True,True,2025-08-10T00:00:00+07:00,2025-08-10T23:00:00+07:00,SRC_TMD,True
20250810_RYG,2025-08-10,R_RYG,2,True,True,2025-08-10T00:00:00+07:00,2025-08-10T23:00:00+07:00,SRC_TMD,True
20250811_CNX,2025-08-11,R_CNX,1,False,False,2025-08-11T00:00:00+07:00,2025-08-11T23:00:00+07:00,SRC_TMD,True
20250811_BKK,2025-08-11,R_BKK,2,False,False,2025-08-11T00:00:00+07:00,2025-08-11T23:00:00+07:00,SRC_TMD,True
20250811_KKC,2025-08-11,R_KKC,3,False,False,2025-08-11T00:00:00+07:00,2025-08-11T23:00:00+07:00,SRC_TMD,True
20250811_KSN,2025-08-11,R_KSN,2,False,True,2025-08-11T00:00:00+07:00,2025-08-11T23:00:00+07:00,SRC_TMD,True
20250811_SSK,2025-08-11,R_SSK,1,True,False,2025-08-11T00:00:00+07:00,2025-08-11T23:00:00+07:00,SRC_TMD,True
20250811_NMA,2025-08-11,R_NMA,1,True,True,2025-08-11T00:00:00+07:00,2025-08-11T23:00:00+07:00,SRC_TMD,True
20250811_UTH,2025-08-11,R_UTH,2,False,False,2025-08-11T00:00:00+07:00,2025-08-11T23:00:00+07:00,SRC_TMD,True
20250811_RET,2025-08-11,R_RET,2,False,False,2025-08-11T00:00:00+07:00,2025-08-11T23:00:00+07:00,SRC_TMD,True
20250811_LPT,2025-08-11,R_LPT,3,True,True,2025-08-11T00:00:00+07:00,2025-08-11T23:00:00+07:00,SRC_TMD,True
20250811_RYG,2025-08-11,R_RYG,1,True,True,2025-08-11T00:00:00+07:00,2025-08-11T23:00:00+07:00,SRC_TMD,True
20250812_CNX,2025-08-12,R_CNX,1,False,True,2025-08-12T00:00:00+07:00,2025-08-12T23:00:00+07:00,SRC_TMD,True
20250812_BKK,2025-08-12,R_BKK,1,True,True,2025-08-12T00:00:00+07:00,2025-08-12T23:00:00+07:00,SRC_TMD,True
20250812_KKC,2025-08-12,R_KKC,3,True,True,2025-08-12T00:00:00+07:00,2025-08-12T23:00:00+07:00,SRC_TMD,True
20250812_KSN,2025-08-12,R_KSN,2,True,True,2025-08-12T00:00:00+07:00,2025-08-12T23:00:00+07:00,SRC_TMD,True
20250812_SSK,2025-08-12,R_SSK,1,True,True,2025-08-12T00:00:00+07:00,2025-08-12T23:00:00+07:00,SRC_TMD,True
20250812_NMA,2025-08-12,R_NMA,2,True,True,2025-08-12T00:00:00+07:00,2025-08-12T23:00:00+07:00,SRC_TMD,True
20250812_UTH,2025-08-12,R_UTH,2,True,True,2025-08-12T00:00:00+07:00,2025-08-12T23:00:00+07:00,SRC_TMD,True
20250812_RET,2025-08-12,R_RET,2,False,False,2025-08-12T00:00:00+07:00,2025-08-12T23:00:00+07:00,SRC_TMD,True
20250812_LPT,2025-08-12,R_LPT,2,False,False,2025-08-12T00:00:00+07:00,2025-08-12T23:00:00+07:00,SRC_TMD,True
20250812_RYG,2025-08-12,R_RYG,2,True,True,2025-08-12T00:00:00+07:00,2025-08-12T23:00:00+07:00,SRC_TMD,True
20250813_CNX,2025-08-13,R_CNX,2,False,True,2025-08-13T00:00:00+07:00,2025-08-13T23:00:00+07:00,SRC_TMD,True
20250813_BKK,2025-08-13,R_BKK,2,True,True,2025-08-13T00:00:00+07:00,2025-08-13T23:00:00+07:00,SRC_TMD,True
20250813_KKC,2025-08-13,R_KKC,3,False,True,2025-08-13T00:00:00+07:00,2025-08-13T23:00:00+07:00,SRC_TMD,True
20250813_KSN,2025-08-13,R_KSN,2,False,False,2025-08-13T00:00:00+07:00,2025-08-13T23:00:00+07:00,SRC_TMD,True
20250813_SSK,2025-08-13,R_SSK,2,True,True,2025-08-13T00:00:00+07:00,2025-08-13T23:00:00+07:00,SRC_TMD,True
20250813_NMA,2025-08-13,R_NMA,3,True,True,2025-08-13T00:00:00+07:00,2025-08-13T23:00:00+07:00,SRC_TMD,True
20250813_UTH,2025-08-13,R_UTH,2,True,True,2025-08-13T00:00:00+07:00,2025-08-13T23:00:00+07:00,SRC_TMD,True
20250813_RET,2025-08-13,R_RET,2,True,True,2025-08-13T00:00:00+07:00,2025-08-13T23:00:00+07:00,SRC_TMD,True
20250813_LPT,2025-08-13,R_LPT,3,True,True,2025-08-13T00:00:00+07:00,2025-08-13T23:00:00+07:00,SRC_TMD,True
20250813_RYG,2025-08-13,R_RYG,2,False,True,2025-08-13T00:00:00+07:00,2025-08-13T23:00:00+07:00,SRC_TMD,True
20250814_CNX,2025-08-14,R_CNX,1,True,True,2025-08-14T00:00:00+07:00,2025-08-14T23:00:00+07:00,SRC_TMD,True
20250814_BKK,2025-08-14,R_BKK,2,False,False,2025-08-14T00:00:00+07:00,2025-08-14T23:00:00+07:00,SRC_TMD,True
20250814_KKC,2025-08-14,R_KKC,1,False,False,2025-08-14T00:00:00+07:00,2025-08-14T23:00:00+07:00,SRC_TMD,True
20250814_KSN,2025-08-14,R_KSN,2,False,True,2025-08-14T00:00:00+07:00,2025-08-14T23:00:00+07:00,SRC_TMD,True
20250814_SSK,2025-08-14,R_SSK,2,True,False,2025-08-14T00:00:00+07:00,2025-08-14T23:00:00+07:00,SRC_TMD,True
20250814_NMA,2025-08-14,R_NMA,2,False,True,2025-08-14T00:00:00+07:00,2025-08-14T23:00:00+07:00,SRC_TMD,True
20250814_UTH,2025-08-14,R_UTH,1,False,False,2025-08-14T00:00:00+07:00,2025-08-14T23:00:00+07:00,SRC_TMD,True
20250814_RET,2025-08-14,R_RET,2,True,True,2025-08-14T00:00:00+07:00,2025-08-14T23:00:00+07:00,SRC_TMD,True
20250814_LPT,2025-08-14,R_LPT,2,True,True,2025-08-14T00:00:00+07:00,2025-08-14T23:00:00+07:00,SRC_TMD,True
20250814_RYG,2025-08-14,R_RYG,2,True,True,2025-08-14T00:00:00+07:00,2025-08-14T23:00:00+07:00,SRC_TMD,True
20250815_CNX,2025-08-15,R_CNX,3,True,True,2025-08-15T00:00:00+07:00,2025-08-15T23:00:00+07:00,SRC_TMD,True
20250815_BKK,2025-08-15,R_BKK,1,True,False,2025-08-15T00:00:00+07:00,2025-08-15T23:00:00+07:00,SRC_TMD,True
20250815_KKC,2025-08-15,R_KKC,3,False,False,2025-08-15T00:00:00+07:00,2025-08-15T23:00:00+07:00,SRC_TMD,True
20250815_KSN,2025-08-15,R_KSN,3,False,False,2025-08-15T00:00:00+07:00,2025-08-15T23:00:00+07:00,SRC_TMD,True
20250815_SSK,2025-08-15,R_SSK,1,True,True,2025-08-15T00:00:00+07:00,2025-08-15T23:00:00+07:00,SRC_TMD,True
20250815_NMA,2025-08-15,R_NMA,1,True,True,2025-08-15T00:00:00+07:00,2025-08-15T23:00:00+07:00,SRC_TMD,True
20250815_UTH,2025-08-15,R_UTH,2,False,False,2025-08-15T00:00:00+07:00,2025-08-15T23:00:00+07:00,SRC_TMD,True
20250815_RET,2025-08-15,R_RET,2,True,True,2025-08-15T00:00:00+07:00,2025-08-15T23:00:00+07:00,SRC_TMD,True
20250815_LPT,2025-08-15,R_LPT,3,False,False,2025-08-15T00:00:00+07:00,2025-08-15T23:00:00+07:00,SRC_TMD,True
20250815_RYG,2025-08-15,R_RYG,3,False,False,2025-08-15T00:00:00+07:00,2025-08-15T23:00:00+07:00,SRC_TMD,True
20250816_CNX,2025-08-16,R_CNX,3,True,True,2025-08-16T00:00:00+07:00,2025-08-16T23:00:00+07:00,SRC_TMD,True
20250816_BKK,2025-08-16,R_BKK,2,True,True,2025-08-16T00:00:00+07:00,2025-08-16T23:00:00+07:00,SRC_TMD,True
20250816_KKC,2025-08-16,R_KKC,2,True,True,2025-08-16T00:00:00+07:00,2025-08-16T23:00:00+07:00,SRC_TMD,True
20250816_KSN,2025-08-16,R_KSN,1,True,True,2025-08-16T00:00:00+07:00,2025-08-16T23:00:00+07:00,SRC_TMD,True
20250816_SSK,2025-08-16,R_SSK,3,False,False,2025-08-16T00:00:00+07:00,2025-08-16T23:00:00+07:00,SRC_TMD,True
20250816_NMA,2025-08-16,R_NMA,1,False,False,2025-08-16T00:00:00+07:00,2025-08-16T23:00:00+07:00,SRC_TMD,True
20250816_UTH,2025-08-16,R_UTH,2,False,False,2025-08-16T00:00:00+07:00,2025-08-16T23:00:00+07:00,SRC_TMD,True
20250816_RET,2025-08-16,R_RET,2,True,True,2025-08-16T00:00:00+07:00,2025-08-16T23:00:00+07:00,SRC_TMD,True
20250816_LPT,2025-08-16,R_LPT,2,True,False,2025-08-16T00:00:00+07:00,2025-08-16T23:00:00+07:00,SRC_TMD,True
20250816_RYG,2025-08-16,R_RYG,2,True,True,2025-08-16T00:00:00+07:00,2025-08-16T23:00:00+07:00,SRC_TMD,True
20250817_CNX,2025-08-17,R_CNX,2,False,False,2025-08-17T00:00:00+07:00,2025-08-17T23:00:00+07:00,SRC_TMD,True
20250817_BKK,2025-08-17,R_BKK,3,False,False,2025-08-17T00:00:00+07:00,2025-08-17T23:00:00+07:00,SRC_TMD,True
20250817_KKC,2025-08-17,R_KKC,1,False,True,2025-08-17T00:00:00+07:00,2025-08-17T23:00:00+07:00,SRC_TMD,True
20250817_KSN,2025-08-17,R_KSN,1,True,True,2025-08-17T00:00:00+07:00,2025-08-17T23:00:00+07:00,SRC_TMD,True
20250817_SSK,2025-08-17,R_SSK,3,False,False,2025-08-17T00:00:00+07:00,2025-08-17T23:00:00+07:00,SRC_TMD,True
20250817_NMA,2025-08-17,R_NMA,1,False,False,2025-08-17T00:00:00+07:00,2025-08-17T23:00:00+07:00,SRC_TMD,True
20250817_UTH,2025-08-17,R_UTH,1,False,True,2025-08-17T00:00:00+07:00,2025-08-17T23:00:00+07:00,SRC_TMD,True
20250817_RET,2025-08-17,R_RET,2,True,True,2025-08-17T00:00:00+07:00,2025-08-17T23:00:00+07:00,SRC_TMD,True
20250817_LPT,2025-08-17,R_LPT,1,False,False,2025-08-17T00:00:00+07:00,2025-08-17T23:00:00+07:00,SRC_TMD,True
20250817_RYG,2025-08-17,R_RYG,3,False,False,2025-08-17T00:00:00+07:00,2025-08-17T23:00:00+07:00,SRC_TMD,True
20250818_CNX,2025-08-18,R_CNX,1,False,True,2025-08-18T00:00:00+07:00,2025-08-18T23:00:00+07:00,SRC_TMD,True
20250818_BKK,2025-08-18,R_BKK,1,True,True,2025-08-18T00:00:00+07:00,2025-08-18T23:00:00+07:00,SRC_TMD,True
20250818_KKC,2025-08-18,R_KKC,1,True,True,2025-08-18T00:00:00+07:00,2025-08-18T23:00:00+07:00,SRC_TMD,True
20250818_KSN,2025-08-18,R_KSN,2,False,True,2025-08-18T00:00:00+07:00,2025-08-18T23:00:00+07:00,SRC_TMD,True
20250818_SSK,2025-08-18,R_SSK,2,False,False,2025-08-18T00:00:00+07:00,2025-08-18T23:00:00+07:00,SRC_TMD,True
20250818_NMA,2025-08-18,R_NMA,2,True,True,2025-08-18T00:00:00+07:00,2025-08-18T23:00:00+07:00,SRC_TMD,True
20250818_UTH,2025-08-18,R_UTH,1,False,False,2025-08-18T00:00:00+07:00,2025-08-18T23:00:00+07:00,SRC_TMD,True
20250818_RET,2025-08-18,R_RET,2,False,True,2025-08-18T00:00:00+07:00,2025-08-18T23:00:00+07:00,SRC_TMD,True
20250818_LPT,2025-08-18,R_LPT,3,False,True,2025-08-18T00:00:00+07:00,2025-08-18T23:00:00+07:00,SRC_TMD,True
20250818_RYG,2025-08-18,R_RYG,1,True,True,2025-08-18T00:00:00+07:00,2025-08-18T23:00:00+07:00,SRC_TMD,True
20250819_CNX,2025-08-19,R_CNX,2,False,False,2025-08-19T00:00:00+07:00,2025-08-19T23:00:00+07:00,SRC_TMD,True
20250819_BKK,2025-08-19,R_BKK,1,False,False,2025-08-19T00:00:00+07:00,2025-08-19T23:00:00+07:00,SRC_TMD,True
20250819_KKC,2025-08-19,R_KKC,2,False,True,2025-08-19T00:00:00+07:00,2025-08-19T23:00:00+07:00,SRC_TMD,True
20250819_KSN,2025-08-19,R_KSN,1,True,True,2025-08-19T00:00:00+07:00,2025-08-19T23:00:00+07:00,SRC_TMD,True
20250819_SSK,2025-08-19,R_SSK,2,False,False,2025-08-19T00:00:00+07:00,2025-08-19T23:00:00+07:00,SRC_TMD,True
20250819_NMA,2025-08-19,R_NMA,3,True,True,2025-08-19T00:00:00+07:00,2025-08-19T23:00:00+07:00,SRC_TMD,True
20250819_UTH,2025-08-19,R_UTH,2,False,False,2025-08-19T00:00:00+07:00,2025-08-19T23:00:00+07:00,SRC_TMD,True
20250819_RET,2025-08-19,R_RET,1,True,True,2025-08-19T00:00:00+07:00,2025-08-19T23:00:00+07:00,SRC_TMD,True
20250819_LPT,2025-08-19,R_LPT,2,True,True,2025-08-19T00:00:00+07:00,2025-08-19T23:00:00+07:00,SRC_TMD,True
20250819_RYG,2025-08-19,R_RYG,1,False,True,2025-08-19T00:00:00+07:00,2025-08-19T23:00:00+07:00,SRC_TMD,True
20250820_CNX,2025-08-20,R_CNX,1,False,False,2025-08-20T00:00:00+07:00,2025-08-20T23:00:00+07:00,SRC_TMD,True
20250820_BKK,2025-08-20,R_BKK,3,False,False,2025-08-20T00:00:00+07:00,2025-08-20T23:00:00+07:00,SRC_TMD,True
20250820_KKC,2025-08-20,R_KKC,3,True,True,2025-08-20T00:00:00+07:00,2025-08-20T23:00:00+07:00,SRC_TMD,True
20250820_KSN,2025-08-20,R_KSN,2,False,False,2025-08-20T00:00:00+07:00,2025-08-20T23:00:00+07:00,SRC_TMD,True
20250820_SSK,2025-08-20,R_SSK,2,True,True,2025-08-20T00:00:00+07:00,2025-08-20T23:00:00+07:00,SRC_TMD,True
20250820_NMA,2025-08-20,R_NMA,3,True,False,2025-08-20T00:00:00+07:00,2025-08-20T23:00:00+07:00,SRC_TMD,True
20250820_UTH,2025-08-20,R_UTH,2,True,True,2025-08-20T00:00:00+07:00,2025-08-20T23:00:00+07:00,SRC_TMD,True
20250820_RET,2025-08-20,R_RET,2,True,True,2025-08-20T00:00:00+07:00,2025-08-20T23:00:00+07:00,SRC_TMD,True
20250820_LPT,2025-08-20,R_LPT,2,False,False,2025-08-20T00:00:00+07:00,2025-08-20T23:00:00+07:00,SRC_TMD,True
20250820_RYG,2025-08-20,R_RYG,1,True,True,2025-08-20T00:00:00+07:00,2025-08-20T23:00:00+07:00,SRC_TMD,True
20250821_CNX,2025-08-21,R_CNX,2,False,False,2025-08-21T00:00:00+07:00,2025-08-21T23:00:00+07:00,SRC_TMD,True
20250821_BKK,2025-08-21,R_BKK,2,True,True,2025-08-21T00:00:00+07:00,2025-08-21T23:00:00+07:00,SRC_TMD,True
20250821_KKC,2025-08-21,R_KKC,1,True,True,2025-08-21T00:00:00+07:00,2025-08-21T23:00:00+07:00,SRC_TMD,True
20250821_KSN,2025-08-21,R_KSN,3,False,False,2025-08-21T00:00:00+07:00,2025-08-21T23:00:00+07:00,SRC_TMD,True
20250821_SSK,2025-08-21,R_SSK,2,False,False,2025-08-21T00:00:00+07:00,2025-08-21T23:00:00+07:00,SRC_TMD,True
20250821_NMA,2025-08-21,R_NMA,2,False,False,2025-08-21T00:00:00+07:00,2025-08-21T23:00:00+07:00,SRC_TMD,True
20250821_UTH,2025-08-21,R_UTH,2,False,True,2025-08-21T00:00:00+07:00,2025-08-21T23:00:00+07:00,SRC_TMD,True
20250821_RET,2025-08-21,R_RET,1,True,True,2025-08-21T00:00:00+07:00,2025-08-21T23:00:00+07:00,SRC_TMD,True
20250821_LPT,2025-08-21,R_LPT,3,False,False,2025-08-21T00:00:00+07:00,2025-08-21T23:00:00+07:00,SRC_TMD,True
20250821_RYG,2025-08-21,R_RYG,1,False,False,2025-08-21T00:00:00+07:00,2025-08-21T23:00:00+07:00,SRC_TMD,True
20250822_CNX,2025-08-22,R_CNX,2,True,True,2025-08-22T00:00:00+07:00,2025-08-22T23:00:00+07:00,SRC_TMD,True
20250822_BKK,2025-08-22,R_BKK,1,True,True,2025-08-22T00:00:00+07:00,2025-08-22T23:00:00+07:00,SRC_TMD,True
20250822_KKC,2025-08-22,R_KKC,1,False,False,2025-08-22T00:00:00+07:00,2025-08-22T23:00:00+07:00,SRC_TMD,True
20250822_KSN,2025-08-22,R_KSN,2,False,True,2025-08-22T00:00:00+07:00,2025-08-22T23:00:00+07:00,SRC_TMD,True
20250822_SSK,2025-08-22,R_SSK,3,False,False,2025-08-22T00:00:00+07:00,2025-08-22T23:00:00+07:00,SRC_TMD,True
20250822_NMA,2025-08-22,R_NMA,3,True,True,2025-08-22T00:00:00+07:00,2025-08-22T23:00:00+07:00,SRC_TMD,True
20250822_UTH,2025-08-22,R_UTH,2,False,False,2025-08-22T00:00:00+07:00,2025-08-22T23:00:00+07:00,SRC_TMD,True
20250822_RET,2025-08-22,R_RET,2,False,False,2025-08-22T00:00:00+07:00,2025-08-22T23:00:00+07:00,SRC_TMD,True
20250822_LPT,2025-08-22,R_LPT,2,False,False,2025-08-22T00:00:00+07:00,2025-08-22T23:00:00+07:00,SRC_TMD,True
20250822_RYG,2025-08-22,R_RYG,2,False,True,2025-08-22T00:00:00+07:00,2025-08-22T23:00:00+07:00,SRC_TMD,True
20250823_CNX,2025-08-23,R_CNX,3,True,True,2025-08-23T00:00:00+07:00,2025-08-23T23:00:00+07:00,SRC_TMD,True
20250823_BKK,2025-08-23,R_BKK,2,True,True,2025-08-23T00:00:00+07:00,2025-08-23T23:00:00+07:00,SRC_TMD,True
20250823_KKC,2025-08-23,R_KKC,3,False,False,2025-08-23T00:00:00+07:00,2025-08-23T23:00:00+07:00,SRC_TMD,True
20250823_KSN,2025-08-23,R_KSN,2,False,True,2025-08-23T00:00:00+07:00,2025-08-23T23:00:00+07:00,SRC_TMD,True
20250823_SSK,2025-08-23,R_SSK,1,False,False,2025-08-23T00:00:00+07:00,2025-08-23T23:00:00+07:00,SRC_TMD,True
20250823_NMA,2025-08-23,R_NMA,2,True,True,2025-08-23T00:00:00+07:00,2025-08-23T23:00:00+07:00,SRC_TMD,True
20250823_UTH,2025-08-23,R_UTH,2,False,False,2025-08-23T00:00:00+07:00,2025-08-23T23:00:00+07:00,SRC_TMD,True
20250823_RET,2025-08-23,R_RET,2,True,True,2025-08-23T00:00:00+07:00,2025-08-23T23:00:00+07:00,SRC_TMD,True
20250823_LPT,2025-08-23,R_LPT,1,False,False,2025-08-23T00:00:00+07:00,2025-08-23T23:00:00+07:00,SRC_TMD,True
20250823_RYG,2025-08-23,R_RYG,1,True,True,2025-08-23T00:00:00+07:00,2025-08-23T23:00:00+07:00,SRC_TMD,True
20250824_CNX,2025-08-24,R_CNX,2,True,True,2025-08-24T00:00:00+07:00,2025-08-24T23:00:00+07:00,SRC_TMD,True
20250824_BKK,2025-08-24,R_BKK,2,True,True,2025-08-24T00:00:00+07:00,2025-08-24T23:00:00+07:00,SRC_TMD,True
20250824_KKC,2025-08-24,R_KKC,3,True,True,2025-08-24T00:00:00+07:00,2025-08-24T23:00:00+07:00,SRC_TMD,True
20250824_KSN,2025-08-24,R_KSN,1,True,True,2025-08-24T00:00:00+07:00,2025-08-24T23:00:00+07:00,SRC_TMD,True
20250824_SSK,2025-08-24,R_SSK,1,True,True,2025-08-24T00:00:00+07:00,2025-08-24T23:00:00+07:00,SRC_TMD,True
20250824_NMA,2025-08-24,R_NMA,2,True,True,2025-08-24T00:00:00+07:00,2025-08-24T23:00:00+07:00,SRC_TMD,True
20250824_UTH,2025-08-24,R_UTH,3,False,True,2025-08-24T00:00:00+07:00,2025-08-24T23:00:00+07:00,SRC_TMD,True
20250824_RET,2025-08-24,R_RET,1,False,False,2025-08-24T00:00:00+07:00,2025-08-24T23:00:00+07:00,SRC_TMD,True
20250824_LPT,2025-08-24,R_LPT,2,True,False,2025-08-24T00:00:00+07:00,2025-08-24T23:00:00+07:00,SRC_TMD,True
20250824_RYG,2025-08-24,R_RYG,2,True,True,2025-08-24T00:00:00+07:00,2025-08-24T23:00:00+07:00,SRC_TMD,True
20250825_CNX,2025-08-25,R_CNX,2,True,True,2025-08-25T00:00:00+07:00,2025-08-25T23:00:00+07:00,SRC_TMD,True
20250825_BKK,2025-08-25,R_BKK,2,True,True,2025-08-25T00:00:00+07:00,2025-08-25T23:00:00+07:00,SRC_TMD,True
20250825_KKC,2025-08-25,R_KKC,2,True,True,2025-08-25T00:00:00+07:00,2025-08-25T23:00:00+07:00,SRC_TMD,True
20250825_KSN,2025-08-25,R_KSN,2,False,True,2025-08-25T00:00:00+07:00,2025-08-25T23:00:00+07:00,SRC_TMD,True
20250825_SSK,2025-08-25,R_SSK,1,True,True,2025-08-25T00:00:00+07:00,2025-08-25T23:00:00+07:00,SRC_TMD,True
20250825_NMA,2025-08-25,R_NMA,2,True,True,2025-08-25T00:00:00+07:00,2025-08-25T23:00:00+07:00,SRC_TMD,True
20250825_UTH,2025-08-25,R_UTH,2,True,True,2025-08-25T00:00:00+07:00,2025-08-25T23:00:00+07:00,SRC_TMD,True
20250825_RET,2025-08-25,R_RET,2,True,True,2025-08-25T00:00:00+07:00,2025-08-25T23:00:00+07:00,SRC_TMD,True
20250825_LPT,2025-08-25,R_LPT,2,True,False,2025-08-25T00:00:00+07:00,2025-08-25T23:00:00+07:00,SRC_TMD,True
20250825_RYG,2025-08-25,R_RYG,2,True,True,2025-08-25T00:00:00+07:00,2025-08-25T23:00:00+07:00,SRC_TMD,True
20250826_CNX,2025-08-26,R_CNX,3,False,False,2025-08-26T00:00:00+07:00,2025-08-26T23:00:00+07:00,SRC_TMD,True
20250826_BKK,2025-08-26,R_BKK,3,True,True,2025-08-26T00:00:00+07:00,2025-08-26T23:00:00+07:00,SRC_TMD,True
20250826_KKC,2025-08-26,R_KKC,1,True,True,2025-08-26T00:00:00+07:00,2025-08-26T23:00:00+07:00,SRC_TMD,True
20250826_KSN,2025-08-26,R_KSN,3,True,True,2025-08-26T00:00:00+07:00,2025-08-26T23:00:00+07:00,SRC_TMD,True
20250826_SSK,2025-08-26,R_SSK,2,True,True,2025-08-26T00:00:00+07:00,2025-08-26T23:00:00+07:00,SRC_TMD,True
20250826_NMA,2025-08-26,R_NMA,2,True,True,2025-08-26T00:00:00+07:00,2025-08-26T23:00:00+07:00,SRC_TMD,True
20250826_UTH,2025-08-26,R_UTH,1,True,True,2025-08-26T00:00:00+07:00,2025-08-26T23:00:00+07:00,SRC_TMD,True
20250826_RET,2025-08-26,R_RET,2,False,True,2025-08-26T00:00:00+07:00,2025-08-26T23:00:00+07:00,SRC_TMD,True
20250826_LPT,2025-08-26,R_LPT,2,False,False,2025-08-26T00:00:00+07:00,2025-08-26T23:00:00+07:00,SRC_TMD,True
20250826_RYG,2025-08-26,R_RYG,1,False,False,2025-08-26T00:00:00+07:00,2025-08-26T23:00:00+07:00,SRC_TMD,True
20250827_CNX,2025-08-27,R_CNX,2,True,True,2025-08-27T00:00:00+07:00,2025-08-27T23:00:00+07:00,SRC_TMD,True
20250827_BKK,2025-08-27,R_BKK,2,False,False,2025-08-27T00:00:00+07:00,2025-08-27T23:00:00+07:00,SRC_TMD,True
20250827_KKC,2025-08-27,R_KKC,2,True,True,2025-08-27T00:00:00+07:00,2025-08-27T23:00:00+07:00,SRC_TMD,True
20250827_KSN,2025-08-27,R_KSN,1,True,True,2025-08-27T00:00:00+07:00,2025-08-27T23:00:00+07:00,SRC_TMD,True
20250827_SSK,2025-08-27,R_SSK,3,True,True,2025-08-27T00:00:00+07:00,2025-08-27T23:00:00+07:00,SRC_TMD,True
20250827_NMA,2025-08-27,R_NMA,2,False,False,2025-08-27T00:00:00+07:00,2025-08-27T23:00:00+07:00,SRC_TMD,True
20250827_UTH,2025-08-27,R_UTH,2,True,True,2025-08-27T00:00:00+07:00,2025-08-27T23:00:00+07:00,SRC_TMD,True
20250827_RET,2025-08-27,R_RET,2,False,False,2025-08-27T00:00:00+07:00,2025-08-27T23:00:00+07:00,SRC_TMD,True
20250827_LPT,2025-08-27,R_LPT,2,True,True,2025-08-27T00:00:00+07:00,2025-08-27T23:00:00+07:00,SRC_TMD,True
20250827_RYG,2025-08-27,R_RYG,2,True,False,2025-08-27T00:00:00+07:00,2025-08-27T23:00:00+07:00,SRC_TMD,True
20250828_CNX,2025-08-28,R_CNX,2,False,False,2025-08-28T00:00:00+07:00,2025-08-28T23:00:00+07:00,SRC_TMD,True
20250828_BKK,2025-08-28,R_BKK,2,True,True,2025-08-28T00:00:00+07:00,2025-08-28T23:00:00+07:00,SRC_TMD,True
20250828_KKC,2025-08-28,R_KKC,1,False,False,2025-08-28T00:00:00+07:00,2025-08-28T23:00:00+07:00,SRC_TMD,True
20250828_KSN,2025-08-28,R_KSN,1,False,False,2025-08-28T00:00:00+07:00,2025-08-28T23:00:00+07:00,SRC_TMD,True
20250828_SSK,2025-08-28,R_SSK,1,True,False,2025-08-28T00:00:00+07:00,2025-08-28T23:00:00+07:00,SRC_TMD,True
20250828_NMA,2025-08-28,R_NMA,2,False,False,2025-08-28T00:00:00+07:00,2025-08-28T23:00:00+07:00,SRC_TMD,True
20250828_UTH,2025-08-28,R_UTH,1,True,True,2025-08-28T00:00:00+07:00,2025-08-28T23:00:00+07:00,SRC_TMD,True
20250828_RET,2025-08-28,R_RET,2,True,True,2025-08-28T00:00:00+07:00,2025-08-28T23:00:00+07:00,SRC_TMD,True
20250828_LPT,2025-08-28,R_LPT,2,True,True,2025-08-28T00:00:00+07:00,2025-08-28T23:00:00+07:00,SRC_TMD,True
20250828_RYG,2025-08-28,R_RYG,2,True,True,2025-08-28T00:00:00+07:00,2025-08-28T23:00:00+07:00,SRC_TMD,True
20250829_CNX,2025-08-29,R_CNX,3,True,True,2025-08-29T00:00:00+07:00,2025-08-29T23:00:00+07:00,SRC_TMD,True
20250829_BKK,2025-08-29,R_BKK,2,True,False,2025-08-29T00:00:00+07:00,2025-08-29T23:00:00+07:00,SRC_TMD,True
20250829_KKC,2025-08-29,R_KKC,2,False,False,2025-08-29T00:00:00+07:00,2025-08-29T23:00:00+07:00,SRC_TMD,True
20250829_KSN,2025-08-29,R_KSN,2,False,False,2025-08-29T00:00:00+07:00,2025-08-29T23:00:00+07:00,SRC_TMD,True
20250829_SSK,2025-08-29,R_SSK,1,True,True,2025-08-29T00:00:00+07:00,2025-08-29T23:00:00+07:00,SRC_TMD,True
20250829_NMA,2025-08-29,R_NMA,1,False,False,2025-08-29T00:00:00+07:00,2025-08-29T23:00:00+07:00,SRC_TMD,True
20250829_UTH,2025-08-29,R_UTH,2,True,True,2025-08-29T00:00:00+07:00,2025-08-29T23:00:00+07:00,SRC_TMD,True
20250829_RET,2025-08-29,R_RET,1,False,False,2025-08-29T00:00:00+07:00,2025-08-29T23:00:00+07:00,SRC_TMD,True
20250829_LPT,2025-08-29,R_LPT,2,True,True,2025-08-29T00:00:00+07:00,2025-08-29T23:00:00+07:00,SRC_TMD,True
20250829_RYG,2025-08-29,R_RYG,1,True,True,2025-08-29T00:00:00+07:00,2025-08-29T23:00:00+07:00,SRC_TMD,True
20250830_CNX,2025-08-30,R_CNX,2,True,True,2025-08-30T00:00:00+07:00,2025-08-30T23:00:00+07:00,SRC_TMD,True
20250830_BKK,2025-08-30,R_BKK,3,True,False,2025-08-30T00:00:00+07:00,2025-08-30T23:00:00+07:00,SRC_TMD,True
20250830_KKC,2025-08-30,R_KKC,1,False,False,2025-08-30T00:00:00+07:00,2025-08-30T23:00:00+07:00,SRC_TMD,True
20250830_KSN,2025-08-30,R_KSN,2,True,True,2025-08-30T00:00:00+07:00,2025-08-30T23:00:00+07:00,SRC_TMD,True
20250830_SSK,2025-08-30,R_SSK,2,True,True,2025-08-30T00:00:00+07:00,2025-08-30T23:00:00+07:00,SRC_TMD,True
20250830_NMA,2025-08-30,R_NMA,1,True,True,2025-08-30T00:00:00+07:00,2025-08-30T23:00:00+07:00,SRC_TMD,True
20250830_UTH,2025-08-30,R_UTH,1,False,False,2025-08-30T00:00:00+07:00,2025-08-30T23:00:00+07:00,SRC_TMD,True
20250830_RET,2025-08-30,R_RET,1,True,True,2025-08-30T00:00:00+07:00,2025-08-30T23:00:00+07:00,SRC_TMD,True
20250830_LPT,2025-08-30,R_LPT,2,True,False,2025-08-30T00:00:00+07:00,2025-08-30T23:00:00+07:00,SRC_TMD,True
20250830_RYG,2025-08-30,R_RYG,1,True,True,2025-08-30T00:00:00+07:00,2025-08-30T23:00:00+07:00,SRC_TMD,True
20250831_CNX,2025-08-31,R_CNX,3,True,True,2025-08-31T00:00:00+07:00,2025-08-31T23:00:00+07:00,SRC_TMD,True
20250831_BKK,2025-08-31,R_BKK,3,True,True,2025-08-31T00:00:00+07:00,2025-08-31T23:00:00+07:00,SRC_TMD,True
20250831_KKC,2025-08-31,R_KKC,2,False,False,2025-08-31T00:00:00+07:00,2025-08-31T23:00:00+07:00,SRC_TMD,True
20250831_KSN,2025-08-31,R_KSN,2,False,True,2025-08-31T00:00:00+07:00,2025-08-31T23:00:00+07:00,SRC_TMD,True
20250831_SSK,2025-08-31,R_SSK,3,True,False,2025-08-31T00:00:00+07:00,2025-08-31T23:00:00+07:00,SRC_TMD,True
20250831_NMA,2025-08-31,R_NMA,1,False,False,2025-08-31T00:00:00+07:00,2025-08-31T23:00:00+07:00,SRC_TMD,True
20250831_UTH,2025-08-31,R_UTH,2,False,False,2025-08-31T00:00:00+07:00,2025-08-31T23:00:00+07:00,SRC_TMD,True
20250831_RET,2025-08-31,R_RET,1,False,False,2025-08-31T00:00:00+07:00,2025-08-31T23:00:00+07:00,SRC_TMD,True
20250831_LPT,2025-08-31,R_LPT,2,False,False,2025-08-31T00:00:00+07:00,2025-08-31T23:00:00+07:00,SRC_TMD,True
20250831_RYG,2025-08-31,R_RYG,2,True,True,2025-08-31T00:00:00+07:00,2025-08-31T23:00:00+07:00,SRC_TMD,True
20250901_CNX,2025-09-01,R_CNX,2,True,True,2025-09-01T00:00:00+07:00,2025-09-01T23:00:00+07:00,SRC_TMD,True
20250901_BKK,2025-09-01,R_BKK,3,True,True,2025-09-01T00:00:00+07:00,2025-09-01T23:00:00+07:00,SRC_TMD,True
20250901_KKC,2025-09-01,R_KKC,2,False,True,2025-09-01T00:00:00+07:00,2025-09-01T23:00:00+07:00,SRC_TMD,True
20250901_KSN,2025-09-01,R_KSN,3,True,False,2025-09-01T00:00:00+07:00,2025-09-01T23:00:00+07:00,SRC_TMD,True
20250901_SSK,2025-09-01,R_SSK,1,True,True,2025-09-01T00:00:00+07:00,2025-09-01T23:00:00+07:00,SRC_TMD,True
20250901_NMA,2025-09-01,R_NMA,1,False,False,2025-09-01T00:00:00+07:00,2025-09-01T23:00:00+07:00,SRC_TMD,True
20250901_UTH,2025-09-01,R_UTH,3,False,False,2025-09-01T00:00:00+07:00,2025-09-01T23:00:00+07:00,SRC_TMD,True
20250901_RET,2025-09-01,R_RET,2,False,False,2025-09-01T00:00:00+07:00,2025-09-01T23:00:00+07:00,SRC_TMD,True
20250901_LPT,2025-09-01,R_LPT,1,True,True,2025-09-01T00:00:00+07:00,2025-09-01T23:00:00+07:00,SRC_TMD,True
20250901_RYG,2025-09-01,R_RYG,3,False,False,2025-09-01T00:00:00+07:00,2025-09-01T23:00:00+07:00,SRC_TMD,True
20250902_CNX,2025-09-02,R_CNX,2,False,False,2025-09-02T00:00:00+07:00,2025-09-02T23:00:00+07:00,SRC_TMD,True
20250902_BKK,2025-09-02,R_BKK,2,True,True,2025-09-02T00:00:00+07:00,2025-09-02T23:00:00+07:00,SRC_TMD,True
20250902_KKC,2025-09-02,R_KKC,2,True,True,2025-09-02T00:00:00+07:00,2025-09-02T23:00:00+07:00,SRC_TMD,True
20250902_KSN,2025-09-02,R_KSN,1,False,False,2025-09-02T00:00:00+07:00,2025-09-02T23:00:00+07:00,SRC_TMD,True
20250902_SSK,2025-09-02,R_SSK,3,True,True,2025-09-02T00:00:00+07:00,2025-09-02T23:00:00+07:00,SRC_TMD,True
20250902_NMA,2025-09-02,R_NMA,2,True,False,2025-09-02T00:00:00+07:00,2025-09-02T23:00:00+07:00,SRC_TMD,True
20250902_UTH,2025-09-02,R_UTH,2,True,True,2025-09-02T00:00:00+07:00,2025-09-02T23:00:00+07:00,SRC_TMD,True
20250902_RET,2025-09-02,R_RET,2,True,True,2025-09-02T00:00:00+07:00,2025-09-02T23:00:00+07:00,SRC_TMD,True
20250902_LPT,2025-09-02,R_LPT,1,False,False,2025-09-02T00:00:00+07:00,2025-09-02T23:00:00+07:00,SRC_TMD,True
20250902_RYG,2025-09-02,R_RYG,2,True,True,2025-09-02T00:00:00+07:00,2025-09-02T23:00:00+07:00,SRC_TMD,True
20250903_CNX,2025-09-03,R_CNX,2,True,True,2025-09-03T00:00:00+07:00,2025-09-03T23:00:00+07:00,SRC_TMD,True
20250903_BKK,2025-09-03,R_BKK,1,True,True,2025-09-03T00:00:00+07:00,2025-09-03T23:00:00+07:00,SRC_TMD,True
20250903_KKC,2025-09-03,R_KKC,3,True,True,2025-09-03T00:00:00+07:00,2025-09-03T23:00:00+07:00,SRC_TMD,True
20250903_KSN,2025-09-03,R_KSN,1,True,True,2025-09-03T00:00:00+07:00,2025-09-03T23:00:00+07:00,SRC_TMD,True
20250903_SSK,2025-09-03,R_SSK,3,False,False,2025-09-03T00:00:00+07:00,2025-09-03T23:00:00+07:00,SRC_TMD,True
20250903_NMA,2025-09-03,R_NMA,1,False,True,2025-09-03T00:00:00+07:00,2025-09-03T23:00:00+07:00,SRC_TMD,True
20250903_UTH,2025-09-03,R_UTH,2,True,True,2025-09-03T00:00:00+07:00,2025-09-03T23:00:00+07:00,SRC_TMD,True
20250903_RET,2025-09-03,R_RET,1,False,False,2025-09-03T00:00:00+07:00,2025-09-03T23:00:00+07:00,SRC_TMD,True
20250903_LPT,2025-09-03,R_LPT,2,True,True,2025-09-03T00:00:00+07:00,2025-09-03T23:00:00+07:00,SRC_TMD,True
20250903_RYG,2025-09-03,R_RYG,2,False,False,2025-09-03T00:00:00+07:00,2025-09-03T23:00:00+07:00,SRC_TMD,True
20250904_CNX,2025-09-04,R_CNX,3,True,True,2025-09-04T00:00:00+07:00,2025-09-04T23:00:00+07:00,SRC_TMD,True
20250904_BKK,2025-09-04,R_BKK,2,False,False,2025-09-04T00:00:00+07:00,2025-09-04T23:00:00+07:00,SRC_TMD,True
20250904_KKC,2025-09-04,R_KKC,2,False,False,2025-09-04T00:00:00+07:00,2025-09-04T23:00:00+07:00,SRC_TMD,True
20250904_KSN,2025-09-04,R_KSN,1,True,True,2025-09-04T00:00:00+07:00,2025-09-04T23:00:00+07:00,SRC_TMD,True
20250904_SSK,2025-09-04,R_SSK,2,True,True,2025-09-04T00:00:00+07:00,2025-09-04T23:00:00+07:00,SRC_TMD,True
20250904_NMA,2025-09-04,R_NMA,3,True,True,2025-09-04T00:00:00+07:00,2025-09-04T23:00:00+07:00,SRC_TMD,True
20250904_UTH,2025-09-04,R_UTH,1,True,True,2025-09-04T00:00:00+07:00,2025-09-04T23:00:00+07:00,SRC_TMD,True
20250904_RET,2025-09-04,R_RET,2,True,True,2025-09-04T00:00:00+07:00,2025-09-04T23:00:00+07:00,SRC_TMD,True
20250904_LPT,2025-09-04,R_LPT,3,False,False,2025-09-04T00:00:00+07:00,2025-09-04T23:00:00+07:00,SRC_TMD,True
20250904_RYG,2025-09-04,R_RYG,1,False,False,2025-09-04T00:00:00+07:00,2025-09-04T23:00:00+07:00,SRC_TMD,True
20250905_CNX,2025-09-05,R_CNX,2,True,True,2025-09-05T00:00:00+07:00,2025-09-05T23:00:00+07:00,SRC_TMD,True
20250905_BKK,2025-09-05,R_BKK,1,False,False,2025-09-05T00:00:00+07:00,2025-09-05T23:00:00+07:00,SRC_TMD,True
20250905_KKC,2025-09-05,R_KKC,2,True,True,2025-09-05T00:00:00+07:00,2025-09-05T23:00:00+07:00,SRC_TMD,True
20250905_KSN,2025-09-05,R_KSN,2,True,True,2025-09-05T00:00:00+07:00,2025-09-05T23:00:00+07:00,SRC_TMD,True
20250905_SSK,2025-09-05,R_SSK,1,False,False,2025-09-05T00:00:00+07:00,2025-09-05T23:00:00+07:00,SRC_TMD,True
20250905_NMA,2025-09-05,R_NMA,2,False,False,2025-09-05T00:00:00+07:00,2025-09-05T23:00:00+07:00,SRC_TMD,True
20250905_UTH,2025-09-05,R_UTH,2,True,True,2025-09-05T00:00:00+07:00,2025-09-05T23:00:00+07:00,SRC_TMD,True
20250905_RET,2025-09-05,R_RET,2,True,True,2025-09-05T00:00:00+07:00,2025-09-05T23:00:00+07:00,SRC_TMD,True
20250905_LPT,2025-09-05,R_LPT,2,True,True,2025-09-05T00:00:00+07:00,2025-09-05T23:00:00+07:00,SRC_TMD,True
20250905_RYG,2025-09-05,R_RYG,2,False,False,2025-09-05T00:00:00+07:00,2025-09-05T23:00:00+07:00,SRC_TMD,True
20250906_CNX,2025-09-06,R_CNX,1,True,True,2025-09-06T00:00:00+07:00,2025-09-06T23:00:00+07:00,SRC_TMD,True
20250906_BKK,2025-09-06,R_BKK,1,True,True,2025-09-06T00:00:00+07:00,2025-09-06T23:00:00+07:00,SRC_TMD,True
20250906_KKC,2025-09-06,R_KKC,1,True,True,2025-09-06T00:00:00+07:00,2025-09-06T23:00:00+07:00,SRC_TMD,True
20250906_KSN,2025-09-06,R_KSN,1,False,False,2025-09-06T00:00:00+07:00,2025-09-06T23:00:00+07:00,SRC_TMD,True
20250906_SSK,2025-09-06,R_SSK,2,True,True,2025-09-06T00:00:00+07:00,2025-09-06T23:00:00+07:00,SRC_TMD,True
20250906_NMA,2025-09-06,R_NMA,1,True,True,2025-09-06T00:00:00+07:00,2025-09-06T23:00:00+07:00,SRC_TMD,True
20250906_UTH,2025-09-06,R_UTH,1,False,False,2025-09-06T00:00:00+07:00,2025-09-06T23:00:00+07:00,SRC_TMD,True
20250906_RET,2025-09-06,R_RET,2,False,False,2025-09-06T00:00:00+07:00,2025-09-06T23:00:00+07:00,SRC_TMD,True
20250906_LPT,2025-09-06,R_LPT,2,True,True,2025-09-06T00:00:00+07:00,2025-09-06T23:00:00+07:00,SRC_TMD,True
20250906_RYG,2025-09-06,R_RYG,2,True,True,2025-09-06T00:00:00+07:00,2025-09-06T23:00:00+07:00,SRC_TMD,True
20250907_CNX,2025-09-07,R_CNX,3,True,True,2025-09-07T00:00:00+07:00,2025-09-07T23:00:00+07:00,SRC_TMD,True
20250907_BKK,2025-09-07,R_BKK,3,False,False,2025-09-07T00:00:00+07:00,2025-09-07T23:00:00+07:00,SRC_TMD,True
20250907_KKC,2025-09-07,R_KKC,2,True,True,2025-09-07T00:00:00+07:00,2025-09-07T23:00:00+07:00,SRC_TMD,True
20250907_KSN,2025-09-07,R_KSN,2,True,True,2025-09-07T00:00:00+07:00,2025-09-07T23:00:00+07:00,SRC_TMD,True
20250907_SSK,2025-09-07,R_SSK,2,False,False,2025-09-07T00:00:00+07:00,2025-09-07T23:00:00+07:00,SRC_TMD,True
20250907_NMA,2025-09-07,R_NMA,2,False,True,2025-09-07T00:00:00+07:00,2025-09-07T23:00:00+07:00,SRC_TMD,True
20250907_UTH,2025-09-07,R_UTH,2,True,True,2025-09-07T00:00:00+07:00,2025-09-07T23:00:00+07:00,SRC_TMD,True
20250907_RET,2025-09-07,R_RET,1,False,True,2025-09-07T00:00:00+07:00,2025-09-07T23:00:00+07:00,SRC_TMD,True
20250907_LPT,2025-09-07,R_LPT,2,True,True,2025-09-07T00:00:00+07:00,2025-09-07T23:00:00+07:00,SRC_TMD,True
20250907_RYG,2025-09-07,R_RYG,2,True,True,2025-09-07T00:00:00+07:00,2025-09-07T23:00:00+07:00,SRC_TMD,True
20250908_CNX,2025-09-08,R_CNX,2,False,False,2025-09-08T00:00:00+07:00,2025-09-08T23:00:00+07:00,SRC_TMD,True
20250908_BKK,2025-09-08,R_BKK,1,False,False,2025-09-08T00:00:00+07:00,2025-09-08T23:00:00+07:00,SRC_TMD,True
20250908_KKC,2025-09-08,R_KKC,2,True,True,2025-09-08T00:00:00+07:00,2025-09-08T23:00:00+07:00,SRC_TMD,True
20250908_KSN,2025-09-08,R_KSN,2,True,True,2025-09-08T00:00:00+07:00,2025-09-08T23:00:00+07:00,SRC_TMD,True
20250908_SSK,2025-09-08,R_SSK,3,False,False,2025-09-08T00:00:00+07:00,2025-09-08T23:00:00+07:00,SRC_TMD,True
20250908_NMA,2025-09-08,R_NMA,2,False,False,2025-09-08T00:00:00+07:00,2025-09-08T23:00:00+07:00,SRC_TMD,True
20250908_UTH,2025-09-08,R_UTH,1,True,True,2025-09-08T00:00:00+07:00,2025-09-08T23:00:00+07:00,SRC_TMD,True
20250908_RET,2025-09-08,R_RET,2,True,True,2025-09-08T00:00:00+07:00,2025-09-08T23:00:00+07:00,SRC_TMD,True
20250908_LPT,2025-09-08,R_LPT,1,False,False,2025-09-08T00:00:00+07:00,2025-09-08T23:00:00+07:00,SRC_TMD,True
20250908_RYG,2025-09-08,R_RYG,2,True,False,2025-09-08T00:00:00+07:00,2025-09-08T23:00:00+07:00,SRC_TMD,True
20250909_CNX,2025-09-09,R_CNX,1,True,True,2025-09-09T00:00:00+07:00,2025-09-09T23:00:00+07:00,SRC_TMD,True
20250909_BKK,2025-09-09,R_BKK,1,True,True,2025-09-09T00:00:00+07:00,2025-09-09T23:00:00+07:00,SRC_TMD,True
20250909_KKC,2025-09-09,R_KKC,2,True,True,2025-09-09T00:00:00+07:00,2025-09-09T23:00:00+07:00,SRC_TMD,True
20250909_KSN,2025-09-09,R_KSN,2,False,False,2025-09-09T00:00:00+07:00,2025-09-09T23:00:00+07:00,SRC_TMD,True
20250909_SSK,2025-09-09,R_SSK,2,True,True,2025-09-09T00:00:00+07:00,2025-09-09T23:00:00+07:00,SRC_TMD,True
20250909_NMA,2025-09-09,R_NMA,2,True,True,2025-09-09T00:00:00+07:00,2025-09-09T23:00:00+07:00,SRC_TMD,True
20250909_UTH,2025-09-09,R_UTH,2,True,True,2025-09-09T00:00:00+07:00,2025-09-09T23:00:00+07:00,SRC_TMD,True
20250909_RET,2025-09-09,R_RET,2,True,True,2025-09-09T00:00:00+07:00,2025-09-09T23:00:00+07:00,SRC_TMD,True
20250909_LPT,2025-09-09,R_LPT,2,True,True,2025-09-09T00:00:00+07:00,2025-09-09T23:00:00+07:00,SRC_TMD,True
20250909_RYG,2025-09-09,R_RYG,2,True,True,2025-09-09T00:00:00+07:00,2025-09-09T23:00:00+07:00,SRC_TMD,True
20250910_CNX,2025-09-10,R_CNX,2,False,False,2025-09-10T00:00:00+07:00,2025-09-10T23:00:00+07:00,SRC_TMD,True
20250910_BKK,2025-09-10,R_BKK,2,True,True,2025-09-10T00:00:00+07:00,2025-09-10T23:00:00+07:00,SRC_TMD,True
20250910_KKC,2025-09-10,R_KKC,2,True,True,2025-09-10T00:00:00+07:00,2025-09-10T23:00:00+07:00,SRC_TMD,True
20250910_KSN,2025-09-10,R_KSN,2,False,False,2025-09-10T00:00:00+07:00,2025-09-10T23:00:00+07:00,SRC_TMD,True
20250910_SSK,2025-09-10,R_SSK,3,False,False,2025-09-10T00:00:00+07:00,2025-09-10T23:00:00+07:00,SRC_TMD,True
20250910_NMA,2025-09-10,R_NMA,2,True,True,2025-09-10T00:00:00+07:00,2025-09-10T23:00:00+07:00,SRC_TMD,True
20250910_UTH,2025-09-10,R_UTH,1,False,False,2025-09-10T00:00:00+07:00,2025-09-10T23:00:00+07:00,SRC_TMD,True
20250910_RET,2025-09-10,R_RET,2,True,True,2025-09-10T00:00:00+07:00,2025-09-10T23:00:00+07:00,SRC_TMD,True
20250910_LPT,2025-09-10,R_LPT,1,True,True,2025-09-10T00:00:00+07:00,2025-09-10T23:00:00+07:00,SRC_TMD,True
20250910_RYG,2025-09-10,R_RYG,2,True,False,2025-09-10T00:00:00+07:00,2025-09-10T23:00:00+07:00,SRC_TMD,True
20250911_CNX,2025-09-11,R_CNX,1,True,True,2025-09-11T00:00:00+07:00,2025-09-11T23:00:00+07:00,SRC_TMD,True
20250911_BKK,2025-09-11,R_BKK,1,False,False,2025-09-11T00:00:00+07:00,2025-09-11T23:00:00+07:00,SRC_TMD,True
20250911_KKC,2025-09-11,R_KKC,2,False,False,2025-09-11T00:00:00+07:00,2025-09-11T23:00:00+07:00,SRC_TMD,True
20250911_KSN,2025-09-11,R_KSN,2,True,True,2025-09-11T00:00:00+07:00,2025-09-11T23:00:00+07:00,SRC_TMD,True
20250911_SSK,2025-09-11,R_SSK,3,True,True,2025-09-11T00:00:00+07:00,2025-09-11T23:00:00+07:00,SRC_TMD,True
20250911_NMA,2025-09-11,R_NMA,1,True,True,2025-09-11T00:00:00+07:00,2025-09-11T23:00:00+07:00,SRC_TMD,True
20250911_UTH,2025-09-11,R_UTH,3,False,False,2025-09-11T00:00:00+07:00,2025-09-11T23:00:00+07:00,SRC_TMD,True
20250911_RET,2025-09-11,R_RET,3,True,True,2025-09-11T00:00:00+07:00,2025-09-11T23:00:00+07:00,SRC_TMD,True
20250911_LPT,2025-09-11,R_LPT,2,True,True,2025-09-11T00:00:00+07:00,2025-09-11T23:00:00+07:00,SRC_TMD,True
20250911_RYG,2025-09-11,R_RYG,3,True,True,2025-09-11T00:00:00+07:00,2025-09-11T23:00:00+07:00,SRC_TMD,True
20250912_CNX,2025-09-12,R_CNX,1,True,True,2025-09-12T00:00:00+07:00,2025-09-12T23:00:00+07:00,SRC_TMD,True
20250912_BKK,2025-09-12,R_BKK,2,True,False,2025-09-12T00:00:00+07:00,2025-09-12T23:00:00+07:00,SRC_TMD,True
20250912_KKC,2025-09-12,R_KKC,1,True,True,2025-09-12T00:00:00+07:00,2025-09-12T23:00:00+07:00,SRC_TMD,True
20250912_KSN,2025-09-12,R_KSN,2,True,True,2025-09-12T00:00:00+07:00,2025-09-12T23:00:00+07:00,SRC_TMD,True
20250912_SSK,2025-09-12,R_SSK,3,True,False,2025-09-12T00:00:00+07:00,2025-09-12T23:00:00+07:00,SRC_TMD,True
20250912_NMA,2025-09-12,R_NMA,3,True,True,2025-09-12T00:00:00+07:00,2025-09-12T23:00:00+07:00,SRC_TMD,True
20250912_UTH,2025-09-12,R_UTH,2,False,False,2025-09-12T00:00:00+07:00,2025-09-12T23:00:00+07:00,SRC_TMD,True
20250912_RET,2025-09-12,R_RET,2,False,True,2025-09-12T00:00:00+07:00,2025-09-12T23:00:00+07:00,SRC_TMD,True
20250912_LPT,2025-09-12,R_LPT,2,False,False,2025-09-12T00:00:00+07:00,2025-09-12T23:00:00+07:00,SRC_TMD,True
20250912_RYG,2025-09-12,R_RYG,2,False,False,2025-09-12T00:00:00+07:00,2025-09-12T23:00:00+07:00,SRC_TMD,True
20250913_CNX,2025-09-13,R_CNX,1,False,True,2025-09-13T00:00:00+07:00,2025-09-13T23:00:00+07:00,SRC_TMD,True
20250913_BKK,2025-09-13,R_BKK,3,True,True,2025-09-13T00:00:00+07:00,2025-09-13T23:00:00+07:00,SRC_TMD,True
20250913_KKC,2025-09-13,R_KKC,2,True,True,2025-09-13T00:00:00+07:00,2025-09-13T23:00:00+07:00,SRC_TMD,True
20250913_KSN,2025-09-13,R_KSN,3,False,False,2025-09-13T00:00:00+07:00,2025-09-13T23:00:00+07:00,SRC_TMD,True
20250913_SSK,2025-09-13,R_SSK,1,True,True,2025-09-13T00:00:00+07:00,2025-09-13T23:00:00+07:00,SRC_TMD,True
20250913_NMA,2025-09-13,R_NMA,3,True,True,2025-09-13T00:00:00+07:00,2025-09-13T23:00:00+07:00,SRC_TMD,True
20250913_UTH,2025-09-13,R_UTH,3,False,False,2025-09-13T00:00:00+07:00,2025-09-13T23:00:00+07:00,SRC_TMD,True
20250913_RET,2025-09-13,R_RET,2,False,False,2025-09-13T00:00:00+07:00,2025-09-13T23:00:00+07:00,SRC_TMD,True
20250913_LPT,2025-09-13,R_LPT,2,True,True,2025-09-13T00:00:00+07:00,2025-09-13T23:00:00+07:00,SRC_TMD,True
20250913_RYG,2025-09-13,R_RYG,2,True,True,2025-09-13T00:00:00+07:00,2025-09-13T23:00:00+07:00,SRC_TMD,True
20250914_CNX,2025-09-14,R_CNX,2,True,True,2025-09-14T00:00:00+07:00,2025-09-14T23:00:00+07:00,SRC_TMD,True
20250914_BKK,2025-09-14,R_BKK,1,True,True,2025-09-14T00:00:00+07:00,2025-09-14T23:00:00+07:00,SRC_TMD,True
20250914_KKC,2025-09-14,R_KKC,2,True,True,2025-09-14T00:00:00+07:00,2025-09-14T23:00:00+07:00,SRC_TMD,True
20250914_KSN,2025-09-14,R_KSN,1,False,False,2025-09-14T00:00:00+07:00,2025-09-14T23:00:00+07:00,SRC_TMD,True
20250914_SSK,2025-09-14,R_SSK,2,True,True,2025-09-14T00:00:00+07:00,2025-09-14T23:00:00+07:00,SRC_TMD,True
20250914_NMA,2025-09-14,R_NMA,3,True,True,2025-09-14T00:00:00+07:00,2025-09-14T23:00:00+07:00,SRC_TMD,True
20250914_UTH,2025-09-14,R_UTH,1,True,False,2025-09-14T00:00:00+07:00,2025-09-14T23:00:00+07:00,SRC_TMD,True
20250914_RET,2025-09-14,R_RET,3,True,True,2025-09-14T00:00:00+07:00,2025-09-14T23:00:00+07:00,SRC_TMD,True
20250914_LPT,2025-09-14,R_LPT,3,True,True,2025-09-14T00:00:00+07:00,2025-09-14T23:00:00+07:00,SRC_TMD,True
20250914_RYG,2025-09-14,R_RYG,2,True,True,2025-09-14T00:00:00+07:00,2025-09-14T23:00:00+07:00,SRC_TMD,True
20250915_CNX,2025-09-15,R_CNX,3,False,True,2025-09-15T00:00:00+07:00,2025-09-15T23:00:00+07:00,SRC_TMD,True
20250915_BKK,2025-09-15,R_BKK,3,True,True,2025-09-15T00:00:00+07:00,2025-09-15T23:00:00+07:00,SRC_TMD,True
20250915_KKC,2025-09-15,R_KKC,2,True,True,2025-09-15T00:00:00+07:00,2025-09-15T23:00:00+07:00,SRC_TMD,True
20250915_KSN,2025-09-15,R_KSN,2,True,True,2025-09-15T00:00:00+07:00,2025-09-15T23:00:00+07:00,SRC_TMD,True
20250915_SSK,2025-09-15,R_SSK,1,False,False,2025-09-15T00:00:00+07:00,2025-09-15T23:00:00+07:00,SRC_TMD,True
20250915_NMA,2025-09-15,R_NMA,2,True,True,2025-09-15T00:00:00+07:00,2025-09-15T23:00:00+07:00,SRC_TMD,True
20250915_UTH,2025-09-15,R_UTH,2,False,False,2025-09-15T00:00:00+07:00,2025-09-15T23:00:00+07:00,SRC_TMD,True
20250915_RET,2025-09-15,R_RET,3,True,True,2025-09-15T00:00:00+07:00,2025-09-15T23:00:00+07:00,SRC_TMD,True
20250915_LPT,2025-09-15,R_LPT,1,False,False,2025-09-15T00:00:00+07:00,2025-09-15T23:00:00+07:00,SRC_TMD,True
20250915_RYG,2025-09-15,R_RYG,2,True,False,2025-09-15T00:00:00+07:00,2025-09-15T23:00:00+07:00,SRC_TMD,True
20250916_CNX,2025-09-16,R_CNX,2,False,False,2025-09-16T00:00:00+07:00,2025-09-16T23:00:00+07:00,SRC_TMD,True
20250916_BKK,2025-09-16,R_BKK,3,True,True,2025-09-16T00:00:00+07:00,2025-09-16T23:00:00+07:00,SRC_TMD,True
20250916_KKC,2025-09-16,R_KKC,2,True,True,2025-09-16T00:00:00+07:00,2025-09-16T23:00:00+07:00,SRC_TMD,True
20250916_KSN,2025-09-16,R_KSN,3,False,False,2025-09-16T00:00:00+07:00,2025-09-16T23:00:00+07:00,SRC_TMD,True
20250916_SSK,2025-09-16,R_SSK,1,True,True,2025-09-16T00:00:00+07:00,2025-09-16T23:00:00+07:00,SRC_TMD,True
20250916_NMA,2025-09-16,R_NMA,3,False,False,2025-09-16T00:00:00+07:00,2025-09-16T23:00:00+07:00,SRC_TMD,True
20250916_UTH,2025-09-16,R_UTH,1,True,True,2025-09-16T00:00:00+07:00,2025-09-16T23:00:00+07:00,SRC_TMD,True
20250916_RET,2025-09-16,R_RET,1,True,True,2025-09-16T00:00:00+07:00,2025-09-16T23:00:00+07:00,SRC_TMD,True
20250916_LPT,2025-09-16,R_LPT,1,True,True,2025-09-16T00:00:00+07:00,2025-09-16T23:00:00+07:00,SRC_TMD,True
20250916_RYG,2025-09-16,R_RYG,1,True,True,2025-09-16T00:00:00+07:00,2025-09-16T23:00:00+07:00,SRC_TMD,True
20250917_CNX,2025-09-17,R_CNX,1,True,True,2025-09-17T00:00:00+07:00,2025-09-17T23:00:00+07:00,SRC_TMD,True
20250917_BKK,2025-09-17,R_BKK,2,True,True,2025-09-17T00:00:00+07:00,2025-09-17T23:00:00+07:00,SRC_TMD,True
20250917_KKC,2025-09-17,R_KKC,1,False,False,2025-09-17T00:00:00+07:00,2025-09-17T23:00:00+07:00,SRC_TMD,True
20250917_KSN,2025-09-17,R_KSN,2,True,True,2025-09-17T00:00:00+07:00,2025-09-17T23:00:00+07:00,SRC_TMD,True
20250917_SSK,2025-09-17,R_SSK,1,True,True,2025-09-17T00:00:00+07:00,2025-09-17T23:00:00+07:00,SRC_TMD,True
20250917_NMA,2025-09-17,R_NMA,3,False,False,2025-09-17T00:00:00+07:00,2025-09-17T23:00:00+07:00,SRC_TMD,True
20250917_UTH,2025-09-17,R_UTH,1,True,True,2025-09-17T00:00:00+07:00,2025-09-17T23:00:00+07:00,SRC_TMD,True
20250917_RET,2025-09-17,R_RET,2,False,False,2025-09-17T00:00:00+07:00,2025-09-17T23:00:00+07:00,SRC_TMD,True
20250917_LPT,2025-09-17,R_LPT,2,True,True,2025-09-17T00:00:00+07:00,2025-09-17T23:00:00+07:00,SRC_TMD,True
20250917_RYG,2025-09-17,R_RYG,2,True,True,2025-09-17T00:00:00+07:00,2025-09-17T23:00:00+07:00,SRC_TMD,True
20250918_CNX,2025-09-18,R_CNX,2,False,False,2025-09-18T00:00:00+07:00,2025-09-18T23:00:00+07:00,SRC_TMD,True
20250918_BKK,2025-09-18,R_BKK,2,True,True,2025-09-18T00:00:00+07:00,2025-09-18T23:00:00+07:00,SRC_TMD,True
20250918_KKC,2025-09-18,R_KKC,2,True,True,2025-09-18T00:00:00+07:00,2025-09-18T23:00:00+07:00,SRC_TMD,True
20250918_KSN,2025-09-18,R_KSN,1,False,False,2025-09-18T00:00:00+07:00,2025-09-18T23:00:00+07:00,SRC_TMD,True
20250918_SSK,2025-09-18,R_SSK,2,True,True,2025-09-18T00:00:00+07:00,2025-09-18T23:00:00+07:00,SRC_TMD,True
20250918_NMA,2025-09-18,R_NMA,2,True,True,2025-09-18T00:00:00+07:00,2025-09-18T23:00:00+07:00,SRC_TMD,True
20250918_UTH,2025-09-18,R_UTH,2,True,True,2025-09-18T00:00:00+07:00,2025-09-18T23:00:00+07:00,SRC_TMD,True
20250918_RET,2025-09-18,R_RET,3,False,False,2025-09-18T00:00:00+07:00,2025-09-18T23:00:00+07:00,SRC_TMD,True
20250918_LPT,2025-09-18,R_LPT,2,False,False,2025-09-18T00:00:00+07:00,2025-09-18T23:00:00+07:00,SRC_TMD,True
20250918_RYG,2025-09-18,R_RYG,2,True,True,2025-09-18T00:00:00+07:00,2025-09-18T23:00:00+07:00,SRC_TMD,True
20250919_CNX,2025-09-19,R_CNX,2,False,False,2025-09-19T00:00:00+07:00,2025-09-19T23:00:00+07:00,SRC_TMD,True
20250919_BKK,2025-09-19,R_BKK,2,False,False,2025-09-19T00:00:00+07:00,2025-09-19T23:00:00+07:00,SRC_TMD,True
20250919_KKC,2025-09-19,R_KKC,2,False,False,2025-09-19T00:00:00+07:00,2025-09-19T23:00:00+07:00,SRC_TMD,True
20250919_KSN,2025-09-19,R_KSN,2,False,False,2025-09-19T00:00:00+07:00,2025-09-19T23:00:00+07:00,SRC_TMD,True
20250919_SSK,2025-09-19,R_SSK,2,False,False,2025-09-19T00:00:00+07:00,2025-09-19T23:00:00+07:00,SRC_TMD,True
20250919_NMA,2025-09-19,R_NMA,1,False,True,2025-09-19T00:00:00+07:00,2025-09-19T23:00:00+07:00,SRC_TMD,True
20250919_UTH,2025-09-19,R_UTH,1,False,True,2025-09-19T00:00:00+07:00,2025-09-19T23:00:00+07:00,SRC_TMD,True
20250919_RET,2025-09-19,R_RET,2,True,True,2025-09-19T00:00:00+07:00,2025-09-19T23:00:00+07:00,SRC_TMD,True
20250919_LPT,2025-09-19,R_LPT,1,True,True,2025-09-19T00:00:00+07:00,2025-09-19T23:00:00+07:00,SRC_TMD,True
20250919_RYG,2025-09-19,R_RYG,2,True,True,2025-09-19T00:00:00+07:00,2025-09-19T23:00:00+07:00,SRC_TMD,True
20250920_CNX,2025-09-20,R_CNX,2,True,True,2025-09-20T00:00:00+07:00,2025-09-20T23:00:00+07:00,SRC_TMD,True
20250920_BKK,2025-09-20,R_BKK,2,False,True,2025-09-20T00:00:00+07:00,2025-09-20T23:00:00+07:00,SRC_TMD,True
20250920_KKC,2025-09-20,R_KKC,2,False,False,2025-09-20T00:00:00+07:00,2025-09-20T23:00:00+07:00,SRC_TMD,True
20250920_KSN,2025-09-20,R_KSN,2,False,False,2025-09-20T00:00:00+07:00,2025-09-20T23:00:00+07:00,SRC_TMD,True
20250920_SSK,2025-09-20,R_SSK,1,True,True,2025-09-20T00:00:00+07:00,2025-09-20T23:00:00+07:00,SRC_TMD,True
20250920_NMA,2025-09-20,R_NMA,2,False,False,2025-09-20T00:00:00+07:00,2025-09-20T23:00:00+07:00,SRC_TMD,True
20250920_UTH,2025-09-20,R_UTH,1,True,True,2025-09-20T00:00:00+07:00,2025-09-20T23:00:00+07:00,SRC_TMD,True
20250920_RET,2025-09-20,R_RET,2,False,False,2025-09-20T00:00:00+07:00,2025-09-20T23:00:00+07:00,SRC_TMD,True
20250920_LPT,2025-09-20,R_LPT,2,True,True,2025-09-20T00:00:00+07:00,2025-09-20T23:00:00+07:00,SRC_TMD,True
20250920_RYG,2025-09-20,R_RYG,2,False,False,2025-09-20T00:00:00+07:00,2025-09-20T23:00:00+07:00,SRC_TMD,True
20250921_CNX,2025-09-21,R_CNX,1,True,True,2025-09-21T00:00:00+07:00,2025-09-21T23:00:00+07:00,SRC_TMD,True
20250921_BKK,2025-09-21,R_BKK,2,True,True,2025-09-21T00:00:00+07:00,2025-09-21T23:00:00+07:00,SRC_TMD,True
20250921_KKC,2025-09-21,R_KKC,2,True,True,2025-09-21T00:00:00+07:00,2025-09-21T23:00:00+07:00,SRC_TMD,True
20250921_KSN,2025-09-21,R_KSN,2,True,True,2025-09-21T00:00:00+07:00,2025-09-21T23:00:00+07:00,SRC_TMD,True
20250921_SSK,2025-09-21,R_SSK,2,True,True,2025-09-21T00:00:00+07:00,2025-09-21T23:00:00+07:00,SRC_TMD,True
20250921_NMA,2025-09-21,R_NMA,2,False,True,2025-09-21T00:00:00+07:00,2025-09-21T23:00:00+07:00,SRC_TMD,True
20250921_UTH,2025-09-21,R_UTH,2,True,True,2025-09-21T00:00:00+07:00,2025-09-21T23:00:00+07:00,SRC_TMD,True
20250921_RET,2025-09-21,R_RET,2,True,True,2025-09-21T00:00:00+07:00,2025-09-21T23:00:00+07:00,SRC_TMD,True
20250921_LPT,2025-09-21,R_LPT,2,False,False,2025-09-21T00:00:00+07:00,2025-09-21T23:00:00+07:00,SRC_TMD,True
20250921_RYG,2025-09-21,R_RYG,2,False,False,2025-09-21T00:00:00+07:00,2025-09-21T23:00:00+07:00,SRC_TMD,True
20250922_CNX,2025-09-22,R_CNX,2,True,True,2025-09-22T00:00:00+07:00,2025-09-22T23:00:00+07:00,SRC_TMD,True
20250922_BKK,2025-09-22,R_BKK,2,True,True,2025-09-22T00:00:00+07:00,2025-09-22T23:00:00+07:00,SRC_TMD,True
20250922_KKC,2025-09-22,R_KKC,3,True,True,2025-09-22T00:00:00+07:00,2025-09-22T23:00:00+07:00,SRC_TMD,True
20250922_KSN,2025-09-22,R_KSN,3,True,True,2025-09-22T00:00:00+07:00,2025-09-22T23:00:00+07:00,SRC_TMD,True
20250922_SSK,2025-09-22,R_SSK,2,True,True,2025-09-22T00:00:00+07:00,2025-09-22T23:00:00+07:00,SRC_TMD,True
20250922_NMA,2025-09-22,R_NMA,3,False,False,2025-09-22T00:00:00+07:00,2025-09-22T23:00:00+07:00,SRC_TMD,True
20250922_UTH,2025-09-22,R_UTH,2,True,True,2025-09-22T00:00:00+07:00,2025-09-22T23:00:00+07:00,SRC_TMD,True
20250922_RET,2025-09-22,R_RET,2,True,True,2025-09-22T00:00:00+07:00,2025-09-22T23:00:00+07:00,SRC_TMD,True
20250922_LPT,2025-09-22,R_LPT,3,True,True,2025-09-22T00:00:00+07:00,2025-09-22T23:00:00+07:00,SRC_TMD,True
20250922_RYG,2025-09-22,R_RYG,2,False,False,2025-09-22T00:00:00+07:00,2025-09-22T23:00:00+07:00,SRC_TMD,True
20250923_CNX,2025-09-23,R_CNX,3,False,True,2025-09-23T00:00:00+07:00,2025-09-23T23:00:00+07:00,SRC_TMD,True
20250923_BKK,2025-09-23,R_BKK,3,True,False,2025-09-23T00:00:00+07:00,2025-09-23T23:00:00+07:00,SRC_TMD,True
20250923_KKC,2025-09-23,R_KKC,2,False,False,2025-09-23T00:00:00+07:00,2025-09-23T23:00:00+07:00,SRC_TMD,True
20250923_KSN,2025-09-23,R_KSN,1,False,False,2025-09-23T00:00:00+07:00,2025-09-23T23:00:00+07:00,SRC_TMD,True
20250923_SSK,2025-09-23,R_SSK,1,False,False,2025-09-23T00:00:00+07:00,2025-09-23T23:00:00+07:00,SRC_TMD,True
20250923_NMA,2025-09-23,R_NMA,2,True,True,2025-09-23T00:00:00+07:00,2025-09-23T23:00:00+07:00,SRC_TMD,True
20250923_UTH,2025-09-23,R_UTH,1,True,True,2025-09-23T00:00:00+07:00,2025-09-23T23:00:00+07:00,SRC_TMD,True
20250923_RET,2025-09-23,R_RET,1,True,True,2025-09-23T00:00:00+07:00,2025-09-23T23:00:00+07:00,SRC_TMD,True
20250923_LPT,2025-09-23,R_LPT,2,True,True,2025-09-23T00:00:00+07:00,2025-09-23T23:00:00+07:00,SRC_TMD,True
20250923_RYG,2025-09-23,R_RYG,2,False,True,2025-09-23T00:00:00+07:00,2025-09-23T23:00:00+07:00,SRC_TMD,True
20250924_CNX,2025-09-24,R_CNX,2,True,True,2025-09-24T00:00:00+07:00,2025-09-24T23:00:00+07:00,SRC_TMD,True
20250924_BKK,2025-09-24,R_BKK,2,False,False,2025-09-24T00:00:00+07:00,2025-09-24T23:00:00+07:00,SRC_TMD,True
20250924_KKC,2025-09-24,R_KKC,2,True,True,2025-09-24T00:00:00+07:00,2025-09-24T23:00:00+07:00,SRC_TMD,True
20250924_KSN,2025-09-24,R_KSN,3,True,True,2025-09-24T00:00:00+07:00,2025-09-24T23:00:00+07:00,SRC_TMD,True
20250924_SSK,2025-09-24,R_SSK,2,True,True,2025-09-24T00:00:00+07:00,2025-09-24T23:00:00+07:00,SRC_TMD,True
20250924_NMA,2025-09-24,R_NMA,1,True,True,2025-09-24T00:00:00+07:00,2025-09-24T23:00:00+07:00,SRC_TMD,True
20250924_UTH,2025-09-24,R_UTH,2,True,True,2025-09-24T00:00:00+07:00,2025-09-24T23:00:00+07:00,SRC_TMD,True
20250924_RET,2025-09-24,R_RET,2,False,False,2025-09-24T00:00:00+07:00,2025-09-24T23:00:00+07:00,SRC_TMD,True
20250924_LPT,2025-09-24,R_LPT,2,True,True,2025-09-24T00:00:00+07:00,2025-09-24T23:00:00+07:00,SRC_TMD,True
20250924_RYG,2025-09-24,R_RYG,2,True,True,2025-09-24T00:00:00+07:00,2025-09-24T23:00:00+07:00,SRC_TMD,True
20250925_CNX,2025-09-25,R_CNX,1,False,False,2025-09-25T00:00:00+07:00,2025-09-25T23:00:00+07:00,SRC_TMD,True
20250925_BKK,2025-09-25,R_BKK,3,True,True,2025-09-25T00:00:00+07:00,2025-09-25T23:00:00+07:00,SRC_TMD,True
20250925_KKC,2025-09-25,R_KKC,1,False,False,2025-09-25T00:00:00+07:00,2025-09-25T23:00:00+07:00,SRC_TMD,True
20250925_KSN,2025-09-25,R_KSN,3,True,False,2025-09-25T00:00:00+07:00,2025-09-25T23:00:00+07:00,SRC_TMD,True
20250925_SSK,2025-09-25,R_SSK,3,False,False,2025-09-25T00:00:00+07:00,2025-09-25T23:00:00+07:00,SRC_TMD,True
20250925_NMA,2025-09-25,R_NMA,2,False,False,2025-09-25T00:00:00+07:00,2025-09-25T23:00:00+07:00,SRC_TMD,True
20250925_UTH,2025-09-25,R_UTH,2,True,True,2025-09-25T00:00:00+07:00,2025-09-25T23:00:00+07:00,SRC_TMD,True
20250925_RET,2025-09-25,R_RET,3,True,True,2025-09-25T00:00:00+07:00,2025-09-25T23:00:00+07:00,SRC_TMD,True
20250925_LPT,2025-09-25,R_LPT,2,True,True,2025-09-25T00:00:00+07:00,2025-09-25T23:00:00+07:00,SRC_TMD,True
20250925_RYG,2025-09-25,R_RYG,2,True,True,2025-09-25T00:00:00+07:00,2025-09-25T23:00:00+07:00,SRC_TMD,True
20250926_CNX,2025-09-26,R_CNX,2,False,False,2025-09-26T00:00:00+07:00,2025-09-26T23:00:00+07:00,SRC_TMD,True
20250926_BKK,2025-09-26,R_BKK,1,False,False,2025-09-26T00:00:00+07:00,2025-09-26T23:00:00+07:00,SRC_TMD,True
20250926_KKC,2025-09-26,R_KKC,2,False,False,2025-09-26T00:00:00+07:00,2025-09-26T23:00:00+07:00,SRC_TMD,True
20250926_KSN,2025-09-26,R_KSN,1,True,True,2025-09-26T00:00:00+07:00,2025-09-26T23:00:00+07:00,SRC_TMD,True
20250926_SSK,2025-09-26,R_SSK,1,True,True,2025-09-26T00:00:00+07:00,2025-09-26T23:00:00+07:00,SRC_TMD,True
20250926_NMA,2025-09-26,R_NMA,2,True,True,2025-09-26T00:00:00+07:00,2025-09-26T23:00:00+07:00,SRC_TMD,True
20250926_UTH,2025-09-26,R_UTH,2,False,False,2025-09-26T00:00:00+07:00,2025-09-26T23:00:00+07:00,SRC_TMD,True
20250926_RET,2025-09-26,R_RET,2,True,True,2025-09-26T00:00:00+07:00,2025-09-26T23:00:00+07:00,SRC_TMD,True
20250926_LPT,2025-09-26,R_LPT,2,False,False,2025-09-26T00:00:00+07:00,2025-09-26T23:00:00+07:00,SRC_TMD,True
20250926_RYG,2025-09-26,R_RYG,3,True,True,2025-09-26T00:00:00+07:00,2025-09-26T23:00:00+07:00,SRC_TMD,True
20250927_CNX,2025-09-27,R_CNX,2,True,True,2025-09-27T00:00:00+07:00,2025-09-27T23:00:00+07:00,SRC_TMD,True
20250927_BKK,2025-09-27,R_BKK,2,True,True,2025-09-27T00:00:00+07:00,2025-09-27T23:00:00+07:00,SRC_TMD,True
20250927_KKC,2025-09-27,R_KKC,3,False,False,2025-09-27T00:00:00+07:00,2025-09-27T23:00:00+07:00,SRC_TMD,True
20250927_KSN,2025-09-27,R_KSN,2,False,False,2025-09-27T00:00:00+07:00,2025-09-27T23:00:00+07:00,SRC_TMD,True
20250927_SSK,2025-09-27,R_SSK,1,False,False,2025-09-27T00:00:00+07:00,2025-09-27T23:00:00+07:00,SRC_TMD,True
20250927_NMA,2025-09-27,R_NMA,3,True,True,2025-09-27T00:00:00+07:00,2025-09-27T23:00:00+07:00,SRC_TMD,True
20250927_UTH,2025-09-27,R_UTH,2,True,True,2025-09-27T00:00:00+07:00,2025-09-27T23:00:00+07:00,SRC_TMD,True
20250927_RET,2025-09-27,R_RET,2,True,True,2025-09-27T00:00:00+07:00,2025-09-27T23:00:00+07:00,SRC_TMD,True
20250927_LPT,2025-09-27,R_LPT,2,False,False,2025-09-27T00:00:00+07:00,2025-09-27T23:00:00+07:00,SRC_TMD,True
20250927_RYG,2025-09-27,R_RYG,2,True,True,2025-09-27T00:00:00+07:00,2025-09-27T23:00:00+07:00,SRC_TMD,True
20250928_CNX,2025-09-28,R_CNX,2,True,False,2025-09-28T00:00:00+07:00,2025-09-28T23:00:00+07:00,SRC_TMD,True
20250928_BKK,2025-09-28,R_BKK,3,False,True,2025-09-28T00:00:00+07:00,2025-09-28T23:00:00+07:00,SRC_TMD,True
20250928_KKC,2025-09-28,R_KKC,1,True,True,2025-09-28T00:00:00+07:00,2025-09-28T23:00:00+07:00,SRC_TMD,True
20250928_KSN,2025-09-28,R_KSN,2,True,True,2025-09-28T00:00:00+07:00,2025-09-28T23:00:00+07:00,SRC_TMD,True
20250928_SSK,2025-09-28,R_SSK,2,True,True,2025-09-28T00:00:00+07:00,2025-09-28T23:00:00+07:00,SRC_TMD,True
20250928_NMA,2025-09-28,R_NMA,2,True,True,2025-09-28T00:00:00+07:00,2025-09-28T23:00:00+07:00,SRC_TMD,True
20250928_UTH,2025-09-28,R_UTH,2,False,False,2025-09-28T00:00:00+07:00,2025-09-28T23:00:00+07:00,SRC_TMD,True
20250928_RET,2025-09-28,R_RET,2,True,True,2025-09-28T00:00:00+07:00,2025-09-28T23:00:00+07:00,SRC_TMD,True
20250928_LPT,2025-09-28,R_LPT,2,True,True,2025-09-28T00:00:00+07:00,2025-09-28T23:00:00+07:00,SRC_TMD,True
20250928_RYG,2025-09-28,R_RYG,2,False,False,2025-09-28T00:00:00+07:00,2025-09-28T23:00:00+07:00,SRC_TMD,True
20250929_CNX,2025-09-29,R_CNX,2,False,False,2025-09-29T00:00:00+07:00,2025-09-29T23:00:00+07:00,SRC_TMD,True
20250929_BKK,2025-09-29,R_BKK,3,True,True,2025-09-29T00:00:00+07:00,2025-09-29T23:00:00+07:00,SRC_TMD,True
20250929_KKC,2025-09-29,R_KKC,3,True,True,2025-09-29T00:00:00+07:00,2025-09-29T23:00:00+07:00,SRC_TMD,True
20250929_KSN,2025-09-29,R_KSN,2,True,True,2025-09-29T00:00:00+07:00,2025-09-29T23:00:00+07:00,SRC_TMD,True
20250929_SSK,2025-09-29,R_SSK,2,False,False,2025-09-29T00:00:00+07:00,2025-09-29T23:00:00+07:00,SRC_TMD,True
20250929_NMA,2025-09-29,R_NMA,2,True,True,2025-09-29T00:00:00+07:00,2025-09-29T23:00:00+07:00,SRC_TMD,True
20250929_UTH,2025-09-29,R_UTH,2,True,True,2025-09-29T00:00:00+07:00,2025-09-29T23:00:00+07:00,SRC_TMD,True
20250929_RET,2025-09-29,R_RET,2,True,True,2025-09-29T00:00:00+07:00,2025-09-29T23:00:00+07:00,SRC_TMD,True
20250929_LPT,2025-09-29,R_LPT,2,True,True,2025-09-29T00:00:00+07:00,2025-09-29T23:00:00+07:00,SRC_TMD,True
20250929_RYG,2025-09-29,R_RYG,2,False,False,2025-09-29T00:00:00+07:00,2025-09-29T23:00:00+07:00,SRC_TMD,True
20250930_CNX,2025-09-30,R_CNX,2,True,True,2025-09-30T00:00:00+07:00,2025-09-30T23:00:00+07:00,SRC_TMD,True
20250930_BKK,2025-09-30,R_BKK,2,False,True,2025-09-30T00:00:00+07:00,2025-09-30T23:00:00+07:00,SRC_TMD,True
20250930_KKC,2025-09-30,R_KKC,2,True,True,2025-09-30T00:00:00+07:00,2025-09-30T23:00:00+07:00,SRC_TMD,True
20250930_KSN,2025-09-30,R_KSN,1,True,True,2025-09-30T00:00:00+07:00,2025-09-30T23:00:00+07:00,SRC_TMD,True
20250930_SSK,2025-09-30,R_SSK,1,False,False,2025-09-30T00:00:00+07:00,2025-09-30T23:00:00+07:00,SRC_TMD,True
20250930_NMA,2025-09-30,R_NMA,1,False,False,2025-09-30T00:00:00+07:00,2025-09-30T23:00:00+07:00,SRC_TMD,True
20250930_UTH,2025-09-30,R_UTH,3,True,True,2025-09-30T00:00:00+07:00,2025-09-30T23:00:00+07:00,SRC_TMD,True
20250930_RET,2025-09-30,R_RET,2,True,True,2025-09-30T00:00:00+07:00,2025-09-30T23:00:00+07:00,SRC_TMD,True
20250930_LPT,2025-09-30,R_LPT,2,False,True,2025-09-30T00:00:00+07:00,2025-09-30T23:00:00+07:00,SRC_TMD,True
20250930_RYG,2025-09-30,R_RYG,1,True,True,2025-09-30T00:00:00+07:00,2025-09-30T23:00:00+07:00,SRC_TMD,True
