assignment_id,trip_id,driver_id,crew_slot,reservation_start_at,reservation_end_at,planned_assignment,is_synthetic
T00001_D045,T00001,D045,1,2025-04-01T17:00:00+07:00,2025-04-03T12:37:49+07:00,False,True
T00001_D046,T00001,D046,2,2025-04-01T17:00:00+07:00,2025-04-03T12:37:49+07:00,False,True
T00002_D017,T00002,D017,1,2025-04-02T09:15:00+07:00,2025-04-03T19:19:14+07:00,False,True
T00002_D018,T00002,D018,2,2025-04-02T09:15:00+07:00,2025-04-03T19:19:14+07:00,False,True
T00003_D039,T00003,D039,1,2025-04-02T12:15:00+07:00,2025-04-03T02:00:05+07:00,False,True
T00003_D040,T00003,D040,2,2025-04-02T12:15:00+07:00,2025-04-03T02:00:05+07:00,False,True
T00004_D003,T00004,D003,1,2025-04-02T13:00:00+07:00,2025-04-04T11:28:23+07:00,False,True
T00004_D004,T00004,D004,2,2025-04-02T13:00:00+07:00,2025-04-04T11:28:23+07:00,False,True
T00005_D027,T00005,D027,1,2025-04-02T16:45:00+07:00,2025-04-04T04:01:14+07:00,False,True
T00005_D028,T00005,D028,2,2025-04-02T16:45:00+07:00,2025-04-04T04:01:14+07:00,False,True
T00006_D047,T00006,D047,1,2025-04-03T10:30:00+07:00,2025-04-04T05:39:16+07:00,False,True
T00006_D048,T00006,D048,2,2025-04-03T10:30:00+07:00,2025-04-04T05:39:16+07:00,False,True
T00007_D031,T00007,D031,1,2025-04-03T12:15:00+07:00,2025-04-04T00:31:00+07:00,False,True
T00007_D032,T00007,D032,2,2025-04-03T12:15:00+07:00,2025-04-04T00:31:00+07:00,False,True
T00008_D011,T00008,D011,1,2025-04-03T12:30:00+07:00,2025-04-04T09:25:44+07:00,False,True
T00008_D012,T00008,D012,2,2025-04-03T12:30:00+07:00,2025-04-04T09:25:44+07:00,False,True
T00009_D023,T00009,D023,1,2025-04-03T18:45:00+07:00,2025-04-05T18:10:27+07:00,False,True
T00009_D024,T00009,D024,2,2025-04-03T18:45:00+07:00,2025-04-05T18:10:27+07:00,False,True
T00010_D031,T00010,D031,1,2025-04-04T15:30:00+07:00,2025-04-05T15:11:57+07:00,False,True
T00010_D032,T00010,D032,2,2025-04-04T15:30:00+07:00,2025-04-05T15:11:57+07:00,False,True
T00011_D043,T00011,D043,1,2025-04-06T16:00:00+07:00,2025-04-07T14:40:30+07:00,False,True
T00011_D044,T00011,D044,2,2025-04-06T16:00:00+07:00,2025-04-07T14:40:30+07:00,False,True
T00012_D005,T00012,D005,1,2025-04-06T17:00:00+07:00,2025-04-07T10:21:49+07:00,False,True
T00012_D006,T00012,D006,2,2025-04-06T17:00:00+07:00,2025-04-07T10:21:49+07:00,False,True
T00013_D015,T00013,D015,1,2025-04-06T17:45:00+07:00,2025-04-07T21:16:11+07:00,False,True
T00013_D016,T00013,D016,2,2025-04-06T17:45:00+07:00,2025-04-07T21:16:11+07:00,False,True
T00014_D017,T00014,D017,1,2025-04-07T11:00:00+07:00,2025-04-09T08:29:46+07:00,False,True
T00014_D018,T00014,D018,2,2025-04-07T11:00:00+07:00,2025-04-09T08:29:46+07:00,False,True
T00015_D007,T00015,D007,1,2025-04-07T17:45:00+07:00,2025-04-09T14:47:58+07:00,False,True
T00015_D008,T00015,D008,2,2025-04-07T17:45:00+07:00,2025-04-09T14:47:58+07:00,False,True
T00016_D027,T00016,D027,1,2025-04-08T14:00:00+07:00,2025-04-10T00:37:06+07:00,False,True
T00016_D028,T00016,D028,2,2025-04-08T14:00:00+07:00,2025-04-10T00:37:06+07:00,False,True
T00017_D015,T00017,D015,1,2025-04-08T16:15:00+07:00,2025-04-09T09:56:54+07:00,False,True
T00017_D016,T00017,D016,2,2025-04-08T16:15:00+07:00,2025-04-09T09:56:54+07:00,False,True
T00018_D031,T00018,D031,1,2025-04-08T17:00:00+07:00,2025-04-09T06:25:03+07:00,False,True
T00018_D032,T00018,D032,2,2025-04-08T17:00:00+07:00,2025-04-09T06:25:03+07:00,False,True
T00019_D013,T00019,D013,1,2025-04-08T17:30:00+07:00,2025-04-10T14:04:10+07:00,False,True
T00019_D014,T00019,D014,2,2025-04-08T17:30:00+07:00,2025-04-10T14:04:10+07:00,False,True
T00020_D021,T00020,D021,1,2025-04-09T13:00:00+07:00,2025-04-10T03:07:12+07:00,False,True
T00020_D022,T00020,D022,2,2025-04-09T13:00:00+07:00,2025-04-10T03:07:12+07:00,False,True
T00021_D001,T00021,D001,1,2025-04-09T13:15:00+07:00,2025-04-12T11:46:46+07:00,False,True
T00021_D002,T00021,D002,2,2025-04-09T13:15:00+07:00,2025-04-12T11:46:46+07:00,False,True
T00022_D011,T00022,D011,1,2025-04-09T13:30:00+07:00,2025-04-11T01:39:22+07:00,False,True
T00022_D012,T00022,D012,2,2025-04-09T13:30:00+07:00,2025-04-11T01:39:22+07:00,False,True
T00023_D033,T00023,D033,1,2025-04-10T08:15:00+07:00,2025-04-12T07:17:07+07:00,False,True
T00023_D034,T00023,D034,2,2025-04-10T08:15:00+07:00,2025-04-12T07:17:07+07:00,False,True
T00024_D023,T00024,D023,1,2025-04-10T09:30:00+07:00,2025-04-11T19:33:19+07:00,False,True
T00024_D024,T00024,D024,2,2025-04-10T09:30:00+07:00,2025-04-11T19:33:19+07:00,False,True
T00025_D007,T00025,D007,1,2025-04-10T12:45:00+07:00,2025-04-12T11:49:07+07:00,False,True
T00025_D008,T00025,D008,2,2025-04-10T12:45:00+07:00,2025-04-12T11:49:07+07:00,False,True
T00026_D027,T00026,D027,1,2025-04-10T13:30:00+07:00,2025-04-11T12:23:42+07:00,False,True
T00026_D028,T00026,D028,2,2025-04-10T13:30:00+07:00,2025-04-11T12:23:42+07:00,False,True
T00027_D005,T00027,D005,1,2025-04-11T09:45:00+07:00,2025-04-12T08:54:04+07:00,False,True
T00027_D006,T00027,D006,2,2025-04-11T09:45:00+07:00,2025-04-12T08:54:04+07:00,False,True
T00028_D009,T00028,D009,1,2025-04-11T17:45:00+07:00,2025-04-13T14:46:48+07:00,False,True
T00028_D010,T00028,D010,2,2025-04-11T17:45:00+07:00,2025-04-13T14:46:48+07:00,False,True
T00029_D037,T00029,D037,1,2025-04-12T08:45:00+07:00,2025-04-13T06:14:17+07:00,False,True
T00029_D038,T00029,D038,2,2025-04-12T08:45:00+07:00,2025-04-13T06:14:17+07:00,False,True
T00030_D019,T00030,D019,1,2025-04-12T14:00:00+07:00,2025-04-13T03:38:02+07:00,False,True
T00030_D020,T00030,D020,2,2025-04-12T14:00:00+07:00,2025-04-13T03:38:02+07:00,False,True
T00031_D001,T00031,D001,1,2025-04-13T08:15:00+07:00,2025-04-15T04:26:38+07:00,False,True
T00031_D002,T00031,D002,2,2025-04-13T08:15:00+07:00,2025-04-15T04:26:38+07:00,False,True
T00032_D031,T00032,D031,1,2025-04-14T15:30:00+07:00,2025-04-15T07:11:57+07:00,False,True
T00032_D032,T00032,D032,2,2025-04-14T15:30:00+07:00,2025-04-15T07:11:57+07:00,False,True
T00033_D047,T00033,D047,1,2025-04-14T16:45:00+07:00,2025-04-15T21:15:42+07:00,False,True
T00033_D048,T00033,D048,2,2025-04-14T16:45:00+07:00,2025-04-15T21:15:42+07:00,False,True
T00034_D025,T00034,D025,1,2025-04-14T17:45:00+07:00,2025-04-16T05:01:22+07:00,False,True
T00034_D026,T00034,D026,2,2025-04-14T17:45:00+07:00,2025-04-16T05:01:22+07:00,False,True
T00035_D041,T00035,D041,1,2025-04-14T18:00:00+07:00,2025-04-15T17:40:59+07:00,False,True
T00035_D042,T00035,D042,2,2025-04-14T18:00:00+07:00,2025-04-15T17:40:59+07:00,False,True
T00036_D035,T00036,D035,1,2025-04-16T13:30:00+07:00,2025-04-17T06:54:50+07:00,False,True
T00036_D036,T00036,D036,2,2025-04-16T13:30:00+07:00,2025-04-17T06:54:50+07:00,False,True
T00037_D041,T00037,D041,1,2025-04-18T08:45:00+07:00,2025-04-19T15:16:37+07:00,False,True
T00037_D042,T00037,D042,2,2025-04-18T08:45:00+07:00,2025-04-19T15:16:37+07:00,False,True
T00038_D011,T00038,D011,1,2025-04-18T12:45:00+07:00,2025-04-20T11:51:20+07:00,False,True
T00038_D012,T00038,D012,2,2025-04-18T12:45:00+07:00,2025-04-20T11:51:20+07:00,False,True
T00039_D039,T00039,D039,1,2025-04-18T18:45:00+07:00,2025-04-19T12:41:39+07:00,False,True
T00039_D040,T00039,D040,2,2025-04-18T18:45:00+07:00,2025-04-19T12:41:39+07:00,False,True
T00040_D027,T00040,D027,1,2025-04-19T08:00:00+07:00,2025-04-21T05:35:09+07:00,False,True
T00040_D028,T00040,D028,2,2025-04-19T08:00:00+07:00,2025-04-21T05:35:09+07:00,False,True
T00041_D001,T00041,D001,1,2025-04-19T10:00:00+07:00,2025-04-20T06:41:10+07:00,False,True
T00041_D002,T00041,D002,2,2025-04-19T10:00:00+07:00,2025-04-20T06:41:10+07:00,False,True
T00042_D025,T00042,D025,1,2025-04-19T11:15:00+07:00,2025-04-20T04:02:52+07:00,False,True
T00042_D026,T00042,D026,2,2025-04-19T11:15:00+07:00,2025-04-20T04:02:52+07:00,False,True
T00043_D035,T00043,D035,1,2025-04-19T17:30:00+07:00,2025-04-20T22:07:42+07:00,False,True
T00043_D036,T00043,D036,2,2025-04-19T17:30:00+07:00,2025-04-20T22:07:42+07:00,False,True
T00044_D017,T00044,D017,1,2025-04-20T08:15:00+07:00,2025-04-21T22:20:24+07:00,False,True
T00044_D018,T00044,D018,2,2025-04-20T08:15:00+07:00,2025-04-21T22:20:24+07:00,False,True
T00045_D021,T00045,D021,1,2025-04-20T10:45:00+07:00,2025-04-21T22:58:18+07:00,False,True
T00045_D022,T00045,D022,2,2025-04-20T10:45:00+07:00,2025-04-21T22:58:18+07:00,False,True
T00046_D003,T00046,D003,1,2025-04-20T16:45:00+07:00,2025-04-21T09:10:13+07:00,False,True
T00046_D004,T00046,D004,2,2025-04-20T16:45:00+07:00,2025-04-21T09:10:13+07:00,False,True
T00047_D033,T00047,D033,1,2025-04-20T17:30:00+07:00,2025-04-21T09:32:29+07:00,False,True
T00047_D034,T00047,D034,2,2025-04-20T17:30:00+07:00,2025-04-21T09:32:29+07:00,False,True
T00048_D043,T00048,D043,1,2025-04-20T18:15:00+07:00,2025-04-22T16:14:34+07:00,False,True
T00048_D044,T00048,D044,2,2025-04-20T18:15:00+07:00,2025-04-22T16:14:34+07:00,False,True
T00049_D037,T00049,D037,1,2025-04-21T09:15:00+07:00,2025-04-23T06:57:43+07:00,False,True
T00049_D038,T00049,D038,2,2025-04-21T09:15:00+07:00,2025-04-23T06:57:43+07:00,False,True
T00050_D047,T00050,D047,1,2025-04-21T09:30:00+07:00,2025-04-22T05:17:09+07:00,False,True
T00050_D048,T00050,D048,2,2025-04-21T09:30:00+07:00,2025-04-22T05:17:09+07:00,False,True
T00051_D023,T00051,D023,1,2025-04-22T09:45:00+07:00,2025-04-23T13:46:29+07:00,False,True
T00051_D024,T00051,D024,2,2025-04-22T09:45:00+07:00,2025-04-23T13:46:29+07:00,False,True
T00052_D009,T00052,D009,1,2025-04-22T11:15:00+07:00,2025-04-24T08:23:42+07:00,False,True
T00052_D010,T00052,D010,2,2025-04-22T11:15:00+07:00,2025-04-24T08:23:42+07:00,False,True
T00053_D033,T00053,D033,1,2025-04-22T16:30:00+07:00,2025-04-24T14:32:09+07:00,False,True
T00053_D034,T00053,D034,2,2025-04-22T16:30:00+07:00,2025-04-24T14:32:09+07:00,False,True
T00054_D043,T00054,D043,1,2025-04-23T10:00:00+07:00,2025-04-24T10:19:01+07:00,False,True
T00054_D044,T00054,D044,2,2025-04-23T10:00:00+07:00,2025-04-24T10:19:01+07:00,False,True
T00055_D047,T00055,D047,1,2025-04-23T11:15:00+07:00,2025-04-24T23:42:43+07:00,False,True
T00055_D048,T00055,D048,2,2025-04-23T11:15:00+07:00,2025-04-24T23:42:43+07:00,False,True
T00056_D039,T00056,D039,1,2025-04-23T16:30:00+07:00,2025-04-24T13:34:04+07:00,False,True
T00056_D040,T00056,D040,2,2025-04-23T16:30:00+07:00,2025-04-24T13:34:04+07:00,False,True
T00057_D027,T00057,D027,1,2025-04-23T18:45:00+07:00,2025-04-24T11:50:17+07:00,False,True
T00057_D028,T00057,D028,2,2025-04-23T18:45:00+07:00,2025-04-24T11:50:17+07:00,False,True
T00058_D025,T00058,D025,1,2025-04-25T11:15:00+07:00,2025-04-26T07:22:07+07:00,False,True
T00058_D026,T00058,D026,2,2025-04-25T11:15:00+07:00,2025-04-26T07:22:07+07:00,False,True
T00059_D037,T00059,D037,1,2025-04-26T11:15:00+07:00,2025-04-27T07:37:21+07:00,False,True
T00059_D038,T00059,D038,2,2025-04-26T11:15:00+07:00,2025-04-27T07:37:21+07:00,False,True
T00060_D019,T00060,D019,1,2025-04-26T12:00:00+07:00,2025-04-28T10:02:28+07:00,False,True
T00060_D020,T00060,D020,2,2025-04-26T12:00:00+07:00,2025-04-28T10:02:28+07:00,False,True
T00061_D027,T00061,D027,1,2025-04-26T14:00:00+07:00,2025-04-28T09:45:32+07:00,False,True
T00061_D028,T00061,D028,2,2025-04-26T14:00:00+07:00,2025-04-28T09:45:32+07:00,False,True
T00062_D021,T00062,D021,1,2025-04-26T15:30:00+07:00,2025-04-28T13:40:29+07:00,False,True
T00062_D022,T00062,D022,2,2025-04-26T15:30:00+07:00,2025-04-28T13:40:29+07:00,False,True
T00063_D047,T00063,D047,1,2025-04-27T16:15:00+07:00,2025-04-29T03:04:17+07:00,False,True
T00063_D048,T00063,D048,2,2025-04-27T16:15:00+07:00,2025-04-29T03:04:17+07:00,False,True
T00064_D009,T00064,D009,1,2025-04-28T10:00:00+07:00,2025-04-29T05:55:40+07:00,False,True
T00064_D010,T00064,D010,2,2025-04-28T10:00:00+07:00,2025-04-29T05:55:40+07:00,False,True
T00065_D043,T00065,D043,1,2025-04-28T11:30:00+07:00,2025-04-30T04:38:33+07:00,False,True
T00065_D044,T00065,D044,2,2025-04-28T11:30:00+07:00,2025-04-30T04:38:33+07:00,False,True
T00066_D031,T00066,D031,1,2025-04-28T17:00:00+07:00,2025-04-30T03:17:23+07:00,False,True
T00066_D032,T00066,D032,2,2025-04-28T17:00:00+07:00,2025-04-30T03:17:23+07:00,False,True
T00067_D023,T00067,D023,1,2025-04-28T17:15:00+07:00,2025-04-29T17:32:54+07:00,False,True
T00067_D024,T00067,D024,2,2025-04-28T17:15:00+07:00,2025-04-29T17:32:54+07:00,False,True
T00068_D013,T00068,D013,1,2025-04-29T17:30:00+07:00,2025-05-01T14:40:05+07:00,False,True
T00068_D014,T00068,D014,2,2025-04-29T17:30:00+07:00,2025-05-01T14:40:05+07:00,False,True
T00069_D019,T00069,D019,1,2025-04-30T12:45:00+07:00,2025-05-01T01:06:49+07:00,False,True
T00069_D020,T00069,D020,2,2025-04-30T12:45:00+07:00,2025-05-01T01:06:49+07:00,False,True
T00070_D041,T00070,D041,1,2025-04-30T17:30:00+07:00,2025-05-02T14:04:08+07:00,False,True
T00070_D042,T00070,D042,2,2025-04-30T17:30:00+07:00,2025-05-02T14:04:08+07:00,False,True
T00071_D009,T00071,D009,1,2025-05-01T08:30:00+07:00,2025-05-03T06:06:47+07:00,False,True
T00071_D010,T00071,D010,2,2025-05-01T08:30:00+07:00,2025-05-03T06:06:47+07:00,False,True
T00072_D001,T00072,D001,1,2025-05-01T10:00:00+07:00,2025-05-02T06:45:42+07:00,False,True
T00072_D002,T00072,D002,2,2025-05-01T10:00:00+07:00,2025-05-02T06:45:42+07:00,False,True
T00073_D007,T00073,D007,1,2025-05-02T11:45:00+07:00,2025-05-03T06:43:56+07:00,False,True
T00073_D008,T00073,D008,2,2025-05-02T11:45:00+07:00,2025-05-03T06:43:56+07:00,False,True
T00074_D029,T00074,D029,1,2025-05-02T18:45:00+07:00,2025-05-04T04:48:00+07:00,False,True
T00074_D030,T00074,D030,2,2025-05-02T18:45:00+07:00,2025-05-04T04:48:00+07:00,False,True
T00075_D033,T00075,D033,1,2025-05-03T11:00:00+07:00,2025-05-04T07:45:23+07:00,False,True
T00075_D034,T00075,D034,2,2025-05-03T11:00:00+07:00,2025-05-04T07:45:23+07:00,False,True
T00076_D021,T00076,D021,1,2025-05-03T13:00:00+07:00,2025-05-04T06:58:50+07:00,False,True
T00076_D022,T00076,D022,2,2025-05-03T13:00:00+07:00,2025-05-04T06:58:50+07:00,False,True
T00077_D045,T00077,D045,1,2025-05-03T16:30:00+07:00,2025-05-05T12:50:52+07:00,False,True
T00077_D046,T00077,D046,2,2025-05-03T16:30:00+07:00,2025-05-05T12:50:52+07:00,False,True
T00078_D041,T00078,D041,1,2025-05-03T16:45:00+07:00,2025-05-04T13:09:52+07:00,False,True
T00078_D042,T00078,D042,2,2025-05-03T16:45:00+07:00,2025-05-04T13:09:52+07:00,False,True
T00079_D001,T00079,D001,1,2025-05-03T17:30:00+07:00,2025-05-04T11:29:26+07:00,False,True
T00079_D002,T00079,D002,2,2025-05-03T17:30:00+07:00,2025-05-04T11:29:26+07:00,False,True
T00080_D047,T00080,D047,1,2025-05-04T18:30:00+07:00,2025-05-06T05:28:07+07:00,False,True
T00080_D048,T00080,D048,2,2025-05-04T18:30:00+07:00,2025-05-06T05:28:07+07:00,False,True
T00081_D031,T00081,D031,1,2025-05-05T08:45:00+07:00,2025-05-07T08:23:14+07:00,False,True
T00081_D032,T00081,D032,2,2025-05-05T08:45:00+07:00,2025-05-07T08:23:14+07:00,False,True
T00082_D017,T00082,D017,1,2025-05-06T08:45:00+07:00,2025-05-08T12:08:32+07:00,False,True
T00082_D018,T00082,D018,2,2025-05-06T08:45:00+07:00,2025-05-08T12:08:32+07:00,False,True
T00083_D025,T00083,D025,1,2025-05-07T08:00:00+07:00,2025-05-08T04:46:02+07:00,False,True
T00083_D026,T00083,D026,2,2025-05-07T08:00:00+07:00,2025-05-08T04:46:02+07:00,False,True
T00084_D045,T00084,D045,1,2025-05-07T10:30:00+07:00,2025-05-09T08:30:53+07:00,False,True
T00084_D046,T00084,D046,2,2025-05-07T10:30:00+07:00,2025-05-09T08:30:53+07:00,False,True
T00085_D013,T00085,D013,1,2025-05-07T12:00:00+07:00,2025-05-09T09:32:50+07:00,False,True
T00085_D014,T00085,D014,2,2025-05-07T12:00:00+07:00,2025-05-09T09:32:50+07:00,False,True
T00086_D015,T00086,D015,1,2025-05-07T16:00:00+07:00,2025-05-09T19:15:21+07:00,False,True
T00086_D016,T00086,D016,2,2025-05-07T16:00:00+07:00,2025-05-09T19:15:21+07:00,False,True
T00087_D039,T00087,D039,1,2025-05-07T18:30:00+07:00,2025-05-09T06:04:04+07:00,False,True
T00087_D040,T00087,D040,2,2025-05-07T18:30:00+07:00,2025-05-09T06:04:04+07:00,False,True
T00088_D029,T00088,D029,1,2025-05-08T11:00:00+07:00,2025-05-10T06:37:40+07:00,False,True
T00088_D030,T00088,D030,2,2025-05-08T11:00:00+07:00,2025-05-10T06:37:40+07:00,False,True
T00089_D035,T00089,D035,1,2025-05-08T12:30:00+07:00,2025-05-10T09:33:50+07:00,False,True
T00089_D036,T00089,D036,2,2025-05-08T12:30:00+07:00,2025-05-10T09:33:50+07:00,False,True
T00090_D003,T00090,D003,1,2025-05-08T14:15:00+07:00,2025-05-10T03:24:28+07:00,False,True
T00090_D004,T00090,D004,2,2025-05-08T14:15:00+07:00,2025-05-10T03:24:28+07:00,False,True
T00091_D009,T00091,D009,1,2025-05-09T11:00:00+07:00,2025-05-10T06:57:32+07:00,False,True
T00091_D010,T00091,D010,2,2025-05-09T11:00:00+07:00,2025-05-10T06:57:32+07:00,False,True
T00092_D025,T00092,D025,1,2025-05-09T15:45:00+07:00,2025-05-11T01:55:03+07:00,False,True
T00092_D026,T00092,D026,2,2025-05-09T15:45:00+07:00,2025-05-11T01:55:03+07:00,False,True
T00093_D047,T00093,D047,1,2025-05-10T08:15:00+07:00,2025-05-12T23:28:57+07:00,False,True
T00093_D048,T00093,D048,2,2025-05-10T08:15:00+07:00,2025-05-12T23:28:57+07:00,False,True
T00094_D043,T00094,D043,1,2025-05-10T09:00:00+07:00,2025-05-11T03:03:54+07:00,False,True
T00094_D044,T00094,D044,2,2025-05-10T09:00:00+07:00,2025-05-11T03:03:54+07:00,False,True
T00095_D011,T00095,D011,1,2025-05-10T13:15:00+07:00,2025-05-12T10:00:57+07:00,False,True
T00095_D012,T00095,D012,2,2025-05-10T13:15:00+07:00,2025-05-12T10:00:57+07:00,False,True
T00096_D031,T00096,D031,1,2025-05-10T14:00:00+07:00,2025-05-11T18:52:40+07:00,False,True
T00096_D032,T00096,D032,2,2025-05-10T14:00:00+07:00,2025-05-11T18:52:40+07:00,False,True
T00097_D017,T00097,D017,1,2025-05-12T12:00:00+07:00,2025-05-13T22:57:16+07:00,False,True
T00097_D018,T00097,D018,2,2025-05-12T12:00:00+07:00,2025-05-13T22:57:16+07:00,False,True
T00098_D039,T00098,D039,1,2025-05-12T15:00:00+07:00,2025-05-14T01:55:17+07:00,False,True
T00098_D040,T00098,D040,2,2025-05-12T15:00:00+07:00,2025-05-14T01:55:17+07:00,False,True
T00099_D007,T00099,D007,1,2025-05-12T16:30:00+07:00,2025-05-14T06:05:21+07:00,False,True
T00099_D008,T00099,D008,2,2025-05-12T16:30:00+07:00,2025-05-14T06:05:21+07:00,False,True
T00100_D001,T00100,D001,1,2025-05-13T16:00:00+07:00,2025-05-15T14:26:04+07:00,False,True
T00100_D002,T00100,D002,2,2025-05-13T16:00:00+07:00,2025-05-15T14:26:04+07:00,False,True
T00101_D033,T00101,D033,1,2025-05-13T17:30:00+07:00,2025-05-14T06:15:46+07:00,False,True
T00101_D034,T00101,D034,2,2025-05-13T17:30:00+07:00,2025-05-14T06:15:46+07:00,False,True
T00102_D037,T00102,D037,1,2025-05-14T12:30:00+07:00,2025-05-16T10:27:33+07:00,False,True
T00102_D038,T00102,D038,2,2025-05-14T12:30:00+07:00,2025-05-16T10:27:33+07:00,False,True
T00103_D043,T00103,D043,1,2025-05-14T14:30:00+07:00,2025-05-15T09:22:00+07:00,False,True
T00103_D044,T00103,D044,2,2025-05-14T14:30:00+07:00,2025-05-15T09:22:00+07:00,False,True
T00104_D019,T00104,D019,1,2025-05-14T14:45:00+07:00,2025-05-15T14:26:15+07:00,False,True
T00104_D020,T00104,D020,2,2025-05-14T14:45:00+07:00,2025-05-15T14:26:15+07:00,False,True
T00105_D011,T00105,D011,1,2025-05-15T08:00:00+07:00,2025-05-18T11:13:26+07:00,False,True
T00105_D012,T00105,D012,2,2025-05-15T08:00:00+07:00,2025-05-18T11:13:26+07:00,False,True
T00106_D041,T00106,D041,1,2025-05-15T08:30:00+07:00,2025-05-16T14:27:24+07:00,False,True
T00106_D042,T00106,D042,2,2025-05-15T08:30:00+07:00,2025-05-16T14:27:24+07:00,False,True
T00107_D035,T00107,D035,1,2025-05-15T12:00:00+07:00,2025-05-16T21:06:35+07:00,False,True
T00107_D036,T00107,D036,2,2025-05-15T12:00:00+07:00,2025-05-16T21:06:35+07:00,False,True
T00108_D009,T00108,D009,1,2025-05-16T10:30:00+07:00,2025-05-18T09:26:53+07:00,False,True
T00108_D010,T00108,D010,2,2025-05-16T10:30:00+07:00,2025-05-18T09:26:53+07:00,False,True
T00109_D027,T00109,D027,1,2025-05-17T11:45:00+07:00,2025-05-18T03:25:58+07:00,False,True
T00109_D028,T00109,D028,2,2025-05-17T11:45:00+07:00,2025-05-18T03:25:58+07:00,False,True
T00110_D003,T00110,D003,1,2025-05-17T13:30:00+07:00,2025-05-18T18:01:19+07:00,False,True
T00110_D004,T00110,D004,2,2025-05-17T13:30:00+07:00,2025-05-18T18:01:19+07:00,False,True
T00111_D025,T00111,D025,1,2025-05-17T16:15:00+07:00,2025-05-18T19:48:50+07:00,False,True
T00111_D026,T00111,D026,2,2025-05-17T16:15:00+07:00,2025-05-18T19:48:50+07:00,False,True
T00112_D047,T00112,D047,1,2025-05-18T11:00:00+07:00,2025-05-20T07:54:48+07:00,False,True
T00112_D048,T00112,D048,2,2025-05-18T11:00:00+07:00,2025-05-20T07:54:48+07:00,False,True
T00113_D033,T00113,D033,1,2025-05-18T15:30:00+07:00,2025-05-20T13:25:42+07:00,False,True
T00113_D034,T00113,D034,2,2025-05-18T15:30:00+07:00,2025-05-20T13:25:42+07:00,False,True
T00114_D005,T00114,D005,1,2025-05-18T18:15:00+07:00,2025-05-19T15:33:34+07:00,False,True
T00114_D006,T00114,D006,2,2025-05-18T18:15:00+07:00,2025-05-19T15:33:34+07:00,False,True
T00115_D031,T00115,D031,1,2025-05-18T18:30:00+07:00,2025-05-19T23:50:13+07:00,False,True
T00115_D032,T00115,D032,2,2025-05-18T18:30:00+07:00,2025-05-19T23:50:13+07:00,False,True
T00116_D035,T00116,D035,1,2025-05-19T11:45:00+07:00,2025-05-20T05:21:07+07:00,False,True
T00116_D036,T00116,D036,2,2025-05-19T11:45:00+07:00,2025-05-20T05:21:07+07:00,False,True
T00117_D015,T00117,D015,1,2025-05-19T16:15:00+07:00,2025-05-20T16:16:10+07:00,False,True
T00117_D016,T00117,D016,2,2025-05-19T16:15:00+07:00,2025-05-20T16:16:10+07:00,False,True
T00118_D013,T00118,D013,1,2025-05-20T15:15:00+07:00,2025-05-22T03:00:56+07:00,False,True
T00118_D014,T00118,D014,2,2025-05-20T15:15:00+07:00,2025-05-22T03:00:56+07:00,False,True
T00119_D009,T00119,D009,1,2025-05-20T18:15:00+07:00,2025-05-21T14:14:52+07:00,False,True
T00119_D010,T00119,D010,2,2025-05-20T18:15:00+07:00,2025-05-21T14:14:52+07:00,False,True
T00120_D007,T00120,D007,1,2025-05-21T09:15:00+07:00,2025-05-23T07:36:32+07:00,False,True
T00120_D008,T00120,D008,2,2025-05-21T09:15:00+07:00,2025-05-23T07:36:32+07:00,False,True
T00121_D021,T00121,D021,1,2025-05-21T09:45:00+07:00,2025-05-22T22:18:45+07:00,False,True
T00121_D022,T00121,D022,2,2025-05-21T09:45:00+07:00,2025-05-22T22:18:45+07:00,False,True
T00122_D041,T00122,D041,1,2025-05-21T16:00:00+07:00,2025-05-22T10:05:26+07:00,False,True
T00122_D042,T00122,D042,2,2025-05-21T16:00:00+07:00,2025-05-22T10:05:26+07:00,False,True
T00123_D047,T00123,D047,1,2025-05-22T08:15:00+07:00,2025-05-24T06:30:28+07:00,False,True
T00123_D048,T00123,D048,2,2025-05-22T08:15:00+07:00,2025-05-24T06:30:28+07:00,False,True
T00124_D019,T00124,D019,1,2025-05-22T08:45:00+07:00,2025-05-24T02:42:47+07:00,False,True
T00124_D020,T00124,D020,2,2025-05-22T08:45:00+07:00,2025-05-24T02:42:47+07:00,False,True
T00125_D045,T00125,D045,1,2025-05-22T11:45:00+07:00,2025-05-23T21:35:55+07:00,False,True
T00125_D046,T00125,D046,2,2025-05-22T11:45:00+07:00,2025-05-23T21:35:55+07:00,False,True
T00126_D001,T00126,D001,1,2025-05-22T15:15:00+07:00,2025-05-24T03:49:25+07:00,False,True
T00126_D002,T00126,D002,2,2025-05-22T15:15:00+07:00,2025-05-24T03:49:25+07:00,False,True
T00127_D003,T00127,D003,1,2025-05-22T15:45:00+07:00,2025-05-24T03:53:34+07:00,False,True
T00127_D004,T00127,D004,2,2025-05-22T15:45:00+07:00,2025-05-24T03:53:34+07:00,False,True
T00128_D009,T00128,D009,1,2025-05-22T16:00:00+07:00,2025-05-23T21:14:47+07:00,False,True
T00128_D010,T00128,D010,2,2025-05-22T16:00:00+07:00,2025-05-23T21:14:47+07:00,False,True
T00129_D037,T00129,D037,1,2025-05-22T18:45:00+07:00,2025-05-23T15:22:53+07:00,False,True
T00129_D038,T00129,D038,2,2025-05-22T18:45:00+07:00,2025-05-23T15:22:53+07:00,False,True
T00130_D015,T00130,D015,1,2025-05-23T09:45:00+07:00,2025-05-25T07:41:50+07:00,False,True
T00130_D016,T00130,D016,2,2025-05-23T09:45:00+07:00,2025-05-25T07:41:50+07:00,False,True
T00131_D021,T00131,D021,1,2025-05-23T15:30:00+07:00,2025-05-25T09:55:43+07:00,False,True
T00131_D022,T00131,D022,2,2025-05-23T15:30:00+07:00,2025-05-25T09:55:43+07:00,False,True
T00132_D007,T00132,D007,1,2025-05-24T10:45:00+07:00,2025-05-26T07:41:08+07:00,False,True
T00132_D008,T00132,D008,2,2025-05-24T10:45:00+07:00,2025-05-26T07:41:08+07:00,False,True
T00133_D023,T00133,D023,1,2025-05-24T13:45:00+07:00,2025-05-25T19:11:03+07:00,False,True
T00133_D024,T00133,D024,2,2025-05-24T13:45:00+07:00,2025-05-25T19:11:03+07:00,False,True
T00134_D033,T00134,D033,1,2025-05-24T15:15:00+07:00,2025-05-26T13:46:25+07:00,False,True
T00134_D034,T00134,D034,2,2025-05-24T15:15:00+07:00,2025-05-26T13:46:25+07:00,False,True
T00135_D039,T00135,D039,1,2025-05-24T18:30:00+07:00,2025-05-26T15:46:16+07:00,False,True
T00135_D040,T00135,D040,2,2025-05-24T18:30:00+07:00,2025-05-26T15:46:16+07:00,False,True
T00136_D029,T00136,D029,1,2025-05-25T11:45:00+07:00,2025-05-26T23:46:23+07:00,False,True
T00136_D030,T00136,D030,2,2025-05-25T11:45:00+07:00,2025-05-26T23:46:23+07:00,False,True
T00137_D019,T00137,D019,1,2025-05-26T10:15:00+07:00,2025-05-27T05:55:48+07:00,False,True
T00137_D020,T00137,D020,2,2025-05-26T10:15:00+07:00,2025-05-27T05:55:48+07:00,False,True
T00138_D045,T00138,D045,1,2025-05-26T14:15:00+07:00,2025-05-28T11:52:50+07:00,False,True
T00138_D046,T00138,D046,2,2025-05-26T14:15:00+07:00,2025-05-28T11:52:50+07:00,False,True
T00139_D017,T00139,D017,1,2025-05-26T14:45:00+07:00,2025-05-27T08:46:47+07:00,False,True
T00139_D018,T00139,D018,2,2025-05-26T14:45:00+07:00,2025-05-27T08:46:47+07:00,False,True
T00140_D003,T00140,D003,1,2025-05-27T12:45:00+07:00,2025-05-28T02:30:17+07:00,False,True
T00140_D004,T00140,D004,2,2025-05-27T12:45:00+07:00,2025-05-28T02:30:17+07:00,False,True
T00141_D037,T00141,D037,1,2025-05-27T15:15:00+07:00,2025-05-28T15:25:59+07:00,False,True
T00141_D038,T00141,D038,2,2025-05-27T15:15:00+07:00,2025-05-28T15:25:59+07:00,False,True
T00142_D011,T00142,D011,1,2025-05-27T16:30:00+07:00,2025-05-28T16:05:31+07:00,False,True
T00142_D012,T00142,D012,2,2025-05-27T16:30:00+07:00,2025-05-28T16:05:31+07:00,False,True
T00143_D027,T00143,D027,1,2025-05-28T10:15:00+07:00,2025-05-29T10:07:16+07:00,False,True
T00143_D028,T00143,D028,2,2025-05-28T10:15:00+07:00,2025-05-29T10:07:16+07:00,False,True
T00144_D033,T00144,D033,1,2025-05-28T10:30:00+07:00,2025-05-29T21:58:48+07:00,False,True
T00144_D034,T00144,D034,2,2025-05-28T10:30:00+07:00,2025-05-29T21:58:48+07:00,False,True
T00145_D043,T00145,D043,1,2025-05-28T11:00:00+07:00,2025-05-29T10:16:25+07:00,False,True
T00145_D044,T00145,D044,2,2025-05-28T11:00:00+07:00,2025-05-29T10:16:25+07:00,False,True
T00146_D001,T00146,D001,1,2025-05-28T11:30:00+07:00,2025-05-30T08:22:18+07:00,False,True
T00146_D002,T00146,D002,2,2025-05-28T11:30:00+07:00,2025-05-30T08:22:18+07:00,False,True
T00147_D015,T00147,D015,1,2025-05-28T12:15:00+07:00,2025-05-29T08:24:37+07:00,False,True
T00147_D016,T00147,D016,2,2025-05-28T12:15:00+07:00,2025-05-29T08:24:37+07:00,False,True
T00148_D019,T00148,D019,1,2025-05-28T12:30:00+07:00,2025-05-29T08:39:16+07:00,False,True
T00148_D020,T00148,D020,2,2025-05-28T12:30:00+07:00,2025-05-29T08:39:16+07:00,False,True
T00149_D017,T00149,D017,1,2025-05-28T13:45:00+07:00,2025-05-29T02:54:56+07:00,False,True
T00149_D018,T00149,D018,2,2025-05-28T13:45:00+07:00,2025-05-29T02:54:56+07:00,False,True
T00150_D041,T00150,D041,1,2025-05-29T09:30:00+07:00,2025-05-31T05:28:08+07:00,False,True
T00150_D042,T00150,D042,2,2025-05-29T09:30:00+07:00,2025-05-31T05:28:08+07:00,False,True
T00151_D013,T00151,D013,1,2025-05-29T12:15:00+07:00,2025-05-31T00:12:13+07:00,False,True
T00151_D014,T00151,D014,2,2025-05-29T12:15:00+07:00,2025-05-31T00:12:13+07:00,False,True
T00152_D017,T00152,D017,1,2025-05-29T16:45:00+07:00,2025-05-30T20:52:31+07:00,False,True
T00152_D018,T00152,D018,2,2025-05-29T16:45:00+07:00,2025-05-30T20:52:31+07:00,False,True
T00153_D037,T00153,D037,1,2025-05-30T09:00:00+07:00,2025-05-31T19:00:19+07:00,False,True
T00153_D038,T00153,D038,2,2025-05-30T09:00:00+07:00,2025-05-31T19:00:19+07:00,False,True
T00154_D023,T00154,D023,1,2025-05-30T12:15:00+07:00,2025-05-31T22:01:16+07:00,False,True
T00154_D024,T00154,D024,2,2025-05-30T12:15:00+07:00,2025-05-31T22:01:16+07:00,False,True
T00155_D019,T00155,D019,1,2025-05-30T13:30:00+07:00,2025-05-31T03:32:29+07:00,False,True
T00155_D020,T00155,D020,2,2025-05-30T13:30:00+07:00,2025-05-31T03:32:29+07:00,False,True
T00156_D005,T00156,D005,1,2025-06-01T09:00:00+07:00,2025-06-03T07:26:18+07:00,False,True
T00156_D006,T00156,D006,2,2025-06-01T09:00:00+07:00,2025-06-03T07:26:18+07:00,False,True
T00157_D041,T00157,D041,1,2025-06-01T09:30:00+07:00,2025-06-03T07:11:45+07:00,False,True
T00157_D042,T00157,D042,2,2025-06-01T09:30:00+07:00,2025-06-03T07:11:45+07:00,False,True
T00158_D009,T00158,D009,1,2025-06-01T11:30:00+07:00,2025-06-02T11:14:11+07:00,False,True
T00158_D010,T00158,D010,2,2025-06-01T11:30:00+07:00,2025-06-02T11:14:11+07:00,False,True
T00159_D031,T00159,D031,1,2025-06-01T17:30:00+07:00,2025-06-02T10:38:50+07:00,False,True
T00159_D032,T00159,D032,2,2025-06-01T17:30:00+07:00,2025-06-02T10:38:50+07:00,False,True
T00160_D047,T00160,D047,1,2025-06-01T17:30:00+07:00,2025-06-03T14:25:50+07:00,False,True
T00160_D048,T00160,D048,2,2025-06-01T17:30:00+07:00,2025-06-03T14:25:50+07:00,False,True
T00161_D007,T00161,D007,1,2025-06-02T08:00:00+07:00,2025-06-03T08:35:49+07:00,False,True
T00161_D008,T00161,D008,2,2025-06-02T08:00:00+07:00,2025-06-03T08:35:49+07:00,False,True
T00162_D029,T00162,D029,1,2025-06-02T10:30:00+07:00,2025-06-04T06:11:47+07:00,False,True
T00162_D030,T00162,D030,2,2025-06-02T10:30:00+07:00,2025-06-04T06:11:47+07:00,False,True
T00163_D019,T00163,D019,1,2025-06-02T11:00:00+07:00,2025-06-04T09:11:06+07:00,False,True
T00163_D020,T00163,D020,2,2025-06-02T11:00:00+07:00,2025-06-04T09:11:06+07:00,False,True
T00164_D037,T00164,D037,1,2025-06-02T13:00:00+07:00,2025-06-03T02:47:06+07:00,False,True
T00164_D038,T00164,D038,2,2025-06-02T13:00:00+07:00,2025-06-03T02:47:06+07:00,False,True
T00165_D033,T00165,D033,1,2025-06-02T14:45:00+07:00,2025-06-04T11:36:23+07:00,False,True
T00165_D034,T00165,D034,2,2025-06-02T14:45:00+07:00,2025-06-04T11:36:23+07:00,False,True
T00166_D021,T00166,D021,1,2025-06-02T14:45:00+07:00,2025-06-04T01:55:23+07:00,False,True
T00166_D022,T00166,D022,2,2025-06-02T14:45:00+07:00,2025-06-04T01:55:23+07:00,False,True
T00167_D027,T00167,D027,1,2025-06-02T17:15:00+07:00,2025-06-04T10:42:34+07:00,False,True
T00167_D028,T00167,D028,2,2025-06-02T17:15:00+07:00,2025-06-04T10:42:34+07:00,False,True
T00168_D003,T00168,D003,1,2025-06-03T14:00:00+07:00,2025-06-05T08:39:38+07:00,False,True
T00168_D004,T00168,D004,2,2025-06-03T14:00:00+07:00,2025-06-05T08:39:38+07:00,False,True
T00169_D015,T00169,D015,1,2025-06-04T08:30:00+07:00,2025-06-06T06:16:19+07:00,False,True
T00169_D016,T00169,D016,2,2025-06-04T08:30:00+07:00,2025-06-06T06:16:19+07:00,False,True
T00170_D007,T00170,D007,1,2025-06-04T09:30:00+07:00,2025-06-04T22:54:16+07:00,False,True
T00170_D008,T00170,D008,2,2025-06-04T09:30:00+07:00,2025-06-04T22:54:16+07:00,False,True
T00171_D031,T00171,D031,1,2025-06-04T12:30:00+07:00,2025-06-05T16:53:59+07:00,False,True
T00171_D032,T00171,D032,2,2025-06-04T12:30:00+07:00,2025-06-05T16:53:59+07:00,False,True
T00172_D035,T00172,D035,1,2025-06-04T13:00:00+07:00,2025-06-06T10:05:31+07:00,False,True
T00172_D036,T00172,D036,2,2025-06-04T13:00:00+07:00,2025-06-06T10:05:31+07:00,False,True
T00173_D005,T00173,D005,1,2025-06-04T13:30:00+07:00,2025-06-06T11:40:48+07:00,False,True
T00173_D006,T00173,D006,2,2025-06-04T13:30:00+07:00,2025-06-06T11:40:48+07:00,False,True
T00174_D011,T00174,D011,1,2025-06-04T14:30:00+07:00,2025-06-06T13:19:26+07:00,False,True
T00174_D012,T00174,D012,2,2025-06-04T14:30:00+07:00,2025-06-06T13:19:26+07:00,False,True
T00175_D041,T00175,D041,1,2025-06-05T15:15:00+07:00,2025-06-07T01:20:40+07:00,False,True
T00175_D042,T00175,D042,2,2025-06-05T15:15:00+07:00,2025-06-07T01:20:40+07:00,False,True
T00176_D007,T00176,D007,1,2025-06-05T16:15:00+07:00,2025-06-07T13:51:36+07:00,False,True
T00176_D008,T00176,D008,2,2025-06-05T16:15:00+07:00,2025-06-07T13:51:36+07:00,False,True
T00177_D013,T00177,D013,1,2025-06-05T17:00:00+07:00,2025-06-07T14:21:29+07:00,False,True
T00177_D014,T00177,D014,2,2025-06-05T17:00:00+07:00,2025-06-07T14:21:29+07:00,False,True
T00178_D023,T00178,D023,1,2025-06-06T10:30:00+07:00,2025-06-08T07:31:21+07:00,False,True
T00178_D024,T00178,D024,2,2025-06-06T10:30:00+07:00,2025-06-08T07:31:21+07:00,False,True
T00179_D025,T00179,D025,1,2025-06-06T13:00:00+07:00,2025-06-08T09:26:27+07:00,False,True
T00179_D026,T00179,D026,2,2025-06-06T13:00:00+07:00,2025-06-08T09:26:27+07:00,False,True
T00180_D017,T00180,D017,1,2025-06-06T16:30:00+07:00,2025-06-08T03:04:09+07:00,False,True
T00180_D018,T00180,D018,2,2025-06-06T16:30:00+07:00,2025-06-08T03:04:09+07:00,False,True
T00181_D029,T00181,D029,1,2025-06-07T08:00:00+07:00,2025-06-08T18:16:41+07:00,False,True
T00181_D030,T00181,D030,2,2025-06-07T08:00:00+07:00,2025-06-08T18:16:41+07:00,False,True
T00182_D047,T00182,D047,1,2025-06-07T13:15:00+07:00,2025-06-08T12:01:51+07:00,False,True
T00182_D048,T00182,D048,2,2025-06-07T13:15:00+07:00,2025-06-08T12:01:51+07:00,False,True
T00183_D005,T00183,D005,1,2025-06-07T16:30:00+07:00,2025-06-08T12:02:58+07:00,False,True
T00183_D006,T00183,D006,2,2025-06-07T16:30:00+07:00,2025-06-08T12:02:58+07:00,False,True
T00184_D001,T00184,D001,1,2025-06-08T09:45:00+07:00,2025-06-09T21:43:54+07:00,False,True
T00184_D002,T00184,D002,2,2025-06-08T09:45:00+07:00,2025-06-09T21:43:54+07:00,False,True
T00185_D021,T00185,D021,1,2025-06-08T11:45:00+07:00,2025-06-10T08:50:27+07:00,False,True
T00185_D022,T00185,D022,2,2025-06-08T11:45:00+07:00,2025-06-10T08:50:27+07:00,False,True
T00186_D029,T00186,D029,1,2025-06-09T08:30:00+07:00,2025-06-11T04:02:00+07:00,False,True
T00186_D030,T00186,D030,2,2025-06-09T08:30:00+07:00,2025-06-11T04:02:00+07:00,False,True
T00187_D025,T00187,D025,1,2025-06-09T15:30:00+07:00,2025-06-11T02:31:33+07:00,False,True
T00187_D026,T00187,D026,2,2025-06-09T15:30:00+07:00,2025-06-11T02:31:33+07:00,False,True
T00188_D023,T00188,D023,1,2025-06-09T18:15:00+07:00,2025-06-11T17:30:58+07:00,False,True
T00188_D024,T00188,D024,2,2025-06-09T18:15:00+07:00,2025-06-11T17:30:58+07:00,False,True
T00189_D037,T00189,D037,1,2025-06-10T08:00:00+07:00,2025-06-11T21:51:43+07:00,False,True
T00189_D038,T00189,D038,2,2025-06-10T08:00:00+07:00,2025-06-11T21:51:43+07:00,False,True
T00190_D047,T00190,D047,1,2025-06-10T11:00:00+07:00,2025-06-12T09:29:48+07:00,False,True
T00190_D048,T00190,D048,2,2025-06-10T11:00:00+07:00,2025-06-12T09:29:48+07:00,False,True
T00191_D041,T00191,D041,1,2025-06-10T17:45:00+07:00,2025-06-12T17:21:23+07:00,False,True
T00191_D042,T00191,D042,2,2025-06-10T17:45:00+07:00,2025-06-12T17:21:23+07:00,False,True
T00192_D043,T00192,D043,1,2025-06-10T18:00:00+07:00,2025-06-12T14:51:37+07:00,False,True
T00192_D044,T00192,D044,2,2025-06-10T18:00:00+07:00,2025-06-12T14:51:37+07:00,False,True
T00193_D011,T00193,D011,1,2025-06-11T08:15:00+07:00,2025-06-12T07:28:26+07:00,False,True
T00193_D012,T00193,D012,2,2025-06-11T08:15:00+07:00,2025-06-12T07:28:26+07:00,False,True
T00194_D003,T00194,D003,1,2025-06-11T10:45:00+07:00,2025-06-13T08:41:15+07:00,False,True
T00194_D004,T00194,D004,2,2025-06-11T10:45:00+07:00,2025-06-13T08:41:15+07:00,False,True
T00195_D005,T00195,D005,1,2025-06-11T13:30:00+07:00,2025-06-13T02:20:27+07:00,False,True
T00195_D006,T00195,D006,2,2025-06-11T13:30:00+07:00,2025-06-13T02:20:27+07:00,False,True
T00196_D045,T00196,D045,1,2025-06-11T17:00:00+07:00,2025-06-13T02:42:33+07:00,False,True
T00196_D046,T00196,D046,2,2025-06-11T17:00:00+07:00,2025-06-13T02:42:33+07:00,False,True
T00197_D033,T00197,D033,1,2025-06-12T09:45:00+07:00,2025-06-12T22:01:49+07:00,False,True
T00197_D034,T00197,D034,2,2025-06-12T09:45:00+07:00,2025-06-12T22:01:49+07:00,False,True
T00198_D009,T00198,D009,1,2025-06-12T13:45:00+07:00,2025-06-13T08:20:07+07:00,False,True
T00198_D010,T00198,D010,2,2025-06-12T13:45:00+07:00,2025-06-13T08:20:07+07:00,False,True
T00199_D021,T00199,D021,1,2025-06-12T16:45:00+07:00,2025-06-14T04:32:07+07:00,False,True
T00199_D022,T00199,D022,2,2025-06-12T16:45:00+07:00,2025-06-14T04:32:07+07:00,False,True
T00200_D013,T00200,D013,1,2025-06-13T09:00:00+07:00,2025-06-16T00:53:00+07:00,False,True
T00200_D014,T00200,D014,2,2025-06-13T09:00:00+07:00,2025-06-16T00:53:00+07:00,False,True
T00201_D043,T00201,D043,1,2025-06-13T10:15:00+07:00,2025-06-15T07:00:37+07:00,False,True
T00201_D044,T00201,D044,2,2025-06-13T10:15:00+07:00,2025-06-15T07:00:37+07:00,False,True
T00202_D031,T00202,D031,1,2025-06-13T18:45:00+07:00,2025-06-14T15:07:57+07:00,False,True
T00202_D032,T00202,D032,2,2025-06-13T18:45:00+07:00,2025-06-14T15:07:57+07:00,False,True
T00203_D023,T00203,D023,1,2025-06-14T10:45:00+07:00,2025-06-15T07:20:43+07:00,False,True
T00203_D024,T00203,D024,2,2025-06-14T10:45:00+07:00,2025-06-15T07:20:43+07:00,False,True
T00204_D033,T00204,D033,1,2025-06-14T13:15:00+07:00,2025-06-15T06:03:01+07:00,False,True
T00204_D034,T00204,D034,2,2025-06-14T13:15:00+07:00,2025-06-15T06:03:01+07:00,False,True
T00205_D015,T00205,D015,1,2025-06-15T08:45:00+07:00,2025-06-16T04:21:35+07:00,False,True
T00205_D016,T00205,D016,2,2025-06-15T08:45:00+07:00,2025-06-16T04:21:35+07:00,False,True
T00206_D021,T00206,D021,1,2025-06-15T13:15:00+07:00,2025-06-16T07:46:19+07:00,False,True
T00206_D022,T00206,D022,2,2025-06-15T13:15:00+07:00,2025-06-16T07:46:19+07:00,False,True
T00207_D047,T00207,D047,1,2025-06-15T14:00:00+07:00,2025-06-16T18:34:57+07:00,False,True
T00207_D048,T00207,D048,2,2025-06-15T14:00:00+07:00,2025-06-16T18:34:57+07:00,False,True
T00208_D009,T00208,D009,1,2025-06-15T15:30:00+07:00,2025-06-16T11:57:11+07:00,False,True
T00208_D010,T00208,D010,2,2025-06-15T15:30:00+07:00,2025-06-16T11:57:11+07:00,False,True
T00209_D025,T00209,D025,1,2025-06-15T16:00:00+07:00,2025-06-16T09:05:01+07:00,False,True
T00209_D026,T00209,D026,2,2025-06-15T16:00:00+07:00,2025-06-16T09:05:01+07:00,False,True
T00210_D005,T00210,D005,1,2025-06-15T18:45:00+07:00,2025-06-17T15:06:00+07:00,False,True
T00210_D006,T00210,D006,2,2025-06-15T18:45:00+07:00,2025-06-17T15:06:00+07:00,False,True
T00211_D033,T00211,D033,1,2025-06-16T08:00:00+07:00,2025-06-16T20:32:55+07:00,False,True
T00211_D034,T00211,D034,2,2025-06-16T08:00:00+07:00,2025-06-16T20:32:55+07:00,False,True
T00212_D043,T00212,D043,1,2025-06-16T09:15:00+07:00,2025-06-17T01:41:07+07:00,False,True
T00212_D044,T00212,D044,2,2025-06-16T09:15:00+07:00,2025-06-17T01:41:07+07:00,False,True
T00213_D027,T00213,D027,1,2025-06-16T11:00:00+07:00,2025-06-18T08:33:20+07:00,False,True
T00213_D028,T00213,D028,2,2025-06-16T11:00:00+07:00,2025-06-18T08:33:20+07:00,False,True
T00214_D031,T00214,D031,1,2025-06-16T16:15:00+07:00,2025-06-17T13:00:00+07:00,False,True
T00214_D032,T00214,D032,2,2025-06-16T16:15:00+07:00,2025-06-17T13:00:00+07:00,False,True
T00215_D015,T00215,D015,1,2025-06-16T18:00:00+07:00,2025-06-17T10:50:52+07:00,False,True
T00215_D016,T00215,D016,2,2025-06-16T18:00:00+07:00,2025-06-17T10:50:52+07:00,False,True
T00216_D039,T00216,D039,1,2025-06-16T18:30:00+07:00,2025-06-19T23:43:02+07:00,False,True
T00216_D040,T00216,D040,2,2025-06-16T18:30:00+07:00,2025-06-19T23:43:02+07:00,False,True
T00217_D003,T00217,D003,1,2025-06-17T13:00:00+07:00,2025-06-19T09:13:39+07:00,False,True
T00217_D004,T00217,D004,2,2025-06-17T13:00:00+07:00,2025-06-19T09:13:39+07:00,False,True
T00218_D005,T00218,D005,1,2025-06-18T08:15:00+07:00,2025-06-20T07:11:55+07:00,False,True
T00218_D006,T00218,D006,2,2025-06-18T08:15:00+07:00,2025-06-20T07:11:55+07:00,False,True
T00219_D035,T00219,D035,1,2025-06-18T10:30:00+07:00,2025-06-19T03:42:54+07:00,False,True
T00219_D036,T00219,D036,2,2025-06-18T10:30:00+07:00,2025-06-19T03:42:54+07:00,False,True
T00220_D033,T00220,D033,1,2025-06-18T15:15:00+07:00,2025-06-19T05:22:34+07:00,False,True
T00220_D034,T00220,D034,2,2025-06-18T15:15:00+07:00,2025-06-19T05:22:34+07:00,False,True
T00221_D013,T00221,D013,1,2025-06-18T18:30:00+07:00,2025-06-20T15:49:06+07:00,False,True
T00221_D014,T00221,D014,2,2025-06-18T18:30:00+07:00,2025-06-20T15:49:06+07:00,False,True
T00222_D041,T00222,D041,1,2025-06-19T11:30:00+07:00,2025-06-20T04:28:28+07:00,False,True
T00222_D042,T00222,D042,2,2025-06-19T11:30:00+07:00,2025-06-20T04:28:28+07:00,False,True
T00223_D037,T00223,D037,1,2025-06-19T15:15:00+07:00,2025-06-21T14:13:45+07:00,False,True
T00223_D038,T00223,D038,2,2025-06-19T15:15:00+07:00,2025-06-21T14:13:45+07:00,False,True
T00224_D019,T00224,D019,1,2025-06-21T12:15:00+07:00,2025-06-22T08:41:44+07:00,False,True
T00224_D020,T00224,D020,2,2025-06-21T12:15:00+07:00,2025-06-22T08:41:44+07:00,False,True
T00225_D005,T00225,D005,1,2025-06-21T16:30:00+07:00,2025-06-23T04:40:47+07:00,False,True
T00225_D006,T00225,D006,2,2025-06-21T16:30:00+07:00,2025-06-23T04:40:47+07:00,False,True
T00226_D015,T00226,D015,1,2025-06-22T17:45:00+07:00,2025-06-24T16:39:08+07:00,False,True
T00226_D016,T00226,D016,2,2025-06-22T17:45:00+07:00,2025-06-24T16:39:08+07:00,False,True
T00227_D033,T00227,D033,1,2025-06-23T12:00:00+07:00,2025-06-24T08:45:56+07:00,False,True
T00227_D034,T00227,D034,2,2025-06-23T12:00:00+07:00,2025-06-24T08:45:56+07:00,False,True
T00228_D007,T00228,D007,1,2025-06-23T13:00:00+07:00,2025-06-25T11:00:29+07:00,False,True
T00228_D008,T00228,D008,2,2025-06-23T13:00:00+07:00,2025-06-25T11:00:29+07:00,False,True
T00229_D041,T00229,D041,1,2025-06-23T13:00:00+07:00,2025-06-25T08:58:43+07:00,False,True
T00229_D042,T00229,D042,2,2025-06-23T13:00:00+07:00,2025-06-25T08:58:43+07:00,False,True
T00230_D021,T00230,D021,1,2025-06-23T17:30:00+07:00,2025-06-24T09:23:27+07:00,False,True
T00230_D022,T00230,D022,2,2025-06-23T17:30:00+07:00,2025-06-24T09:23:27+07:00,False,True
T00231_D013,T00231,D013,1,2025-06-24T10:00:00+07:00,2025-06-25T22:51:14+07:00,False,True
T00231_D014,T00231,D014,2,2025-06-24T10:00:00+07:00,2025-06-25T22:51:14+07:00,False,True
T00232_D023,T00232,D023,1,2025-06-24T10:00:00+07:00,2025-06-25T20:46:40+07:00,False,True
T00232_D024,T00232,D024,2,2025-06-24T10:00:00+07:00,2025-06-25T20:46:40+07:00,False,True
T00233_D025,T00233,D025,1,2025-06-24T13:15:00+07:00,2025-06-26T12:10:11+07:00,False,True
T00233_D026,T00233,D026,2,2025-06-24T13:15:00+07:00,2025-06-26T12:10:11+07:00,False,True
T00234_D021,T00234,D021,1,2025-06-25T08:15:00+07:00,2025-06-26T20:11:26+07:00,False,True
T00234_D022,T00234,D022,2,2025-06-25T08:15:00+07:00,2025-06-26T20:11:26+07:00,False,True
T00235_D019,T00235,D019,1,2025-06-25T09:30:00+07:00,2025-06-26T20:27:03+07:00,False,True
T00235_D020,T00235,D020,2,2025-06-25T09:30:00+07:00,2025-06-26T20:27:03+07:00,False,True
T00236_D047,T00236,D047,1,2025-06-25T13:00:00+07:00,2025-06-26T11:50:44+07:00,False,True
T00236_D048,T00236,D048,2,2025-06-25T13:00:00+07:00,2025-06-26T11:50:44+07:00,False,True
T00237_D027,T00237,D027,1,2025-06-25T17:45:00+07:00,2025-06-27T05:36:12+07:00,False,True
T00237_D028,T00237,D028,2,2025-06-25T17:45:00+07:00,2025-06-27T05:36:12+07:00,False,True
T00238_D007,T00238,D007,1,2025-06-26T15:00:00+07:00,2025-06-27T10:53:35+07:00,False,True
T00238_D008,T00238,D008,2,2025-06-26T15:00:00+07:00,2025-06-27T10:53:35+07:00,False,True
T00239_D029,T00239,D029,1,2025-06-27T13:15:00+07:00,2025-06-28T07:43:04+07:00,False,True
T00239_D030,T00239,D030,2,2025-06-27T13:15:00+07:00,2025-06-28T07:43:04+07:00,False,True
T00240_D039,T00240,D039,1,2025-06-27T16:00:00+07:00,2025-06-29T12:20:57+07:00,False,True
T00240_D040,T00240,D040,2,2025-06-27T16:00:00+07:00,2025-06-29T12:20:57+07:00,False,True
T00241_D013,T00241,D013,1,2025-06-28T08:45:00+07:00,2025-06-30T02:39:48+07:00,False,True
T00241_D014,T00241,D014,2,2025-06-28T08:45:00+07:00,2025-06-30T02:39:48+07:00,False,True
T00242_D025,T00242,D025,1,2025-06-28T10:15:00+07:00,2025-06-30T06:09:05+07:00,False,True
T00242_D026,T00242,D026,2,2025-06-28T10:15:00+07:00,2025-06-30T06:09:05+07:00,False,True
T00243_D001,T00243,D001,1,2025-06-28T16:45:00+07:00,2025-06-30T14:22:56+07:00,False,True
T00243_D002,T00243,D002,2,2025-06-28T16:45:00+07:00,2025-06-30T14:22:56+07:00,False,True
T00244_D023,T00244,D023,1,2025-06-29T08:30:00+07:00,2025-07-01T05:21:54+07:00,False,True
T00244_D024,T00244,D024,2,2025-06-29T08:30:00+07:00,2025-07-01T05:21:54+07:00,False,True
T00245_D021,T00245,D021,1,2025-06-29T09:45:00+07:00,2025-07-01T05:17:38+07:00,False,True
T00245_D022,T00245,D022,2,2025-06-29T09:45:00+07:00,2025-07-01T05:17:38+07:00,False,True
T00246_D003,T00246,D003,1,2025-06-29T10:45:00+07:00,2025-06-30T04:26:38+07:00,False,True
T00246_D004,T00246,D004,2,2025-06-29T10:45:00+07:00,2025-06-30T04:26:38+07:00,False,True
T00247_D005,T00247,D005,1,2025-06-29T12:30:00+07:00,2025-06-30T09:04:04+07:00,False,True
T00247_D006,T00247,D006,2,2025-06-29T12:30:00+07:00,2025-06-30T09:04:04+07:00,False,True
T00248_D015,T00248,D015,1,2025-06-29T12:30:00+07:00,2025-07-01T12:05:45+07:00,False,True
T00248_D016,T00248,D016,2,2025-06-29T12:30:00+07:00,2025-07-01T12:05:45+07:00,False,True
T00249_D011,T00249,D011,1,2025-06-29T13:00:00+07:00,2025-07-01T10:29:55+07:00,False,True
T00249_D012,T00249,D012,2,2025-06-29T13:00:00+07:00,2025-07-01T10:29:55+07:00,False,True
T00250_D041,T00250,D041,1,2025-06-29T14:45:00+07:00,2025-07-01T02:59:27+07:00,False,True
T00250_D042,T00250,D042,2,2025-06-29T14:45:00+07:00,2025-07-01T02:59:27+07:00,False,True
T00251_D009,T00251,D009,1,2025-07-01T09:45:00+07:00,2025-07-02T21:51:12+07:00,False,True
T00251_D010,T00251,D010,2,2025-07-01T09:45:00+07:00,2025-07-02T21:51:12+07:00,False,True
T00252_D003,T00252,D003,1,2025-07-01T12:15:00+07:00,2025-07-03T01:49:12+07:00,False,True
T00252_D004,T00252,D004,2,2025-07-01T12:15:00+07:00,2025-07-03T01:49:12+07:00,False,True
T00253_D033,T00253,D033,1,2025-07-01T12:45:00+07:00,2025-07-03T01:12:16+07:00,False,True
T00253_D034,T00253,D034,2,2025-07-01T12:45:00+07:00,2025-07-03T01:12:16+07:00,False,True
T00254_D037,T00254,D037,1,2025-07-01T15:45:00+07:00,2025-07-03T13:47:33+07:00,False,True
T00254_D038,T00254,D038,2,2025-07-01T15:45:00+07:00,2025-07-03T13:47:33+07:00,False,True
T00255_D025,T00255,D025,1,2025-07-01T17:45:00+07:00,2025-07-02T12:03:48+07:00,False,True
T00255_D026,T00255,D026,2,2025-07-01T17:45:00+07:00,2025-07-02T12:03:48+07:00,False,True
T00256_D029,T00256,D029,1,2025-07-02T08:45:00+07:00,2025-07-04T06:58:31+07:00,False,True
T00256_D030,T00256,D030,2,2025-07-02T08:45:00+07:00,2025-07-04T06:58:31+07:00,False,True
T00257_D011,T00257,D011,1,2025-07-02T16:00:00+07:00,2025-07-03T10:15:11+07:00,False,True
T00257_D012,T00257,D012,2,2025-07-02T16:00:00+07:00,2025-07-03T10:15:11+07:00,False,True
T00258_D017,T00258,D017,1,2025-07-03T10:00:00+07:00,2025-07-04T10:05:45+07:00,False,True
T00258_D018,T00258,D018,2,2025-07-03T10:00:00+07:00,2025-07-04T10:05:45+07:00,False,True
T00259_D019,T00259,D019,1,2025-07-03T10:00:00+07:00,2025-07-03T23:28:30+07:00,False,True
T00259_D020,T00259,D020,2,2025-07-03T10:00:00+07:00,2025-07-03T23:28:30+07:00,False,True
T00260_D031,T00260,D031,1,2025-07-04T09:30:00+07:00,2025-07-06T08:28:22+07:00,False,True
T00260_D032,T00260,D032,2,2025-07-04T09:30:00+07:00,2025-07-06T08:28:22+07:00,False,True
T00261_D023,T00261,D023,1,2025-07-04T09:45:00+07:00,2025-07-05T20:40:33+07:00,False,True
T00261_D024,T00261,D024,2,2025-07-04T09:45:00+07:00,2025-07-05T20:40:33+07:00,False,True
T00262_D037,T00262,D037,1,2025-07-04T15:00:00+07:00,2025-07-05T04:08:56+07:00,False,True
T00262_D038,T00262,D038,2,2025-07-04T15:00:00+07:00,2025-07-05T04:08:56+07:00,False,True
T00263_D025,T00263,D025,1,2025-07-04T16:00:00+07:00,2025-07-06T13:49:09+07:00,False,True
T00263_D026,T00263,D026,2,2025-07-04T16:00:00+07:00,2025-07-06T13:49:09+07:00,False,True
T00264_D003,T00264,D003,1,2025-07-04T17:00:00+07:00,2025-07-05T22:37:31+07:00,False,True
T00264_D004,T00264,D004,2,2025-07-04T17:00:00+07:00,2025-07-05T22:37:31+07:00,False,True
T00265_D027,T00265,D027,1,2025-07-05T09:45:00+07:00,2025-07-05T23:34:21+07:00,False,True
T00265_D028,T00265,D028,2,2025-07-05T09:45:00+07:00,2025-07-05T23:34:21+07:00,False,True
T00266_D017,T00266,D017,1,2025-07-05T11:15:00+07:00,2025-07-06T04:35:26+07:00,False,True
T00266_D018,T00266,D018,2,2025-07-05T11:15:00+07:00,2025-07-06T04:35:26+07:00,False,True
T00267_D001,T00267,D001,1,2025-07-05T11:30:00+07:00,2025-07-06T06:19:32+07:00,False,True
T00267_D002,T00267,D002,2,2025-07-05T11:30:00+07:00,2025-07-06T06:19:32+07:00,False,True
T00268_D029,T00268,D029,1,2025-07-05T11:45:00+07:00,2025-07-06T10:19:54+07:00,False,True
T00268_D030,T00268,D030,2,2025-07-05T11:45:00+07:00,2025-07-06T10:19:54+07:00,False,True
T00269_D047,T00269,D047,1,2025-07-05T12:30:00+07:00,2025-07-07T00:51:39+07:00,False,True
T00269_D048,T00269,D048,2,2025-07-05T12:30:00+07:00,2025-07-07T00:51:39+07:00,False,True
T00270_D045,T00270,D045,1,2025-07-05T17:30:00+07:00,2025-07-07T15:40:23+07:00,False,True
T00270_D046,T00270,D046,2,2025-07-05T17:30:00+07:00,2025-07-07T15:40:23+07:00,False,True
T00271_D005,T00271,D005,1,2025-07-06T08:45:00+07:00,2025-07-07T20:27:17+07:00,False,True
T00271_D006,T00271,D006,2,2025-07-06T08:45:00+07:00,2025-07-07T20:27:17+07:00,False,True
T00272_D011,T00272,D011,1,2025-07-06T08:45:00+07:00,2025-07-07T19:00:09+07:00,False,True
T00272_D012,T00272,D012,2,2025-07-06T08:45:00+07:00,2025-07-07T19:00:09+07:00,False,True
T00273_D043,T00273,D043,1,2025-07-06T10:00:00+07:00,2025-07-08T07:56:29+07:00,False,True
T00273_D044,T00273,D044,2,2025-07-06T10:00:00+07:00,2025-07-08T07:56:29+07:00,False,True
T00274_D039,T00274,D039,1,2025-07-06T11:45:00+07:00,2025-07-07T16:07:34+07:00,False,True
T00274_D040,T00274,D040,2,2025-07-06T11:45:00+07:00,2025-07-07T16:07:34+07:00,False,True
T00275_D019,T00275,D019,1,2025-07-06T16:00:00+07:00,2025-07-07T04:55:43+07:00,False,True
T00275_D020,T00275,D020,2,2025-07-06T16:00:00+07:00,2025-07-07T04:55:43+07:00,False,True
T00276_D037,T00276,D037,1,2025-07-07T09:00:00+07:00,2025-07-08T02:15:24+07:00,False,True
T00276_D038,T00276,D038,2,2025-07-07T09:00:00+07:00,2025-07-08T02:15:24+07:00,False,True
T00277_D017,T00277,D017,1,2025-07-07T10:15:00+07:00,2025-07-08T21:25:28+07:00,False,True
T00277_D018,T00277,D018,2,2025-07-07T10:15:00+07:00,2025-07-08T21:25:28+07:00,False,True
T00278_D003,T00278,D003,1,2025-07-07T14:00:00+07:00,2025-07-09T07:52:03+07:00,False,True
T00278_D004,T00278,D004,2,2025-07-07T14:00:00+07:00,2025-07-09T07:52:03+07:00,False,True
T00279_D009,T00279,D009,1,2025-07-07T16:00:00+07:00,2025-07-09T14:24:23+07:00,False,True
T00279_D010,T00279,D010,2,2025-07-07T16:00:00+07:00,2025-07-09T14:24:23+07:00,False,True
T00280_D021,T00280,D021,1,2025-07-07T16:30:00+07:00,2025-07-08T10:16:42+07:00,False,True
T00280_D022,T00280,D022,2,2025-07-07T16:30:00+07:00,2025-07-08T10:16:42+07:00,False,True
T00281_D013,T00281,D013,1,2025-07-08T08:30:00+07:00,2025-07-10T05:16:19+07:00,False,True
T00281_D014,T00281,D014,2,2025-07-08T08:30:00+07:00,2025-07-10T05:16:19+07:00,False,True
T00282_D019,T00282,D019,1,2025-07-08T09:30:00+07:00,2025-07-09T20:49:29+07:00,False,True
T00282_D020,T00282,D020,2,2025-07-08T09:30:00+07:00,2025-07-09T20:49:29+07:00,False,True
T00283_D041,T00283,D041,1,2025-07-08T18:45:00+07:00,2025-07-10T07:04:52+07:00,False,True
T00283_D042,T00283,D042,2,2025-07-08T18:45:00+07:00,2025-07-10T07:04:52+07:00,False,True
T00284_D037,T00284,D037,1,2025-07-09T16:15:00+07:00,2025-07-11T12:59:16+07:00,False,True
T00284_D038,T00284,D038,2,2025-07-09T16:15:00+07:00,2025-07-11T12:59:16+07:00,False,True
T00285_D029,T00285,D029,1,2025-07-09T17:00:00+07:00,2025-07-10T06:09:49+07:00,False,True
T00285_D030,T00285,D030,2,2025-07-09T17:00:00+07:00,2025-07-10T06:09:49+07:00,False,True
T00286_D025,T00286,D025,1,2025-07-09T18:30:00+07:00,2025-07-11T06:56:08+07:00,False,True
T00286_D026,T00286,D026,2,2025-07-09T18:30:00+07:00,2025-07-11T06:56:08+07:00,False,True
T00287_D001,T00287,D001,1,2025-07-10T08:45:00+07:00,2025-07-13T04:12:02+07:00,False,True
T00287_D002,T00287,D002,2,2025-07-10T08:45:00+07:00,2025-07-13T04:12:02+07:00,False,True
T00288_D031,T00288,D031,1,2025-07-10T08:45:00+07:00,2025-07-11T19:12:40+07:00,False,True
T00288_D032,T00288,D032,2,2025-07-10T08:45:00+07:00,2025-07-11T19:12:40+07:00,False,True
T00289_D007,T00289,D007,1,2025-07-10T09:00:00+07:00,2025-07-11T21:01:13+07:00,False,True
T00289_D008,T00289,D008,2,2025-07-10T09:00:00+07:00,2025-07-11T21:01:13+07:00,False,True
T00290_D033,T00290,D033,1,2025-07-10T10:00:00+07:00,2025-07-11T22:43:28+07:00,False,True
T00290_D034,T00290,D034,2,2025-07-10T10:00:00+07:00,2025-07-11T22:43:28+07:00,False,True
T00291_D043,T00291,D043,1,2025-07-10T14:45:00+07:00,2025-07-12T11:27:30+07:00,False,True
T00291_D044,T00291,D044,2,2025-07-10T14:45:00+07:00,2025-07-12T11:27:30+07:00,False,True
T00292_D009,T00292,D009,1,2025-07-10T15:45:00+07:00,2025-07-12T13:14:03+07:00,False,True
T00292_D010,T00292,D010,2,2025-07-10T15:45:00+07:00,2025-07-12T13:14:03+07:00,False,True
T00293_D047,T00293,D047,1,2025-07-10T16:15:00+07:00,2025-07-11T12:48:31+07:00,False,True
T00293_D048,T00293,D048,2,2025-07-10T16:15:00+07:00,2025-07-11T12:48:31+07:00,False,True
T00294_D017,T00294,D017,1,2025-07-11T08:30:00+07:00,2025-07-13T08:28:10+07:00,False,True
T00294_D018,T00294,D018,2,2025-07-11T08:30:00+07:00,2025-07-13T08:28:10+07:00,False,True
T00295_D023,T00295,D023,1,2025-07-11T10:45:00+07:00,2025-07-13T08:59:58+07:00,False,True
T00295_D024,T00295,D024,2,2025-07-11T10:45:00+07:00,2025-07-13T08:59:58+07:00,False,True
T00296_D011,T00296,D011,1,2025-07-11T16:30:00+07:00,2025-07-13T14:20:10+07:00,False,True
T00296_D012,T00296,D012,2,2025-07-11T16:30:00+07:00,2025-07-13T14:20:10+07:00,False,True
T00297_D005,T00297,D005,1,2025-07-11T18:00:00+07:00,2025-07-12T11:21:06+07:00,False,True
T00297_D006,T00297,D006,2,2025-07-11T18:00:00+07:00,2025-07-12T11:21:06+07:00,False,True
T00298_D037,T00298,D037,1,2025-07-12T18:00:00+07:00,2025-07-13T14:41:16+07:00,False,True
T00298_D038,T00298,D038,2,2025-07-12T18:00:00+07:00,2025-07-13T14:41:16+07:00,False,True
T00299_D041,T00299,D041,1,2025-07-13T12:45:00+07:00,2025-07-14T02:33:01+07:00,False,True
T00299_D042,T00299,D042,2,2025-07-13T12:45:00+07:00,2025-07-14T02:33:01+07:00,False,True
T00300_D021,T00300,D021,1,2025-07-13T14:30:00+07:00,2025-07-14T03:51:55+07:00,False,True
T00300_D022,T00300,D022,2,2025-07-13T14:30:00+07:00,2025-07-14T03:51:55+07:00,False,True
T00301_D035,T00301,D035,1,2025-07-14T08:45:00+07:00,2025-07-16T04:36:25+07:00,False,True
T00301_D036,T00301,D036,2,2025-07-14T08:45:00+07:00,2025-07-16T04:36:25+07:00,False,True
T00302_D023,T00302,D023,1,2025-07-14T11:00:00+07:00,2025-07-16T09:08:08+07:00,False,True
T00302_D024,T00302,D024,2,2025-07-14T11:00:00+07:00,2025-07-16T09:08:08+07:00,False,True
T00303_D007,T00303,D007,1,2025-07-14T14:15:00+07:00,2025-07-15T19:25:05+07:00,False,True
T00303_D008,T00303,D008,2,2025-07-14T14:15:00+07:00,2025-07-15T19:25:05+07:00,False,True
T00304_D043,T00304,D043,1,2025-07-15T08:30:00+07:00,2025-07-16T13:31:09+07:00,False,True
T00304_D044,T00304,D044,2,2025-07-15T08:30:00+07:00,2025-07-16T13:31:09+07:00,False,True
T00305_D017,T00305,D017,1,2025-07-15T11:45:00+07:00,2025-07-17T08:42:46+07:00,False,True
T00305_D018,T00305,D018,2,2025-07-15T11:45:00+07:00,2025-07-17T08:42:46+07:00,False,True
T00306_D029,T00306,D029,1,2025-07-15T18:00:00+07:00,2025-07-16T11:15:34+07:00,False,True
T00306_D030,T00306,D030,2,2025-07-15T18:00:00+07:00,2025-07-16T11:15:34+07:00,False,True
T00307_D021,T00307,D021,1,2025-07-16T13:15:00+07:00,2025-07-17T09:25:25+07:00,False,True
T00307_D022,T00307,D022,2,2025-07-16T13:15:00+07:00,2025-07-17T09:25:25+07:00,False,True
T00308_D003,T00308,D003,1,2025-07-16T14:30:00+07:00,2025-07-18T11:45:50+07:00,False,True
T00308_D004,T00308,D004,2,2025-07-16T14:30:00+07:00,2025-07-18T11:45:50+07:00,False,True
T00309_D041,T00309,D041,1,2025-07-16T16:45:00+07:00,2025-07-17T14:00:47+07:00,False,True
T00309_D042,T00309,D042,2,2025-07-16T16:45:00+07:00,2025-07-17T14:00:47+07:00,False,True
T00310_D013,T00310,D013,1,2025-07-16T18:00:00+07:00,2025-07-18T05:29:51+07:00,False,True
T00310_D014,T00310,D014,2,2025-07-16T18:00:00+07:00,2025-07-18T05:29:51+07:00,False,True
T00311_D047,T00311,D047,1,2025-07-17T09:30:00+07:00,2025-07-19T07:52:53+07:00,False,True
T00311_D048,T00311,D048,2,2025-07-17T09:30:00+07:00,2025-07-19T07:52:53+07:00,False,True
T00312_D007,T00312,D007,1,2025-07-17T09:45:00+07:00,2025-07-18T06:08:41+07:00,False,True
T00312_D008,T00312,D008,2,2025-07-17T09:45:00+07:00,2025-07-18T06:08:41+07:00,False,True
T00313_D033,T00313,D033,1,2025-07-17T10:00:00+07:00,2025-07-19T06:45:08+07:00,False,True
T00313_D034,T00313,D034,2,2025-07-17T10:00:00+07:00,2025-07-19T06:45:08+07:00,False,True
T00314_D005,T00314,D005,1,2025-07-17T17:45:00+07:00,2025-07-19T15:20:21+07:00,False,True
T00314_D006,T00314,D006,2,2025-07-17T17:45:00+07:00,2025-07-19T15:20:21+07:00,False,True
T00315_D009,T00315,D009,1,2025-07-17T18:45:00+07:00,2025-07-19T16:42:18+07:00,False,True
T00315_D010,T00315,D010,2,2025-07-17T18:45:00+07:00,2025-07-19T16:42:18+07:00,False,True
T00316_D015,T00316,D015,1,2025-07-18T09:15:00+07:00,2025-07-19T05:54:02+07:00,False,True
T00316_D016,T00316,D016,2,2025-07-18T09:15:00+07:00,2025-07-19T05:54:02+07:00,False,True
T00317_D017,T00317,D017,1,2025-07-18T11:15:00+07:00,2025-07-20T06:58:22+07:00,False,True
T00317_D018,T00317,D018,2,2025-07-18T11:15:00+07:00,2025-07-20T06:58:22+07:00,False,True
T00318_D019,T00318,D019,1,2025-07-19T14:15:00+07:00,2025-07-21T13:01:29+07:00,False,True
T00318_D020,T00318,D020,2,2025-07-19T14:15:00+07:00,2025-07-21T13:01:29+07:00,False,True
T00319_D039,T00319,D039,1,2025-07-19T17:45:00+07:00,2025-07-20T23:14:04+07:00,False,True
T00319_D040,T00319,D040,2,2025-07-19T17:45:00+07:00,2025-07-20T23:14:04+07:00,False,True
T00320_D029,T00320,D029,1,2025-07-20T13:15:00+07:00,2025-07-22T00:33:15+07:00,False,True
T00320_D030,T00320,D030,2,2025-07-20T13:15:00+07:00,2025-07-22T00:33:15+07:00,False,True
T00321_D005,T00321,D005,1,2025-07-20T14:15:00+07:00,2025-07-21T18:04:09+07:00,False,True
T00321_D006,T00321,D006,2,2025-07-20T14:15:00+07:00,2025-07-21T18:04:09+07:00,False,True
T00322_D001,T00322,D001,1,2025-07-20T15:30:00+07:00,2025-07-21T09:56:29+07:00,False,True
T00322_D002,T00322,D002,2,2025-07-20T15:30:00+07:00,2025-07-21T09:56:29+07:00,False,True
T00323_D009,T00323,D009,1,2025-07-20T17:15:00+07:00,2025-07-22T14:45:52+07:00,False,True
T00323_D010,T00323,D010,2,2025-07-20T17:15:00+07:00,2025-07-22T14:45:52+07:00,False,True
T00324_D007,T00324,D007,1,2025-07-21T11:00:00+07:00,2025-07-23T05:09:10+07:00,False,True
T00324_D008,T00324,D008,2,2025-07-21T11:00:00+07:00,2025-07-23T05:09:10+07:00,False,True
T00325_D027,T00325,D027,1,2025-07-21T13:30:00+07:00,2025-07-23T02:49:26+07:00,False,True
T00325_D028,T00325,D028,2,2025-07-21T13:30:00+07:00,2025-07-23T02:49:26+07:00,False,True
T00326_D037,T00326,D037,1,2025-07-21T13:30:00+07:00,2025-07-23T09:41:28+07:00,False,True
T00326_D038,T00326,D038,2,2025-07-21T13:30:00+07:00,2025-07-23T09:41:28+07:00,False,True
T00327_D039,T00327,D039,1,2025-07-22T08:30:00+07:00,2025-07-23T19:24:05+07:00,False,True
T00327_D040,T00327,D040,2,2025-07-22T08:30:00+07:00,2025-07-23T19:24:05+07:00,False,True
T00328_D035,T00328,D035,1,2025-07-22T11:15:00+07:00,2025-07-23T21:10:28+07:00,False,True
T00328_D036,T00328,D036,2,2025-07-22T11:15:00+07:00,2025-07-23T21:10:28+07:00,False,True
T00329_D047,T00329,D047,1,2025-07-22T12:45:00+07:00,2025-07-24T11:37:43+07:00,False,True
T00329_D048,T00329,D048,2,2025-07-22T12:45:00+07:00,2025-07-24T11:37:43+07:00,False,True
T00330_D023,T00330,D023,1,2025-07-22T14:45:00+07:00,2025-07-25T13:08:58+07:00,False,True
T00330_D024,T00330,D024,2,2025-07-22T14:45:00+07:00,2025-07-25T13:08:58+07:00,False,True
T00331_D045,T00331,D045,1,2025-07-23T08:15:00+07:00,2025-07-23T20:53:00+07:00,False,True
T00331_D046,T00331,D046,2,2025-07-23T08:15:00+07:00,2025-07-23T20:53:00+07:00,False,True
T00332_D015,T00332,D015,1,2025-07-23T11:45:00+07:00,2025-07-26T00:40:49+07:00,False,True
T00332_D016,T00332,D016,2,2025-07-23T11:45:00+07:00,2025-07-26T00:40:49+07:00,False,True
T00333_D017,T00333,D017,1,2025-07-23T12:30:00+07:00,2025-07-24T22:37:26+07:00,False,True
T00333_D018,T00333,D018,2,2025-07-23T12:30:00+07:00,2025-07-24T22:37:26+07:00,False,True
T00334_D009,T00334,D009,1,2025-07-23T13:45:00+07:00,2025-07-24T16:51:47+07:00,False,True
T00334_D010,T00334,D010,2,2025-07-23T13:45:00+07:00,2025-07-24T16:51:47+07:00,False,True
T00335_D013,T00335,D013,1,2025-07-23T14:30:00+07:00,2025-07-24T18:30:25+07:00,False,True
T00335_D014,T00335,D014,2,2025-07-23T14:30:00+07:00,2025-07-24T18:30:25+07:00,False,True
T00336_D027,T00336,D027,1,2025-07-23T16:15:00+07:00,2025-07-24T09:08:52+07:00,False,True
T00336_D028,T00336,D028,2,2025-07-23T16:15:00+07:00,2025-07-24T09:08:52+07:00,False,True
T00337_D011,T00337,D011,1,2025-07-23T16:30:00+07:00,2025-07-25T16:06:05+07:00,False,True
T00337_D012,T00337,D012,2,2025-07-23T16:30:00+07:00,2025-07-25T16:06:05+07:00,False,True
T00338_D031,T00338,D031,1,2025-07-24T12:30:00+07:00,2025-07-26T11:35:41+07:00,False,True
T00338_D032,T00338,D032,2,2025-07-24T12:30:00+07:00,2025-07-26T11:35:41+07:00,False,True
T00339_D037,T00339,D037,1,2025-07-24T12:30:00+07:00,2025-07-25T07:45:40+07:00,False,True
T00339_D038,T00339,D038,2,2025-07-24T12:30:00+07:00,2025-07-25T07:45:40+07:00,False,True
T00340_D005,T00340,D005,1,2025-07-24T14:00:00+07:00,2025-07-26T11:51:59+07:00,False,True
T00340_D006,T00340,D006,2,2025-07-24T14:00:00+07:00,2025-07-26T11:51:59+07:00,False,True
T00341_D045,T00341,D045,1,2025-07-24T16:30:00+07:00,2025-07-25T13:15:43+07:00,False,True
T00341_D046,T00341,D046,2,2025-07-24T16:30:00+07:00,2025-07-25T13:15:43+07:00,False,True
T00342_D043,T00342,D043,1,2025-07-24T16:45:00+07:00,2025-07-26T14:37:17+07:00,False,True
T00342_D044,T00342,D044,2,2025-07-24T16:45:00+07:00,2025-07-26T14:37:17+07:00,False,True
T00343_D029,T00343,D029,1,2025-07-25T08:30:00+07:00,2025-07-27T06:20:03+07:00,False,True
T00343_D030,T00343,D030,2,2025-07-25T08:30:00+07:00,2025-07-27T06:20:03+07:00,False,True
T00344_D039,T00344,D039,1,2025-07-25T09:00:00+07:00,2025-07-26T04:19:47+07:00,False,True
T00344_D040,T00344,D040,2,2025-07-25T09:00:00+07:00,2025-07-26T04:19:47+07:00,False,True
T00345_D047,T00345,D047,1,2025-07-25T11:00:00+07:00,2025-07-27T10:20:10+07:00,False,True
T00345_D048,T00345,D048,2,2025-07-25T11:00:00+07:00,2025-07-27T10:20:10+07:00,False,True
T00346_D041,T00346,D041,1,2025-07-25T12:30:00+07:00,2025-07-26T06:17:36+07:00,False,True
T00346_D042,T00346,D042,2,2025-07-25T12:30:00+07:00,2025-07-26T06:17:36+07:00,False,True
T00347_D011,T00347,D011,1,2025-07-26T11:30:00+07:00,2025-07-27T05:54:13+07:00,False,True
T00347_D012,T00347,D012,2,2025-07-26T11:30:00+07:00,2025-07-27T05:54:13+07:00,False,True
T00348_D003,T00348,D003,1,2025-07-26T16:30:00+07:00,2025-07-27T06:25:51+07:00,False,True
T00348_D004,T00348,D004,2,2025-07-26T16:30:00+07:00,2025-07-27T06:25:51+07:00,False,True
T00349_D045,T00349,D045,1,2025-07-26T18:45:00+07:00,2025-07-28T23:08:15+07:00,False,True
T00349_D046,T00349,D046,2,2025-07-26T18:45:00+07:00,2025-07-28T23:08:15+07:00,False,True
T00350_D025,T00350,D025,1,2025-07-27T12:00:00+07:00,2025-07-28T15:07:21+07:00,False,True
T00350_D026,T00350,D026,2,2025-07-27T12:00:00+07:00,2025-07-28T15:07:21+07:00,False,True
T00351_D001,T00351,D001,1,2025-07-27T16:15:00+07:00,2025-07-29T04:19:32+07:00,False,True
T00351_D002,T00351,D002,2,2025-07-27T16:15:00+07:00,2025-07-29T04:19:32+07:00,False,True
T00352_D017,T00352,D017,1,2025-07-28T10:45:00+07:00,2025-07-29T04:14:25+07:00,False,True
T00352_D018,T00352,D018,2,2025-07-28T10:45:00+07:00,2025-07-29T04:14:25+07:00,False,True
T00353_D023,T00353,D023,1,2025-07-28T18:00:00+07:00,2025-07-30T02:56:04+07:00,False,True
T00353_D024,T00353,D024,2,2025-07-28T18:00:00+07:00,2025-07-30T02:56:04+07:00,False,True
T00354_D003,T00354,D003,1,2025-07-29T11:00:00+07:00,2025-07-31T10:36:29+07:00,False,True
T00354_D004,T00354,D004,2,2025-07-29T11:00:00+07:00,2025-07-31T10:36:29+07:00,False,True
T00355_D027,T00355,D027,1,2025-07-30T10:30:00+07:00,2025-07-31T09:17:59+07:00,False,True
T00355_D028,T00355,D028,2,2025-07-30T10:30:00+07:00,2025-07-31T09:17:59+07:00,False,True
T00356_D007,T00356,D007,1,2025-07-30T14:15:00+07:00,2025-08-01T00:32:11+07:00,False,True
T00356_D008,T00356,D008,2,2025-07-30T14:15:00+07:00,2025-08-01T00:32:11+07:00,False,True
T00357_D033,T00357,D033,1,2025-07-30T14:45:00+07:00,2025-08-01T12:41:12+07:00,False,True
T00357_D034,T00357,D034,2,2025-07-30T14:45:00+07:00,2025-08-01T12:41:12+07:00,False,True
T00358_D041,T00358,D041,1,2025-07-31T09:45:00+07:00,2025-08-02T08:11:35+07:00,False,True
T00358_D042,T00358,D042,2,2025-07-31T09:45:00+07:00,2025-08-02T08:11:35+07:00,False,True
T00359_D031,T00359,D031,1,2025-07-31T12:15:00+07:00,2025-08-01T16:16:31+07:00,False,True
T00359_D032,T00359,D032,2,2025-07-31T12:15:00+07:00,2025-08-01T16:16:31+07:00,False,True
T00360_D011,T00360,D011,1,2025-07-31T16:45:00+07:00,2025-08-02T15:47:41+07:00,False,True
T00360_D012,T00360,D012,2,2025-07-31T16:45:00+07:00,2025-08-02T15:47:41+07:00,False,True
T00361_D021,T00361,D021,1,2025-08-01T08:15:00+07:00,2025-08-03T05:38:16+07:00,False,True
T00361_D022,T00361,D022,2,2025-08-01T08:15:00+07:00,2025-08-03T05:38:16+07:00,False,True
T00362_D015,T00362,D015,1,2025-08-01T09:45:00+07:00,2025-08-03T08:06:48+07:00,False,True
T00362_D016,T00362,D016,2,2025-08-01T09:45:00+07:00,2025-08-03T08:06:48+07:00,False,True
T00363_D043,T00363,D043,1,2025-08-01T10:15:00+07:00,2025-08-03T07:36:31+07:00,False,True
T00363_D044,T00363,D044,2,2025-08-01T10:15:00+07:00,2025-08-03T07:36:31+07:00,False,True
T00364_D023,T00364,D023,1,2025-08-01T11:00:00+07:00,2025-08-02T03:41:00+07:00,False,True
T00364_D024,T00364,D024,2,2025-08-01T11:00:00+07:00,2025-08-02T03:41:00+07:00,False,True
T00365_D025,T00365,D025,1,2025-08-01T13:00:00+07:00,2025-08-03T11:10:04+07:00,False,True
T00365_D026,T00365,D026,2,2025-08-01T13:00:00+07:00,2025-08-03T11:10:04+07:00,False,True
T00366_D047,T00366,D047,1,2025-08-02T13:45:00+07:00,2025-08-04T11:23:31+07:00,False,True
T00366_D048,T00366,D048,2,2025-08-02T13:45:00+07:00,2025-08-04T11:23:31+07:00,False,True
T00367_D017,T00367,D017,1,2025-08-02T14:00:00+07:00,2025-08-04T10:51:09+07:00,False,True
T00367_D018,T00367,D018,2,2025-08-02T14:00:00+07:00,2025-08-04T10:51:09+07:00,False,True
T00368_D031,T00368,D031,1,2025-08-02T15:15:00+07:00,2025-08-04T12:05:28+07:00,False,True
T00368_D032,T00368,D032,2,2025-08-02T15:15:00+07:00,2025-08-04T12:05:28+07:00,False,True
T00369_D037,T00369,D037,1,2025-08-02T16:15:00+07:00,2025-08-05T19:22:53+07:00,False,True
T00369_D038,T00369,D038,2,2025-08-02T16:15:00+07:00,2025-08-05T19:22:53+07:00,False,True
T00370_D029,T00370,D029,1,2025-08-02T17:45:00+07:00,2025-08-04T14:50:30+07:00,False,True
T00370_D030,T00370,D030,2,2025-08-02T17:45:00+07:00,2025-08-04T14:50:30+07:00,False,True
T00371_D009,T00371,D009,1,2025-08-02T17:45:00+07:00,2025-08-03T21:26:27+07:00,False,True
T00371_D010,T00371,D010,2,2025-08-02T17:45:00+07:00,2025-08-03T21:26:27+07:00,False,True
T00372_D005,T00372,D005,1,2025-08-03T09:45:00+07:00,2025-08-05T07:29:40+07:00,False,True
T00372_D006,T00372,D006,2,2025-08-03T09:45:00+07:00,2025-08-05T07:29:40+07:00,False,True
T00373_D001,T00373,D001,1,2025-08-03T13:00:00+07:00,2025-08-04T07:45:02+07:00,False,True
T00373_D002,T00373,D002,2,2025-08-03T13:00:00+07:00,2025-08-04T07:45:02+07:00,False,True
T00374_D003,T00374,D003,1,2025-08-03T13:00:00+07:00,2025-08-05T11:50:10+07:00,False,True
T00374_D004,T00374,D004,2,2025-08-03T13:00:00+07:00,2025-08-05T11:50:10+07:00,False,True
T00375_D007,T00375,D007,1,2025-08-03T13:30:00+07:00,2025-08-05T11:35:03+07:00,False,True
T00375_D008,T00375,D008,2,2025-08-03T13:30:00+07:00,2025-08-05T11:35:03+07:00,False,True
T00376_D011,T00376,D011,1,2025-08-04T09:30:00+07:00,2025-08-06T06:49:25+07:00,False,True
T00376_D012,T00376,D012,2,2025-08-04T09:30:00+07:00,2025-08-06T06:49:25+07:00,False,True
T00377_D025,T00377,D025,1,2025-08-04T10:15:00+07:00,2025-08-05T04:04:10+07:00,False,True
T00377_D026,T00377,D026,2,2025-08-04T10:15:00+07:00,2025-08-05T04:04:10+07:00,False,True
T00378_D021,T00378,D021,1,2025-08-04T13:00:00+07:00,2025-08-05T07:54:22+07:00,False,True
T00378_D022,T00378,D022,2,2025-08-04T13:00:00+07:00,2025-08-05T07:54:22+07:00,False,True
T00379_D035,T00379,D035,1,2025-08-05T10:30:00+07:00,2025-08-06T04:03:36+07:00,False,True
T00379_D036,T00379,D036,2,2025-08-05T10:30:00+07:00,2025-08-06T04:03:36+07:00,False,True
T00380_D031,T00380,D031,1,2025-08-05T11:00:00+07:00,2025-08-06T00:02:29+07:00,False,True
T00380_D032,T00380,D032,2,2025-08-05T11:00:00+07:00,2025-08-06T00:02:29+07:00,False,True
T00381_D019,T00381,D019,1,2025-08-05T12:15:00+07:00,2025-08-06T22:32:43+07:00,False,True
T00381_D020,T00381,D020,2,2025-08-05T12:15:00+07:00,2025-08-06T22:32:43+07:00,False,True
T00382_D039,T00382,D039,1,2025-08-05T15:30:00+07:00,2025-08-07T02:12:33+07:00,False,True
T00382_D040,T00382,D040,2,2025-08-05T15:30:00+07:00,2025-08-07T02:12:33+07:00,False,True
T00383_D003,T00383,D003,1,2025-08-06T08:00:00+07:00,2025-08-06T20:33:59+07:00,False,True
T00383_D004,T00383,D004,2,2025-08-06T08:00:00+07:00,2025-08-06T20:33:59+07:00,False,True
T00384_D009,T00384,D009,1,2025-08-06T10:30:00+07:00,2025-08-07T04:37:50+07:00,False,True
T00384_D010,T00384,D010,2,2025-08-06T10:30:00+07:00,2025-08-07T04:37:50+07:00,False,True
T00385_D029,T00385,D029,1,2025-08-06T12:45:00+07:00,2025-08-08T09:41:36+07:00,False,True
T00385_D030,T00385,D030,2,2025-08-06T12:45:00+07:00,2025-08-08T09:41:36+07:00,False,True
T00386_D035,T00386,D035,1,2025-08-07T11:30:00+07:00,2025-08-09T05:08:07+07:00,False,True
T00386_D036,T00386,D036,2,2025-08-07T11:30:00+07:00,2025-08-09T05:08:07+07:00,False,True
T00387_D033,T00387,D033,1,2025-08-07T12:00:00+07:00,2025-08-10T02:53:13+07:00,False,True
T00387_D034,T00387,D034,2,2025-08-07T12:00:00+07:00,2025-08-10T02:53:13+07:00,False,True
T00388_D045,T00388,D045,1,2025-08-07T12:00:00+07:00,2025-08-09T10:05:04+07:00,False,True
T00388_D046,T00388,D046,2,2025-08-07T12:00:00+07:00,2025-08-09T10:05:04+07:00,False,True
T00389_D007,T00389,D007,1,2025-08-08T08:30:00+07:00,2025-08-09T13:43:38+07:00,False,True
T00389_D008,T00389,D008,2,2025-08-08T08:30:00+07:00,2025-08-09T13:43:38+07:00,False,True
T00390_D017,T00390,D017,1,2025-08-08T08:30:00+07:00,2025-08-10T04:49:07+07:00,False,True
T00390_D018,T00390,D018,2,2025-08-08T08:30:00+07:00,2025-08-10T04:49:07+07:00,False,True
T00391_D037,T00391,D037,1,2025-08-08T11:00:00+07:00,2025-08-09T21:51:36+07:00,False,True
T00391_D038,T00391,D038,2,2025-08-08T11:00:00+07:00,2025-08-09T21:51:36+07:00,False,True
T00392_D043,T00392,D043,1,2025-08-08T12:15:00+07:00,2025-08-11T09:46:08+07:00,False,True
T00392_D044,T00392,D044,2,2025-08-08T12:15:00+07:00,2025-08-11T09:46:08+07:00,False,True
T00393_D025,T00393,D025,1,2025-08-08T16:00:00+07:00,2025-08-09T08:53:55+07:00,False,True
T00393_D026,T00393,D026,2,2025-08-08T16:00:00+07:00,2025-08-09T08:53:55+07:00,False,True
T00394_D013,T00394,D013,1,2025-08-08T17:00:00+07:00,2025-08-10T16:49:10+07:00,False,True
T00394_D014,T00394,D014,2,2025-08-08T17:00:00+07:00,2025-08-10T16:49:10+07:00,False,True
T00395_D015,T00395,D015,1,2025-08-09T09:15:00+07:00,2025-08-09T23:23:10+07:00,False,True
T00395_D016,T00395,D016,2,2025-08-09T09:15:00+07:00,2025-08-09T23:23:10+07:00,False,True
T00396_D019,T00396,D019,1,2025-08-09T14:00:00+07:00,2025-08-10T11:34:26+07:00,False,True
T00396_D020,T00396,D020,2,2025-08-09T14:00:00+07:00,2025-08-10T11:34:26+07:00,False,True
T00397_D005,T00397,D005,1,2025-08-09T18:45:00+07:00,2025-08-11T17:21:03+07:00,False,True
T00397_D006,T00397,D006,2,2025-08-09T18:45:00+07:00,2025-08-11T17:21:03+07:00,False,True
T00398_D027,T00398,D027,1,2025-08-10T14:15:00+07:00,2025-08-11T13:52:44+07:00,False,True
T00398_D028,T00398,D028,2,2025-08-10T14:15:00+07:00,2025-08-11T13:52:44+07:00,False,True
T00399_D031,T00399,D031,1,2025-08-10T14:30:00+07:00,2025-08-12T11:37:01+07:00,False,True
T00399_D032,T00399,D032,2,2025-08-10T14:30:00+07:00,2025-08-12T11:37:01+07:00,False,True
T00400_D025,T00400,D025,1,2025-08-10T15:15:00+07:00,2025-08-12T01:56:59+07:00,False,True
T00400_D026,T00400,D026,2,2025-08-10T15:15:00+07:00,2025-08-12T01:56:59+07:00,False,True
T00401_D033,T00401,D033,1,2025-08-10T16:00:00+07:00,2025-08-12T09:45:16+07:00,False,True
T00401_D034,T00401,D034,2,2025-08-10T16:00:00+07:00,2025-08-12T09:45:16+07:00,False,True
T00402_D039,T00402,D039,1,2025-08-10T16:15:00+07:00,2025-08-12T04:04:49+07:00,False,True
T00402_D040,T00402,D040,2,2025-08-10T16:15:00+07:00,2025-08-12T04:04:49+07:00,False,True
T00403_D037,T00403,D037,1,2025-08-11T08:15:00+07:00,2025-08-12T19:59:36+07:00,False,True
T00403_D038,T00403,D038,2,2025-08-11T08:15:00+07:00,2025-08-12T19:59:36+07:00,False,True
T00404_D019,T00404,D019,1,2025-08-11T09:30:00+07:00,2025-08-11T22:31:25+07:00,False,True
T00404_D020,T00404,D020,2,2025-08-11T09:30:00+07:00,2025-08-11T22:31:25+07:00,False,True
T00405_D011,T00405,D011,1,2025-08-11T11:30:00+07:00,2025-08-13T07:43:15+07:00,False,True
T00405_D012,T00405,D012,2,2025-08-11T11:30:00+07:00,2025-08-13T07:43:15+07:00,False,True
T00406_D013,T00406,D013,1,2025-08-11T11:45:00+07:00,2025-08-12T06:27:25+07:00,False,True
T00406_D014,T00406,D014,2,2025-08-11T11:45:00+07:00,2025-08-12T06:27:25+07:00,False,True
T00407_D041,T00407,D041,1,2025-08-12T11:30:00+07:00,2025-08-13T23:40:00+07:00,False,True
T00407_D042,T00407,D042,2,2025-08-12T11:30:00+07:00,2025-08-13T23:40:00+07:00,False,True
T00408_D001,T00408,D001,1,2025-08-12T12:00:00+07:00,2025-08-14T15:41:11+07:00,False,True
T00408_D002,T00408,D002,2,2025-08-12T12:00:00+07:00,2025-08-14T15:41:11+07:00,False,True
T00409_D023,T00409,D023,1,2025-08-12T15:15:00+07:00,2025-08-14T13:11:11+07:00,False,True
T00409_D024,T00409,D024,2,2025-08-12T15:15:00+07:00,2025-08-14T13:11:11+07:00,False,True
T00410_D003,T00410,D003,1,2025-08-12T17:30:00+07:00,2025-08-13T13:28:26+07:00,False,True
T00410_D004,T00410,D004,2,2025-08-12T17:30:00+07:00,2025-08-13T13:28:26+07:00,False,True
T00411_D043,T00411,D043,1,2025-08-12T18:45:00+07:00,2025-08-14T17:23:37+07:00,False,True
T00411_D044,T00411,D044,2,2025-08-12T18:45:00+07:00,2025-08-14T17:23:37+07:00,False,True
T00412_D015,T00412,D015,1,2025-08-13T08:45:00+07:00,2025-08-15T07:39:48+07:00,False,True
T00412_D016,T00412,D016,2,2025-08-13T08:45:00+07:00,2025-08-15T07:39:48+07:00,False,True
T00413_D027,T00413,D027,1,2025-08-13T09:15:00+07:00,2025-08-15T21:06:05+07:00,False,True
T00413_D028,T00413,D028,2,2025-08-13T09:15:00+07:00,2025-08-15T21:06:05+07:00,False,True
T00414_D013,T00414,D013,1,2025-08-13T11:00:00+07:00,2025-08-14T23:32:47+07:00,False,True
T00414_D014,T00414,D014,2,2025-08-13T11:00:00+07:00,2025-08-14T23:32:47+07:00,False,True
T00415_D033,T00415,D033,1,2025-08-13T18:15:00+07:00,2025-08-14T07:45:39+07:00,False,True
T00415_D034,T00415,D034,2,2025-08-13T18:15:00+07:00,2025-08-14T07:45:39+07:00,False,True
T00416_D005,T00416,D005,1,2025-08-13T18:30:00+07:00,2025-08-14T16:39:09+07:00,False,True
T00416_D006,T00416,D006,2,2025-08-13T18:30:00+07:00,2025-08-14T16:39:09+07:00,False,True
T00417_D019,T00417,D019,1,2025-08-14T14:15:00+07:00,2025-08-15T04:07:05+07:00,False,True
T00417_D020,T00417,D020,2,2025-08-14T14:15:00+07:00,2025-08-15T04:07:05+07:00,False,True
T00418_D039,T00418,D039,1,2025-08-14T16:00:00+07:00,2025-08-16T02:10:38+07:00,False,True
T00418_D040,T00418,D040,2,2025-08-14T16:00:00+07:00,2025-08-16T02:10:38+07:00,False,True
T00419_D031,T00419,D031,1,2025-08-14T16:45:00+07:00,2025-08-15T09:09:37+07:00,False,True
T00419_D032,T00419,D032,2,2025-08-14T16:45:00+07:00,2025-08-15T09:09:37+07:00,False,True
T00420_D033,T00420,D033,1,2025-08-15T08:30:00+07:00,2025-08-17T06:28:31+07:00,False,True
T00420_D034,T00420,D034,2,2025-08-15T08:30:00+07:00,2025-08-17T06:28:31+07:00,False,True
T00421_D009,T00421,D009,1,2025-08-15T09:45:00+07:00,2025-08-16T04:27:32+07:00,False,True
T00421_D010,T00421,D010,2,2025-08-15T09:45:00+07:00,2025-08-16T04:27:32+07:00,False,True
T00422_D025,T00422,D025,1,2025-08-15T14:00:00+07:00,2025-08-17T00:22:23+07:00,False,True
T00422_D026,T00422,D026,2,2025-08-15T14:00:00+07:00,2025-08-17T00:22:23+07:00,False,True
T00423_D021,T00423,D021,1,2025-08-15T17:15:00+07:00,2025-08-16T15:50:54+07:00,False,True
T00423_D022,T00423,D022,2,2025-08-15T17:15:00+07:00,2025-08-16T15:50:54+07:00,False,True
T00424_D007,T00424,D007,1,2025-08-16T10:30:00+07:00,2025-08-17T04:45:21+07:00,False,True
T00424_D008,T00424,D008,2,2025-08-16T10:30:00+07:00,2025-08-17T04:45:21+07:00,False,True
T00425_D013,T00425,D013,1,2025-08-16T12:15:00+07:00,2025-08-18T08:23:03+07:00,False,True
T00425_D014,T00425,D014,2,2025-08-16T12:15:00+07:00,2025-08-18T08:23:03+07:00,False,True
T00426_D005,T00426,D005,1,2025-08-16T14:00:00+07:00,2025-08-17T11:30:39+07:00,False,True
T00426_D006,T00426,D006,2,2025-08-16T14:00:00+07:00,2025-08-17T11:30:39+07:00,False,True
T00427_D017,T00427,D017,1,2025-08-16T16:45:00+07:00,2025-08-17T10:33:51+07:00,False,True
T00427_D018,T00427,D018,2,2025-08-16T16:45:00+07:00,2025-08-17T10:33:51+07:00,False,True
T00428_D019,T00428,D019,1,2025-08-16T18:45:00+07:00,2025-08-18T06:54:42+07:00,False,True
T00428_D020,T00428,D020,2,2025-08-16T18:45:00+07:00,2025-08-18T06:54:42+07:00,False,True
T00429_D009,T00429,D009,1,2025-08-18T08:30:00+07:00,2025-08-19T12:28:05+07:00,False,True
T00429_D010,T00429,D010,2,2025-08-18T08:30:00+07:00,2025-08-19T12:28:05+07:00,False,True
T00430_D007,T00430,D007,1,2025-08-18T09:45:00+07:00,2025-08-19T09:50:43+07:00,False,True
T00430_D008,T00430,D008,2,2025-08-18T09:45:00+07:00,2025-08-19T09:50:43+07:00,False,True
T00431_D001,T00431,D001,1,2025-08-18T12:15:00+07:00,2025-08-20T08:54:21+07:00,False,True
T00431_D002,T00431,D002,2,2025-08-18T12:15:00+07:00,2025-08-20T08:54:21+07:00,False,True
T00432_D045,T00432,D045,1,2025-08-18T15:30:00+07:00,2025-08-20T02:06:54+07:00,False,True
T00432_D046,T00432,D046,2,2025-08-18T15:30:00+07:00,2025-08-20T02:06:54+07:00,False,True
T00433_D033,T00433,D033,1,2025-08-18T16:45:00+07:00,2025-08-20T16:24:09+07:00,False,True
T00433_D034,T00433,D034,2,2025-08-18T16:45:00+07:00,2025-08-20T16:24:09+07:00,False,True
T00434_D039,T00434,D039,1,2025-08-19T09:45:00+07:00,2025-08-21T07:43:27+07:00,False,True
T00434_D040,T00434,D040,2,2025-08-19T09:45:00+07:00,2025-08-21T07:43:27+07:00,False,True
T00435_D041,T00435,D041,1,2025-08-19T10:45:00+07:00,2025-08-21T07:35:59+07:00,False,True
T00435_D042,T00435,D042,2,2025-08-19T10:45:00+07:00,2025-08-21T07:35:59+07:00,False,True
T00436_D017,T00436,D017,1,2025-08-20T08:00:00+07:00,2025-08-22T04:16:10+07:00,False,True
T00436_D018,T00436,D018,2,2025-08-20T08:00:00+07:00,2025-08-22T04:16:10+07:00,False,True
T00437_D035,T00437,D035,1,2025-08-20T09:00:00+07:00,2025-08-21T19:49:47+07:00,False,True
T00437_D036,T00437,D036,2,2025-08-20T09:00:00+07:00,2025-08-21T19:49:47+07:00,False,True
T00438_D009,T00438,D009,1,2025-08-20T09:45:00+07:00,2025-08-22T06:27:58+07:00,False,True
T00438_D010,T00438,D010,2,2025-08-20T09:45:00+07:00,2025-08-22T06:27:58+07:00,False,True
T00439_D007,T00439,D007,1,2025-08-20T17:30:00+07:00,2025-08-21T09:13:04+07:00,False,True
T00439_D008,T00439,D008,2,2025-08-20T17:30:00+07:00,2025-08-21T09:13:04+07:00,False,True
T00440_D037,T00440,D037,1,2025-08-21T09:00:00+07:00,2025-08-22T01:01:26+07:00,False,True
T00440_D038,T00440,D038,2,2025-08-21T09:00:00+07:00,2025-08-22T01:01:26+07:00,False,True
T00441_D003,T00441,D003,1,2025-08-21T12:30:00+07:00,2025-08-22T11:29:01+07:00,False,True
T00441_D004,T00441,D004,2,2025-08-21T12:30:00+07:00,2025-08-22T11:29:01+07:00,False,True
T00442_D015,T00442,D015,1,2025-08-21T15:15:00+07:00,2025-08-22T14:43:56+07:00,False,True
T00442_D016,T00442,D016,2,2025-08-21T15:15:00+07:00,2025-08-22T14:43:56+07:00,False,True
T00443_D027,T00443,D027,1,2025-08-21T16:15:00+07:00,2025-08-22T20:02:16+07:00,False,True
T00443_D028,T00443,D028,2,2025-08-21T16:15:00+07:00,2025-08-22T20:02:16+07:00,False,True
T00444_D045,T00444,D045,1,2025-08-21T17:45:00+07:00,2025-08-23T07:38:46+07:00,False,True
T00444_D046,T00444,D046,2,2025-08-21T17:45:00+07:00,2025-08-23T07:38:46+07:00,False,True
T00445_D001,T00445,D001,1,2025-08-22T16:45:00+07:00,2025-08-23T13:37:55+07:00,False,True
T00445_D002,T00445,D002,2,2025-08-22T16:45:00+07:00,2025-08-23T13:37:55+07:00,False,True
T00446_D021,T00446,D021,1,2025-08-22T17:30:00+07:00,2025-08-23T10:25:34+07:00,False,True
T00446_D022,T00446,D022,2,2025-08-22T17:30:00+07:00,2025-08-23T10:25:34+07:00,False,True
T00447_D035,T00447,D035,1,2025-08-23T08:45:00+07:00,2025-08-25T07:11:14+07:00,False,True
T00447_D036,T00447,D036,2,2025-08-23T08:45:00+07:00,2025-08-25T07:11:14+07:00,False,True
T00448_D011,T00448,D011,1,2025-08-23T10:00:00+07:00,2025-08-25T07:36:48+07:00,False,True
T00448_D012,T00448,D012,2,2025-08-23T10:00:00+07:00,2025-08-25T07:36:48+07:00,False,True
T00449_D047,T00449,D047,1,2025-08-23T12:00:00+07:00,2025-08-25T08:07:21+07:00,False,True
T00449_D048,T00449,D048,2,2025-08-23T12:00:00+07:00,2025-08-25T08:07:21+07:00,False,True
T00450_D039,T00450,D039,1,2025-08-23T14:15:00+07:00,2025-08-24T11:24:01+07:00,False,True
T00450_D040,T00450,D040,2,2025-08-23T14:15:00+07:00,2025-08-24T11:24:01+07:00,False,True
T00451_D013,T00451,D013,1,2025-08-23T14:45:00+07:00,2025-08-24T11:57:57+07:00,False,True
T00451_D014,T00451,D014,2,2025-08-23T14:45:00+07:00,2025-08-24T11:57:57+07:00,False,True
T00452_D033,T00452,D033,1,2025-08-23T15:30:00+07:00,2025-08-25T02:30:01+07:00,False,True
T00452_D034,T00452,D034,2,2025-08-23T15:30:00+07:00,2025-08-25T02:30:01+07:00,False,True
T00453_D027,T00453,D027,1,2025-08-23T17:00:00+07:00,2025-08-25T14:40:21+07:00,False,True
T00453_D028,T00453,D028,2,2025-08-23T17:00:00+07:00,2025-08-25T14:40:21+07:00,False,True
T00454_D021,T00454,D021,1,2025-08-24T09:00:00+07:00,2025-08-25T19:18:24+07:00,False,True
T00454_D022,T00454,D022,2,2025-08-24T09:00:00+07:00,2025-08-25T19:18:24+07:00,False,True
T00455_D007,T00455,D007,1,2025-08-24T13:00:00+07:00,2025-08-25T06:17:36+07:00,False,True
T00455_D008,T00455,D008,2,2025-08-24T13:00:00+07:00,2025-08-25T06:17:36+07:00,False,True
T00456_D023,T00456,D023,1,2025-08-25T08:15:00+07:00,2025-08-27T06:44:16+07:00,False,True
T00456_D024,T00456,D024,2,2025-08-25T08:15:00+07:00,2025-08-27T06:44:16+07:00,False,True
T00457_D029,T00457,D029,1,2025-08-25T11:15:00+07:00,2025-08-26T21:41:03+07:00,False,True
T00457_D030,T00457,D030,2,2025-08-25T11:15:00+07:00,2025-08-26T21:41:03+07:00,False,True
T00458_D009,T00458,D009,1,2025-08-25T11:30:00+07:00,2025-08-27T05:56:23+07:00,False,True
T00458_D010,T00458,D010,2,2025-08-25T11:30:00+07:00,2025-08-27T05:56:23+07:00,False,True
T00459_D037,T00459,D037,1,2025-08-25T11:30:00+07:00,2025-08-26T00:13:35+07:00,False,True
T00459_D038,T00459,D038,2,2025-08-25T11:30:00+07:00,2025-08-26T00:13:35+07:00,False,True
T00460_D015,T00460,D015,1,2025-08-25T15:00:00+07:00,2025-08-27T09:16:34+07:00,False,True
T00460_D016,T00460,D016,2,2025-08-25T15:00:00+07:00,2025-08-27T09:16:34+07:00,False,True
T00461_D033,T00461,D033,1,2025-08-25T18:15:00+07:00,2025-08-27T15:42:06+07:00,False,True
T00461_D034,T00461,D034,2,2025-08-25T18:15:00+07:00,2025-08-27T15:42:06+07:00,False,True
T00462_D005,T00462,D005,1,2025-08-26T11:00:00+07:00,2025-08-27T15:29:53+07:00,False,True
T00462_D006,T00462,D006,2,2025-08-26T11:00:00+07:00,2025-08-27T15:29:53+07:00,False,True
T00463_D041,T00463,D041,1,2025-08-26T16:00:00+07:00,2025-08-27T14:57:54+07:00,False,True
T00463_D042,T00463,D042,2,2025-08-26T16:00:00+07:00,2025-08-27T14:57:54+07:00,False,True
T00464_D027,T00464,D027,1,2025-08-27T12:30:00+07:00,2025-08-29T10:12:28+07:00,False,True
T00464_D028,T00464,D028,2,2025-08-27T12:30:00+07:00,2025-08-29T10:12:28+07:00,False,True
T00465_D003,T00465,D003,1,2025-08-27T14:15:00+07:00,2025-08-30T00:56:26+07:00,False,True
T00465_D004,T00465,D004,2,2025-08-27T14:15:00+07:00,2025-08-30T00:56:26+07:00,False,True
T00466_D043,T00466,D043,1,2025-08-27T18:15:00+07:00,2025-08-29T14:42:55+07:00,False,True
T00466_D044,T00466,D044,2,2025-08-27T18:15:00+07:00,2025-08-29T14:42:55+07:00,False,True
T00467_D029,T00467,D029,1,2025-08-28T12:45:00+07:00,2025-08-29T06:40:47+07:00,False,True
T00467_D030,T00467,D030,2,2025-08-28T12:45:00+07:00,2025-08-29T06:40:47+07:00,False,True
T00468_D033,T00468,D033,1,2025-08-28T15:00:00+07:00,2025-08-30T01:36:07+07:00,False,True
T00468_D034,T00468,D034,2,2025-08-28T15:00:00+07:00,2025-08-30T01:36:07+07:00,False,True
T00469_D047,T00469,D047,1,2025-08-29T10:30:00+07:00,2025-08-29T23:46:29+07:00,False,True
T00469_D048,T00469,D048,2,2025-08-29T10:30:00+07:00,2025-08-29T23:46:29+07:00,False,True
T00470_D045,T00470,D045,1,2025-08-29T10:45:00+07:00,2025-08-30T06:12:10+07:00,False,True
T00470_D046,T00470,D046,2,2025-08-29T10:45:00+07:00,2025-08-30T06:12:10+07:00,False,True
T00471_D035,T00471,D035,1,2025-08-30T09:15:00+07:00,2025-08-31T04:56:46+07:00,False,True
T00471_D036,T00471,D036,2,2025-08-30T09:15:00+07:00,2025-08-31T04:56:46+07:00,False,True
T00472_D027,T00472,D027,1,2025-08-30T09:30:00+07:00,2025-09-01T12:43:02+07:00,False,True
T00472_D028,T00472,D028,2,2025-08-30T09:30:00+07:00,2025-09-01T12:43:02+07:00,False,True
T00473_D015,T00473,D015,1,2025-08-30T15:30:00+07:00,2025-09-01T02:25:56+07:00,False,True
T00473_D016,T00473,D016,2,2025-08-30T15:30:00+07:00,2025-09-01T02:25:56+07:00,False,True
T00474_D041,T00474,D041,1,2025-08-31T08:30:00+07:00,2025-09-01T11:40:03+07:00,False,True
T00474_D042,T00474,D042,2,2025-08-31T08:30:00+07:00,2025-09-01T11:40:03+07:00,False,True
T00475_D017,T00475,D017,1,2025-08-31T09:30:00+07:00,2025-09-02T07:31:10+07:00,False,True
T00475_D018,T00475,D018,2,2025-08-31T09:30:00+07:00,2025-09-02T07:31:10+07:00,False,True
T00476_D021,T00476,D021,1,2025-09-01T10:45:00+07:00,2025-09-03T18:29:02+07:00,False,True
T00476_D022,T00476,D022,2,2025-09-01T10:45:00+07:00,2025-09-03T18:29:02+07:00,False,True
T00477_D045,T00477,D045,1,2025-09-01T12:15:00+07:00,2025-09-02T23:18:12+07:00,False,True
T00477_D046,T00477,D046,2,2025-09-01T12:15:00+07:00,2025-09-02T23:18:12+07:00,False,True
T00478_D037,T00478,D037,1,2025-09-02T14:30:00+07:00,2025-09-04T11:48:23+07:00,False,True
T00478_D038,T00478,D038,2,2025-09-02T14:30:00+07:00,2025-09-04T11:48:23+07:00,False,True
T00479_D011,T00479,D011,1,2025-09-02T16:15:00+07:00,2025-09-03T12:04:38+07:00,False,True
T00479_D012,T00479,D012,2,2025-09-02T16:15:00+07:00,2025-09-03T12:04:38+07:00,False,True
T00480_D047,T00480,D047,1,2025-09-02T17:00:00+07:00,2025-09-04T14:31:42+07:00,False,True
T00480_D048,T00480,D048,2,2025-09-02T17:00:00+07:00,2025-09-04T14:31:42+07:00,False,True
T00481_D035,T00481,D035,1,2025-09-03T08:15:00+07:00,2025-09-05T06:28:48+07:00,False,True
T00481_D036,T00481,D036,2,2025-09-03T08:15:00+07:00,2025-09-05T06:28:48+07:00,False,True
T00482_D003,T00482,D003,1,2025-09-03T13:00:00+07:00,2025-09-05T00:45:34+07:00,False,True
T00482_D004,T00482,D004,2,2025-09-03T13:00:00+07:00,2025-09-05T00:45:34+07:00,False,True
T00483_D007,T00483,D007,1,2025-09-03T13:15:00+07:00,2025-09-05T02:40:30+07:00,False,True
T00483_D008,T00483,D008,2,2025-09-03T13:15:00+07:00,2025-09-05T02:40:30+07:00,False,True
T00484_D041,T00484,D041,1,2025-09-03T16:15:00+07:00,2025-09-05T13:20:55+07:00,False,True
T00484_D042,T00484,D042,2,2025-09-03T16:15:00+07:00,2025-09-05T13:20:55+07:00,False,True
T00485_D017,T00485,D017,1,2025-09-03T17:00:00+07:00,2025-09-04T12:21:02+07:00,False,True
T00485_D018,T00485,D018,2,2025-09-03T17:00:00+07:00,2025-09-04T12:21:02+07:00,False,True
T00486_D019,T00486,D019,1,2025-09-03T18:15:00+07:00,2025-09-05T05:23:03+07:00,False,True
T00486_D020,T00486,D020,2,2025-09-03T18:15:00+07:00,2025-09-05T05:23:03+07:00,False,True
T00487_D033,T00487,D033,1,2025-09-03T18:30:00+07:00,2025-09-05T13:13:49+07:00,False,True
T00487_D034,T00487,D034,2,2025-09-03T18:30:00+07:00,2025-09-05T13:13:49+07:00,False,True
T00488_D031,T00488,D031,1,2025-09-04T08:30:00+07:00,2025-09-06T03:03:49+07:00,False,True
T00488_D032,T00488,D032,2,2025-09-04T08:30:00+07:00,2025-09-06T03:03:49+07:00,False,True
T00489_D005,T00489,D005,1,2025-09-04T09:15:00+07:00,2025-09-06T05:48:46+07:00,False,True
T00489_D006,T00489,D006,2,2025-09-04T09:15:00+07:00,2025-09-06T05:48:46+07:00,False,True
T00490_D015,T00490,D015,1,2025-09-04T09:15:00+07:00,2025-09-06T09:12:43+07:00,False,True
T00490_D016,T00490,D016,2,2025-09-04T09:15:00+07:00,2025-09-06T09:12:43+07:00,False,True
T00491_D009,T00491,D009,1,2025-09-04T12:00:00+07:00,2025-09-05T05:06:48+07:00,False,True
T00491_D010,T00491,D010,2,2025-09-04T12:00:00+07:00,2025-09-05T05:06:48+07:00,False,True
T00492_D025,T00492,D025,1,2025-09-04T14:45:00+07:00,2025-09-06T12:12:29+07:00,False,True
T00492_D026,T00492,D026,2,2025-09-04T14:45:00+07:00,2025-09-06T12:12:29+07:00,False,True
T00493_D039,T00493,D039,1,2025-09-04T17:30:00+07:00,2025-09-06T13:51:33+07:00,False,True
T00493_D040,T00493,D040,2,2025-09-04T17:30:00+07:00,2025-09-06T13:51:33+07:00,False,True
T00494_D011,T00494,D011,1,2025-09-04T17:45:00+07:00,2025-09-05T11:17:24+07:00,False,True
T00494_D012,T00494,D012,2,2025-09-04T17:45:00+07:00,2025-09-05T11:17:24+07:00,False,True
T00495_D017,T00495,D017,1,2025-09-05T08:15:00+07:00,2025-09-08T05:17:08+07:00,False,True
T00495_D018,T00495,D018,2,2025-09-05T08:15:00+07:00,2025-09-08T05:17:08+07:00,False,True
T00496_D045,T00496,D045,1,2025-09-05T14:30:00+07:00,2025-09-07T13:28:14+07:00,False,True
T00496_D046,T00496,D046,2,2025-09-05T14:30:00+07:00,2025-09-07T13:28:14+07:00,False,True
T00497_D043,T00497,D043,1,2025-09-05T16:00:00+07:00,2025-09-06T05:07:31+07:00,False,True
T00497_D044,T00497,D044,2,2025-09-05T16:00:00+07:00,2025-09-06T05:07:31+07:00,False,True
T00498_D001,T00498,D001,1,2025-09-06T08:30:00+07:00,2025-09-08T16:51:01+07:00,False,True
T00498_D002,T00498,D002,2,2025-09-06T08:30:00+07:00,2025-09-08T16:51:01+07:00,False,True
T00499_D013,T00499,D013,1,2025-09-06T09:30:00+07:00,2025-09-08T07:02:22+07:00,False,True
T00499_D014,T00499,D014,2,2025-09-06T09:30:00+07:00,2025-09-08T07:02:22+07:00,False,True
T00500_D011,T00500,D011,1,2025-09-06T12:30:00+07:00,2025-09-07T07:14:40+07:00,False,True
T00500_D012,T00500,D012,2,2025-09-06T12:30:00+07:00,2025-09-07T07:14:40+07:00,False,True
T00501_D023,T00501,D023,1,2025-09-06T13:30:00+07:00,2025-09-07T03:24:29+07:00,False,True
T00501_D024,T00501,D024,2,2025-09-06T13:30:00+07:00,2025-09-07T03:24:29+07:00,False,True
T00502_D033,T00502,D033,1,2025-09-06T14:30:00+07:00,2025-09-08T12:19:48+07:00,False,True
T00502_D034,T00502,D034,2,2025-09-06T14:30:00+07:00,2025-09-08T12:19:48+07:00,False,True
T00503_D009,T00503,D009,1,2025-09-07T10:15:00+07:00,2025-09-08T07:00:45+07:00,False,True
T00503_D010,T00503,D010,2,2025-09-07T10:15:00+07:00,2025-09-08T07:00:45+07:00,False,True
T00504_D027,T00504,D027,1,2025-09-07T11:00:00+07:00,2025-09-08T09:56:46+07:00,False,True
T00504_D028,T00504,D028,2,2025-09-07T11:00:00+07:00,2025-09-08T09:56:46+07:00,False,True
T00505_D003,T00505,D003,1,2025-09-07T12:15:00+07:00,2025-09-09T09:12:38+07:00,False,True
T00505_D004,T00505,D004,2,2025-09-07T12:15:00+07:00,2025-09-09T09:12:38+07:00,False,True
T00506_D039,T00506,D039,1,2025-09-07T13:30:00+07:00,2025-09-09T13:09:02+07:00,False,True
T00506_D040,T00506,D040,2,2025-09-07T13:30:00+07:00,2025-09-09T13:09:02+07:00,False,True
T00507_D031,T00507,D031,1,2025-09-07T14:15:00+07:00,2025-09-10T00:24:28+07:00,False,True
T00507_D032,T00507,D032,2,2025-09-07T14:15:00+07:00,2025-09-10T00:24:28+07:00,False,True
T00508_D045,T00508,D045,1,2025-09-08T08:45:00+07:00,2025-09-09T13:55:45+07:00,False,True
T00508_D046,T00508,D046,2,2025-09-08T08:45:00+07:00,2025-09-09T13:55:45+07:00,False,True
T00509_D037,T00509,D037,1,2025-09-08T08:45:00+07:00,2025-09-10T05:51:27+07:00,False,True
T00509_D038,T00509,D038,2,2025-09-08T08:45:00+07:00,2025-09-10T05:51:27+07:00,False,True
T00510_D015,T00510,D015,1,2025-09-08T10:30:00+07:00,2025-09-09T09:27:47+07:00,False,True
T00510_D016,T00510,D016,2,2025-09-08T10:30:00+07:00,2025-09-09T09:27:47+07:00,False,True
T00511_D011,T00511,D011,1,2025-09-08T12:30:00+07:00,2025-09-10T11:04:43+07:00,False,True
T00511_D012,T00511,D012,2,2025-09-08T12:30:00+07:00,2025-09-10T11:04:43+07:00,False,True
T00512_D007,T00512,D007,1,2025-09-08T14:15:00+07:00,2025-09-10T10:50:05+07:00,False,True
T00512_D008,T00512,D008,2,2025-09-08T14:15:00+07:00,2025-09-10T10:50:05+07:00,False,True
T00513_D047,T00513,D047,1,2025-09-08T15:00:00+07:00,2025-09-10T02:33:38+07:00,False,True
T00513_D048,T00513,D048,2,2025-09-08T15:00:00+07:00,2025-09-10T02:33:38+07:00,False,True
T00514_D019,T00514,D019,1,2025-09-08T16:00:00+07:00,2025-09-10T02:36:02+07:00,False,True
T00514_D020,T00514,D020,2,2025-09-08T16:00:00+07:00,2025-09-10T02:36:02+07:00,False,True
T00515_D017,T00515,D017,1,2025-09-09T08:30:00+07:00,2025-09-11T06:04:28+07:00,False,True
T00515_D018,T00515,D018,2,2025-09-09T08:30:00+07:00,2025-09-11T06:04:28+07:00,False,True
T00516_D023,T00516,D023,1,2025-09-09T10:00:00+07:00,2025-09-10T07:04:29+07:00,False,True
T00516_D024,T00516,D024,2,2025-09-09T10:00:00+07:00,2025-09-10T07:04:29+07:00,False,True
T00517_D013,T00517,D013,1,2025-09-09T10:45:00+07:00,2025-09-11T07:48:13+07:00,False,True
T00517_D014,T00517,D014,2,2025-09-09T10:45:00+07:00,2025-09-11T07:48:13+07:00,False,True
T00518_D001,T00518,D001,1,2025-09-09T11:15:00+07:00,2025-09-11T04:33:01+07:00,False,True
T00518_D002,T00518,D002,2,2025-09-09T11:15:00+07:00,2025-09-11T04:33:01+07:00,False,True
T00519_D021,T00519,D021,1,2025-09-09T14:00:00+07:00,2025-09-11T02:19:07+07:00,False,True
T00519_D022,T00519,D022,2,2025-09-09T14:00:00+07:00,2025-09-11T02:19:07+07:00,False,True
T00520_D043,T00520,D043,1,2025-09-09T16:30:00+07:00,2025-09-10T08:31:24+07:00,False,True
T00520_D044,T00520,D044,2,2025-09-09T16:30:00+07:00,2025-09-10T08:31:24+07:00,False,True
T00521_D009,T00521,D009,1,2025-09-09T16:30:00+07:00,2025-09-11T12:45:37+07:00,False,True
T00521_D010,T00521,D010,2,2025-09-09T16:30:00+07:00,2025-09-11T12:45:37+07:00,False,True
T00522_D027,T00522,D027,1,2025-09-09T17:00:00+07:00,2025-09-11T04:28:44+07:00,False,True
T00522_D028,T00522,D028,2,2025-09-09T17:00:00+07:00,2025-09-11T04:28:44+07:00,False,True
T00523_D003,T00523,D003,1,2025-09-10T10:30:00+07:00,2025-09-11T06:59:12+07:00,False,True
T00523_D004,T00523,D004,2,2025-09-10T10:30:00+07:00,2025-09-11T06:59:12+07:00,False,True
T00524_D029,T00524,D029,1,2025-09-11T08:30:00+07:00,2025-09-13T06:01:09+07:00,False,True
T00524_D030,T00524,D030,2,2025-09-11T08:30:00+07:00,2025-09-13T06:01:09+07:00,False,True
T00525_D039,T00525,D039,1,2025-09-11T08:45:00+07:00,2025-09-12T04:05:00+07:00,False,True
T00525_D040,T00525,D040,2,2025-09-11T08:45:00+07:00,2025-09-12T04:05:00+07:00,False,True
T00526_D041,T00526,D041,1,2025-09-11T12:30:00+07:00,2025-09-13T10:43:23+07:00,False,True
T00526_D042,T00526,D042,2,2025-09-11T12:30:00+07:00,2025-09-13T10:43:23+07:00,False,True
T00527_D047,T00527,D047,1,2025-09-11T15:45:00+07:00,2025-09-13T01:24:56+07:00,False,True
T00527_D048,T00527,D048,2,2025-09-11T15:45:00+07:00,2025-09-13T01:24:56+07:00,False,True
T00528_D011,T00528,D011,1,2025-09-11T17:15:00+07:00,2025-09-12T14:15:33+07:00,False,True
T00528_D012,T00528,D012,2,2025-09-11T17:15:00+07:00,2025-09-12T14:15:33+07:00,False,True
T00529_D035,T00529,D035,1,2025-09-11T17:15:00+07:00,2025-09-13T12:43:57+07:00,False,True
T00529_D036,T00529,D036,2,2025-09-11T17:15:00+07:00,2025-09-13T12:43:57+07:00,False,True
T00530_D043,T00530,D043,1,2025-09-11T18:30:00+07:00,2025-09-12T10:56:13+07:00,False,True
T00530_D044,T00530,D044,2,2025-09-11T18:30:00+07:00,2025-09-12T10:56:13+07:00,False,True
T00531_D015,T00531,D015,1,2025-09-12T10:30:00+07:00,2025-09-13T10:36:21+07:00,False,True
T00531_D016,T00531,D016,2,2025-09-12T10:30:00+07:00,2025-09-13T10:36:21+07:00,False,True
T00532_D021,T00532,D021,1,2025-09-12T10:30:00+07:00,2025-09-14T08:29:24+07:00,False,True
T00532_D022,T00532,D022,2,2025-09-12T10:30:00+07:00,2025-09-14T08:29:24+07:00,False,True
T00533_D019,T00533,D019,1,2025-09-12T11:00:00+07:00,2025-09-14T08:35:44+07:00,False,True
T00533_D020,T00533,D020,2,2025-09-12T11:00:00+07:00,2025-09-14T08:35:44+07:00,False,True
T00534_D017,T00534,D017,1,2025-09-12T18:45:00+07:00,2025-09-13T18:52:51+07:00,False,True
T00534_D018,T00534,D018,2,2025-09-12T18:45:00+07:00,2025-09-13T18:52:51+07:00,False,True
T00535_D013,T00535,D013,1,2025-09-13T09:45:00+07:00,2025-09-15T02:36:31+07:00,False,True
T00535_D014,T00535,D014,2,2025-09-13T09:45:00+07:00,2025-09-15T02:36:31+07:00,False,True
T00536_D005,T00536,D005,1,2025-09-13T11:45:00+07:00,2025-09-15T08:34:46+07:00,False,True
T00536_D006,T00536,D006,2,2025-09-13T11:45:00+07:00,2025-09-15T08:34:46+07:00,False,True
T00537_D045,T00537,D045,1,2025-09-13T13:00:00+07:00,2025-09-15T10:21:33+07:00,False,True
T00537_D046,T00537,D046,2,2025-09-13T13:00:00+07:00,2025-09-15T10:21:33+07:00,False,True
T00538_D027,T00538,D027,1,2025-09-14T10:45:00+07:00,2025-09-16T09:45:36+07:00,False,True
T00538_D028,T00538,D028,2,2025-09-14T10:45:00+07:00,2025-09-16T09:45:36+07:00,False,True
T00539_D039,T00539,D039,1,2025-09-14T13:30:00+07:00,2025-09-16T07:17:59+07:00,False,True
T00539_D040,T00539,D040,2,2025-09-14T13:30:00+07:00,2025-09-16T07:17:59+07:00,False,True
T00540_D037,T00540,D037,1,2025-09-14T13:45:00+07:00,2025-09-16T00:00:08+07:00,False,True
T00540_D038,T00540,D038,2,2025-09-14T13:45:00+07:00,2025-09-16T00:00:08+07:00,False,True
T00541_D031,T00541,D031,1,2025-09-14T17:00:00+07:00,2025-09-15T11:58:58+07:00,False,True
T00541_D032,T00541,D032,2,2025-09-14T17:00:00+07:00,2025-09-15T11:58:58+07:00,False,True
T00542_D001,T00542,D001,1,2025-09-14T18:15:00+07:00,2025-09-16T04:28:39+07:00,False,True
T00542_D002,T00542,D002,2,2025-09-14T18:15:00+07:00,2025-09-16T04:28:39+07:00,False,True
T00543_D007,T00543,D007,1,2025-09-15T11:30:00+07:00,2025-09-17T08:41:04+07:00,False,True
T00543_D008,T00543,D008,2,2025-09-15T11:30:00+07:00,2025-09-17T08:41:04+07:00,False,True
T00544_D003,T00544,D003,1,2025-09-15T12:45:00+07:00,2025-09-16T01:11:47+07:00,False,True
T00544_D004,T00544,D004,2,2025-09-15T12:45:00+07:00,2025-09-16T01:11:47+07:00,False,True
T00545_D025,T00545,D025,1,2025-09-15T13:45:00+07:00,2025-09-17T01:33:17+07:00,False,True
T00545_D026,T00545,D026,2,2025-09-15T13:45:00+07:00,2025-09-17T01:33:17+07:00,False,True
T00546_D047,T00546,D047,1,2025-09-15T14:45:00+07:00,2025-09-17T11:22:09+07:00,False,True
T00546_D048,T00546,D048,2,2025-09-15T14:45:00+07:00,2025-09-17T11:22:09+07:00,False,True
T00547_D029,T00547,D029,1,2025-09-16T09:30:00+07:00,2025-09-17T14:15:20+07:00,False,True
T00547_D030,T00547,D030,2,2025-09-16T09:30:00+07:00,2025-09-17T14:15:20+07:00,False,True
T00548_D015,T00548,D015,1,2025-09-16T11:45:00+07:00,2025-09-18T10:13:37+07:00,False,True
T00548_D016,T00548,D016,2,2025-09-16T11:45:00+07:00,2025-09-18T10:13:37+07:00,False,True
T00549_D013,T00549,D013,1,2025-09-16T14:00:00+07:00,2025-09-18T12:59:40+07:00,False,True
T00549_D014,T00549,D014,2,2025-09-16T14:00:00+07:00,2025-09-18T12:59:40+07:00,False,True
T00550_D017,T00550,D017,1,2025-09-17T12:15:00+07:00,2025-09-18T22:59:41+07:00,False,True
T00550_D018,T00550,D018,2,2025-09-17T12:15:00+07:00,2025-09-18T22:59:41+07:00,False,True
T00551_D041,T00551,D041,1,2025-09-17T12:45:00+07:00,2025-09-19T17:47:56+07:00,False,True
T00551_D042,T00551,D042,2,2025-09-17T12:45:00+07:00,2025-09-19T17:47:56+07:00,False,True
T00552_D035,T00552,D035,1,2025-09-17T15:00:00+07:00,2025-09-19T01:29:47+07:00,False,True
T00552_D036,T00552,D036,2,2025-09-17T15:00:00+07:00,2025-09-19T01:29:47+07:00,False,True
T00553_D011,T00553,D011,1,2025-09-17T18:45:00+07:00,2025-09-19T04:47:31+07:00,False,True
T00553_D012,T00553,D012,2,2025-09-17T18:45:00+07:00,2025-09-19T04:47:31+07:00,False,True
T00554_D005,T00554,D005,1,2025-09-18T09:00:00+07:00,2025-09-19T08:42:45+07:00,False,True
T00554_D006,T00554,D006,2,2025-09-18T09:00:00+07:00,2025-09-19T08:42:45+07:00,False,True
T00555_D043,T00555,D043,1,2025-09-18T09:15:00+07:00,2025-09-20T02:08:05+07:00,False,True
T00555_D044,T00555,D044,2,2025-09-18T09:15:00+07:00,2025-09-20T02:08:05+07:00,False,True
T00556_D031,T00556,D031,1,2025-09-18T09:15:00+07:00,2025-09-18T22:12:47+07:00,False,True
T00556_D032,T00556,D032,2,2025-09-18T09:15:00+07:00,2025-09-18T22:12:47+07:00,False,True
T00557_D029,T00557,D029,1,2025-09-18T10:00:00+07:00,2025-09-19T06:51:34+07:00,False,True
T00557_D030,T00557,D030,2,2025-09-18T10:00:00+07:00,2025-09-19T06:51:34+07:00,False,True
T00558_D009,T00558,D009,1,2025-09-18T11:00:00+07:00,2025-09-20T09:40:14+07:00,False,True
T00558_D010,T00558,D010,2,2025-09-18T11:00:00+07:00,2025-09-20T09:40:14+07:00,False,True
T00559_D045,T00559,D045,1,2025-09-18T13:30:00+07:00,2025-09-19T07:53:43+07:00,False,True
T00559_D046,T00559,D046,2,2025-09-18T13:30:00+07:00,2025-09-19T07:53:43+07:00,False,True
T00560_D037,T00560,D037,1,2025-09-18T15:30:00+07:00,2025-09-20T13:28:42+07:00,False,True
T00560_D038,T00560,D038,2,2025-09-18T15:30:00+07:00,2025-09-20T13:28:42+07:00,False,True
T00561_D003,T00561,D003,1,2025-09-18T15:30:00+07:00,2025-09-20T13:23:00+07:00,False,True
T00561_D004,T00561,D004,2,2025-09-18T15:30:00+07:00,2025-09-20T13:23:00+07:00,False,True
T00562_D025,T00562,D025,1,2025-09-18T17:15:00+07:00,2025-09-19T23:35:28+07:00,False,True
T00562_D026,T00562,D026,2,2025-09-18T17:15:00+07:00,2025-09-19T23:35:28+07:00,False,True
T00563_D019,T00563,D019,1,2025-09-18T18:45:00+07:00,2025-09-20T14:38:59+07:00,False,True
T00563_D020,T00563,D020,2,2025-09-18T18:45:00+07:00,2025-09-20T14:38:59+07:00,False,True
T00564_D015,T00564,D015,1,2025-09-19T10:00:00+07:00,2025-09-21T07:38:19+07:00,False,True
T00564_D016,T00564,D016,2,2025-09-19T10:00:00+07:00,2025-09-21T07:38:19+07:00,False,True
T00565_D031,T00565,D031,1,2025-09-19T16:45:00+07:00,2025-09-21T22:43:55+07:00,False,True
T00565_D032,T00565,D032,2,2025-09-19T16:45:00+07:00,2025-09-21T22:43:55+07:00,False,True
T00566_D021,T00566,D021,1,2025-09-20T08:00:00+07:00,2025-09-20T20:17:55+07:00,False,True
T00566_D022,T00566,D022,2,2025-09-20T08:00:00+07:00,2025-09-20T20:17:55+07:00,False,True
T00567_D041,T00567,D041,1,2025-09-21T11:30:00+07:00,2025-09-23T08:52:59+07:00,False,True
T00567_D042,T00567,D042,2,2025-09-21T11:30:00+07:00,2025-09-23T08:52:59+07:00,False,True
T00568_D045,T00568,D045,1,2025-09-21T12:00:00+07:00,2025-09-23T10:21:21+07:00,False,True
T00568_D046,T00568,D046,2,2025-09-21T12:00:00+07:00,2025-09-23T10:21:21+07:00,False,True
T00569_D029,T00569,D029,1,2025-09-21T14:30:00+07:00,2025-09-23T13:20:32+07:00,False,True
T00569_D030,T00569,D030,2,2025-09-21T14:30:00+07:00,2025-09-23T13:20:32+07:00,False,True
T00570_D017,T00570,D017,1,2025-09-21T15:15:00+07:00,2025-09-23T12:43:48+07:00,False,True
T00570_D018,T00570,D018,2,2025-09-21T15:15:00+07:00,2025-09-23T12:43:48+07:00,False,True
T00571_D021,T00571,D021,1,2025-09-21T17:30:00+07:00,2025-09-22T16:48:50+07:00,False,True
T00571_D022,T00571,D022,2,2025-09-21T17:30:00+07:00,2025-09-22T16:48:50+07:00,False,True
T00572_D027,T00572,D027,1,2025-09-21T18:00:00+07:00,2025-09-23T14:50:24+07:00,False,True
T00572_D028,T00572,D028,2,2025-09-21T18:00:00+07:00,2025-09-23T14:50:24+07:00,False,True
T00573_D005,T00573,D005,1,2025-09-22T14:30:00+07:00,2025-09-24T02:30:31+07:00,False,True
T00573_D006,T00573,D006,2,2025-09-22T14:30:00+07:00,2025-09-24T02:30:31+07:00,False,True
T00574_D011,T00574,D011,1,2025-09-22T15:45:00+07:00,2025-09-24T17:25:47+07:00,False,True
T00574_D012,T00574,D012,2,2025-09-22T15:45:00+07:00,2025-09-24T17:25:47+07:00,False,True
T00575_D001,T00575,D001,1,2025-09-22T18:30:00+07:00,2025-09-24T17:13:11+07:00,False,True
T00575_D002,T00575,D002,2,2025-09-22T18:30:00+07:00,2025-09-24T17:13:11+07:00,False,True
T00576_D043,T00576,D043,1,2025-09-23T08:45:00+07:00,2025-09-24T19:44:29+07:00,False,True
T00576_D044,T00576,D044,2,2025-09-23T08:45:00+07:00,2025-09-24T19:44:29+07:00,False,True
T00577_D009,T00577,D009,1,2025-09-23T09:45:00+07:00,2025-09-23T22:34:42+07:00,False,True
T00577_D010,T00577,D010,2,2025-09-23T09:45:00+07:00,2025-09-23T22:34:42+07:00,False,True
T00578_D025,T00578,D025,1,2025-09-23T14:00:00+07:00,2025-09-25T11:42:01+07:00,False,True
T00578_D026,T00578,D026,2,2025-09-23T14:00:00+07:00,2025-09-25T11:42:01+07:00,False,True
T00579_D021,T00579,D021,1,2025-09-23T15:45:00+07:00,2025-09-25T12:38:17+07:00,False,True
T00579_D022,T00579,D022,2,2025-09-23T15:45:00+07:00,2025-09-25T12:38:17+07:00,False,True
T00580_D041,T00580,D041,1,2025-09-24T10:30:00+07:00,2025-09-25T05:34:13+07:00,False,True
T00580_D042,T00580,D042,2,2025-09-24T10:30:00+07:00,2025-09-25T05:34:13+07:00,False,True
T00581_D011,T00581,D011,1,2025-09-25T15:00:00+07:00,2025-09-26T18:55:48+07:00,False,True
T00581_D012,T00581,D012,2,2025-09-25T15:00:00+07:00,2025-09-26T18:55:48+07:00,False,True
T00582_D023,T00582,D023,1,2025-09-25T15:45:00+07:00,2025-09-27T12:50:10+07:00,False,True
T00582_D024,T00582,D024,2,2025-09-25T15:45:00+07:00,2025-09-27T12:50:10+07:00,False,True
T00583_D035,T00583,D035,1,2025-09-25T18:30:00+07:00,2025-09-26T13:34:51+07:00,False,True
T00583_D036,T00583,D036,2,2025-09-25T18:30:00+07:00,2025-09-26T13:34:51+07:00,False,True
T00584_D041,T00584,D041,1,2025-09-25T18:45:00+07:00,2025-09-27T11:42:39+07:00,False,True
T00584_D042,T00584,D042,2,2025-09-25T18:45:00+07:00,2025-09-27T11:42:39+07:00,False,True
T00585_D001,T00585,D001,1,2025-09-26T09:00:00+07:00,2025-09-28T07:59:58+07:00,False,True
T00585_D002,T00585,D002,2,2025-09-26T09:00:00+07:00,2025-09-28T07:59:58+07:00,False,True
T00586_D003,T00586,D003,1,2025-09-26T10:00:00+07:00,2025-09-27T20:21:56+07:00,False,True
T00586_D004,T00586,D004,2,2025-09-26T10:00:00+07:00,2025-09-27T20:21:56+07:00,False,True
T00587_D013,T00587,D013,1,2025-09-26T13:45:00+07:00,2025-09-28T10:04:20+07:00,False,True
T00587_D014,T00587,D014,2,2025-09-26T13:45:00+07:00,2025-09-28T10:04:20+07:00,False,True
T00588_D043,T00588,D043,1,2025-09-26T18:15:00+07:00,2025-09-28T03:59:32+07:00,False,True
T00588_D044,T00588,D044,2,2025-09-26T18:15:00+07:00,2025-09-28T03:59:32+07:00,False,True
T00589_D047,T00589,D047,1,2025-09-27T09:15:00+07:00,2025-09-29T05:21:21+07:00,False,True
T00589_D048,T00589,D048,2,2025-09-27T09:15:00+07:00,2025-09-29T05:21:21+07:00,False,True
T00590_D031,T00590,D031,1,2025-09-28T13:00:00+07:00,2025-09-29T11:55:03+07:00,False,True
T00590_D032,T00590,D032,2,2025-09-28T13:00:00+07:00,2025-09-29T11:55:03+07:00,False,True
T00591_D041,T00591,D041,1,2025-09-28T14:30:00+07:00,2025-09-30T07:40:46+07:00,False,True
T00591_D042,T00591,D042,2,2025-09-28T14:30:00+07:00,2025-09-30T07:40:46+07:00,False,True
T00592_D035,T00592,D035,1,2025-09-28T15:30:00+07:00,2025-09-29T15:35:48+07:00,False,True
T00592_D036,T00592,D036,2,2025-09-28T15:30:00+07:00,2025-09-29T15:35:48+07:00,False,True
T00593_D029,T00593,D029,1,2025-09-29T08:30:00+07:00,2025-09-30T02:20:00+07:00,False,True
T00593_D030,T00593,D030,2,2025-09-29T08:30:00+07:00,2025-09-30T02:20:00+07:00,False,True
T00594_D025,T00594,D025,1,2025-09-29T14:00:00+07:00,,False,True
T00594_D026,T00594,D026,2,2025-09-29T14:00:00+07:00,,False,True
T00595_D005,T00595,D005,1,2025-09-29T15:00:00+07:00,,False,True
T00595_D006,T00595,D006,2,2025-09-29T15:00:00+07:00,,False,True
T00596_D009,T00596,D009,1,2025-09-29T18:15:00+07:00,,False,True
T00596_D010,T00596,D010,2,2025-09-29T18:15:00+07:00,,False,True
T00597_D047,T00597,D047,1,2025-09-30T10:00:00+07:00,,False,True
T00597_D048,T00597,D048,2,2025-09-30T10:00:00+07:00,,False,True
T00598_D013,T00598,D013,1,2025-09-30T11:15:00+07:00,,False,True
T00598_D014,T00598,D014,2,2025-09-30T11:15:00+07:00,,False,True
T00599_D031,T00599,D031,1,2025-09-30T15:30:00+07:00,,False,True
T00599_D032,T00599,D032,2,2025-09-30T15:30:00+07:00,,False,True
T00600_D011,T00600,D011,1,2025-09-30T18:30:00+07:00,,False,True
T00600_D012,T00600,D012,2,2025-09-30T18:30:00+07:00,,False,True
T00601_D049,T00601,D049,1,2025-04-02T10:07:00+07:00,2025-04-02T15:31:01+07:00,False,True
T00602_D054,T00602,D054,1,2025-04-03T08:00:00+07:00,2025-04-03T14:21:13+07:00,False,True
T00603_D059,T00603,D059,1,2025-04-03T08:00:00+07:00,2025-04-03T13:03:51+07:00,False,True
T00604_D053,T00604,D053,1,2025-04-03T08:00:00+07:00,2025-04-03T14:00:06+07:00,False,True
T00605_D050,T00605,D050,1,2025-04-03T08:32:00+07:00,2025-04-03T14:03:14+07:00,False,True
T00606_D052,T00606,D052,1,2025-04-03T15:31:00+07:00,2025-04-03T17:52:52+07:00,False,True
T00607_D060,T00607,D060,1,2025-04-03T15:48:00+07:00,2025-04-03T21:41:25+07:00,False,True
T00608_D058,T00608,D058,1,2025-04-04T08:00:00+07:00,2025-04-04T13:52:24+07:00,False,True
T00609_D055,T00609,D055,1,2025-04-04T08:00:00+07:00,2025-04-04T13:44:08+07:00,False,True
T00610_D060,T00610,D060,1,2025-04-04T13:03:00+07:00,2025-04-04T15:02:35+07:00,False,True
T00611_D053,T00611,D053,1,2025-04-04T14:00:00+07:00,2025-04-04T15:40:27+07:00,False,True
T00612_D051,T00612,D051,1,2025-04-04T14:03:00+07:00,2025-04-04T16:42:24+07:00,False,True
T00613_D054,T00613,D054,1,2025-04-04T14:21:00+07:00,2025-04-04T16:31:42+07:00,False,True
T00614_D050,T00614,D050,1,2025-04-04T14:51:00+07:00,2025-04-04T20:02:26+07:00,False,True
T00615_D062,T00615,D062,1,2025-04-05T08:00:00+07:00,2025-04-05T13:21:46+07:00,False,True
T00616_D059,T00616,D059,1,2025-04-05T08:00:00+07:00,2025-04-05T10:55:41+07:00,False,True
T00617_D055,T00617,D055,1,2025-04-05T13:44:00+07:00,2025-04-05T16:43:53+07:00,False,True
T00618_D050,T00618,D050,1,2025-04-06T08:00:00+07:00,2025-04-06T09:40:48+07:00,False,True
T00619_D062,T00619,D062,1,2025-04-06T13:21:00+07:00,2025-04-06T15:51:04+07:00,False,True
T00620_D061,T00620,D061,1,2025-04-07T08:00:00+07:00,2025-04-07T14:20:57+07:00,False,True
T00621_D065,T00621,D065,1,2025-04-07T08:00:00+07:00,2025-04-07T13:07:20+07:00,False,True
T00622_D064,T00622,D064,1,2025-04-07T08:00:00+07:00,2025-04-07T14:15:48+07:00,False,True
T00623_D050,T00623,D050,1,2025-04-08T08:00:00+07:00,2025-04-08T13:34:11+07:00,False,True
T00624_D049,T00624,D049,1,2025-04-08T11:51:00+07:00,2025-04-08T17:36:16+07:00,False,True
T00625_D066,T00625,D066,1,2025-04-08T13:07:00+07:00,2025-04-08T15:32:08+07:00,False,True
T00626_D054,T00626,D054,1,2025-04-09T08:00:00+07:00,2025-04-09T13:36:29+07:00,False,True
T00627_D057,T00627,D057,1,2025-04-09T08:00:00+07:00,2025-04-09T13:57:44+07:00,False,True
T00628_D060,T00628,D060,1,2025-04-09T08:00:00+07:00,2025-04-09T13:23:39+07:00,False,True
T00629_D050,T00629,D050,1,2025-04-09T11:42:00+07:00,2025-04-09T16:33:05+07:00,False,True
T00630_D049,T00630,D049,1,2025-04-09T11:42:00+07:00,2025-04-09T14:24:40+07:00,False,True
T00631_D059,T00631,D059,1,2025-04-10T08:00:00+07:00,2025-04-10T12:49:34+07:00,False,True
T00632_D054,T00632,D054,1,2025-04-10T08:00:00+07:00,2025-04-10T13:33:30+07:00,False,True
T00633_D052,T00633,D052,1,2025-04-10T08:00:00+07:00,2025-04-10T11:13:26+07:00,False,True
T00634_D060,T00634,D060,1,2025-04-10T13:23:00+07:00,2025-04-10T15:28:52+07:00,False,True
T00635_D053,T00635,D053,1,2025-04-10T13:36:00+07:00,2025-04-10T16:07:44+07:00,False,True
T00636_D057,T00636,D057,1,2025-04-10T13:57:00+07:00,2025-04-10T16:14:02+07:00,False,True
T00637_D051,T00637,D051,1,2025-04-11T08:00:00+07:00,2025-04-11T13:22:07+07:00,False,True
T00638_D055,T00638,D055,1,2025-04-11T08:00:00+07:00,2025-04-11T13:48:50+07:00,False,True
T00639_D061,T00639,D061,1,2025-04-11T08:00:00+07:00,2025-04-11T13:05:58+07:00,False,True
T00640_D049,T00640,D049,1,2025-04-11T08:00:00+07:00,2025-04-11T10:31:25+07:00,False,True
T00641_D050,T00641,D050,1,2025-04-11T08:13:00+07:00,2025-04-11T13:51:20+07:00,False,True
T00642_D052,T00642,D052,1,2025-04-11T08:24:00+07:00,2025-04-11T13:41:46+07:00,False,True
T00643_D060,T00643,D060,1,2025-04-11T12:49:00+07:00,2025-04-11T14:50:04+07:00,False,True
T00644_D053,T00644,D053,1,2025-04-11T13:33:00+07:00,2025-04-11T16:11:37+07:00,False,True
T00645_D061,T00645,D061,1,2025-04-12T08:00:00+07:00,2025-04-12T13:29:58+07:00,False,True
T00646_D050,T00646,D050,1,2025-04-12T11:51:00+07:00,2025-04-12T16:45:38+07:00,False,True
T00647_D062,T00647,D062,1,2025-04-12T13:05:00+07:00,2025-04-12T15:24:03+07:00,False,True
T00648_D056,T00648,D056,1,2025-04-13T08:00:00+07:00,2025-04-13T13:41:47+07:00,False,True
T00649_D059,T00649,D059,1,2025-04-13T08:00:00+07:00,2025-04-13T13:29:27+07:00,False,True
T00650_D061,T00650,D061,1,2025-04-13T13:29:00+07:00,2025-04-13T15:44:29+07:00,False,True
T00651_D050,T00651,D050,1,2025-04-14T08:00:00+07:00,2025-04-14T13:10:13+07:00,False,True
T00652_D052,T00652,D052,1,2025-04-14T08:00:00+07:00,2025-04-14T10:24:35+07:00,False,True
T00653_D059,T00653,D059,1,2025-04-14T13:29:00+07:00,2025-04-14T15:39:12+07:00,False,True
T00654_D056,T00654,D056,1,2025-04-14T13:41:00+07:00,2025-04-14T16:17:45+07:00,False,True
T00655_D066,T00655,D066,1,2025-04-15T08:00:00+07:00,2025-04-15T12:56:00+07:00,False,True
T00656_D063,T00656,D063,1,2025-04-15T08:00:00+07:00,2025-04-15T13:47:35+07:00,False,True
T00657_D053,T00657,D053,1,2025-04-15T08:00:00+07:00,2025-04-15T13:12:45+07:00,False,True
T00658_D062,T00658,D062,1,2025-04-15T08:00:00+07:00,2025-04-15T13:10:43+07:00,False,True
T00659_D051,T00659,D051,1,2025-04-15T13:10:00+07:00,2025-04-15T16:01:24+07:00,False,True
T00660_D064,T00660,D064,1,2025-04-16T13:47:00+07:00,2025-04-16T15:42:41+07:00,False,True
T00661_D066,T00661,D066,1,2025-04-17T08:00:00+07:00,2025-04-17T13:51:37+07:00,False,True
T00662_D065,T00662,D065,1,2025-04-18T13:51:00+07:00,2025-04-18T16:07:24+07:00,False,True
T00663_D060,T00663,D060,1,2025-04-19T08:00:00+07:00,2025-04-19T13:12:06+07:00,False,True
T00664_D057,T00664,D057,1,2025-04-19T08:00:00+07:00,2025-04-19T13:52:32+07:00,False,True
T00665_D053,T00665,D053,1,2025-04-19T14:18:00+07:00,2025-04-19T19:47:07+07:00,False,True
T00666_D050,T00666,D050,1,2025-04-20T08:00:00+07:00,2025-04-20T14:25:50+07:00,False,True
T00667_D055,T00667,D055,1,2025-04-20T08:00:00+07:00,2025-04-20T13:22:43+07:00,False,True
T00668_D065,T00668,D065,1,2025-04-20T08:00:00+07:00,2025-04-20T13:32:49+07:00,False,True
T00669_D066,T00669,D066,1,2025-04-20T08:00:00+07:00,2025-04-20T09:58:36+07:00,False,True
T00670_D064,T00670,D064,1,2025-04-20T08:00:00+07:00,2025-04-20T14:12:53+07:00,False,True
T00671_D059,T00671,D059,1,2025-04-20T13:12:00+07:00,2025-04-20T16:06:29+07:00,False,True
T00672_D057,T00672,D057,1,2025-04-20T13:52:00+07:00,2025-04-20T16:42:43+07:00,False,True
T00673_D069,T00673,D069,1,2025-04-21T08:00:00+07:00,2025-04-21T13:44:34+07:00,False,True
T00674_D070,T00674,D070,1,2025-04-21T08:00:00+07:00,2025-04-21T13:44:09+07:00,False,True
T00675_D066,T00675,D066,1,2025-04-21T08:00:00+07:00,2025-04-21T12:55:26+07:00,False,True
T00676_D065,T00676,D065,1,2025-04-21T08:00:00+07:00,2025-04-21T13:53:16+07:00,False,True
T00677_D054,T00677,D054,1,2025-04-21T08:00:00+07:00,2025-04-21T10:06:39+07:00,False,True
T00678_D049,T00678,D049,1,2025-04-21T12:34:00+07:00,2025-04-21T18:12:46+07:00,False,True
T00679_D056,T00679,D056,1,2025-04-21T13:22:00+07:00,2025-04-21T15:29:14+07:00,False,True
T00680_D066,T00680,D066,1,2025-04-22T08:00:00+07:00,2025-04-22T10:25:02+07:00,False,True
T00681_D049,T00681,D049,1,2025-04-22T08:00:00+07:00,2025-04-22T13:58:33+07:00,False,True
T00682_D056,T00682,D056,1,2025-04-22T08:00:00+07:00,2025-04-22T14:05:44+07:00,False,True
T00683_D065,T00683,D065,1,2025-04-22T12:55:00+07:00,2025-04-22T15:02:29+07:00,False,True
T00684_D069,T00684,D069,1,2025-04-22T13:44:00+07:00,2025-04-22T15:46:50+07:00,False,True
T00685_D065,T00685,D065,1,2025-04-23T08:00:00+07:00,2025-04-23T11:00:58+07:00,False,True
T00686_D063,T00686,D063,1,2025-04-23T08:00:00+07:00,2025-04-23T13:33:40+07:00,False,True
T00687_D049,T00687,D049,1,2025-04-23T08:00:00+07:00,2025-04-23T13:19:55+07:00,False,True
T00688_D051,T00688,D051,1,2025-04-23T08:00:00+07:00,2025-04-23T10:39:54+07:00,False,True
T00689_D052,T00689,D052,1,2025-04-23T11:03:00+07:00,2025-04-23T16:45:55+07:00,False,True
T00690_D050,T00690,D050,1,2025-04-23T13:58:00+07:00,2025-04-23T16:12:19+07:00,False,True
T00691_D055,T00691,D055,1,2025-04-23T14:05:00+07:00,2025-04-23T16:05:04+07:00,False,True
T00692_D062,T00692,D062,1,2025-04-24T08:00:00+07:00,2025-04-24T13:30:22+07:00,False,True
T00693_D053,T00693,D053,1,2025-04-24T08:00:00+07:00,2025-04-24T13:38:37+07:00,False,True
T00694_D056,T00694,D056,1,2025-04-24T08:00:00+07:00,2025-04-24T13:39:44+07:00,False,True
T00695_D057,T00695,D057,1,2025-04-24T08:00:00+07:00,2025-04-24T13:27:34+07:00,False,True
T00696_D063,T00696,D063,1,2025-04-24T13:33:00+07:00,2025-04-24T15:28:41+07:00,False,True
T00697_D051,T00697,D051,1,2025-04-25T08:00:00+07:00,2025-04-25T09:42:41+07:00,False,True
T00698_D057,T00698,D057,1,2025-04-25T13:27:00+07:00,2025-04-25T16:05:17+07:00,False,True
T00699_D061,T00699,D061,1,2025-04-25T13:30:00+07:00,2025-04-25T15:52:41+07:00,False,True
T00700_D053,T00700,D053,1,2025-04-25T13:38:00+07:00,2025-04-25T15:32:26+07:00,False,True
T00701_D056,T00701,D056,1,2025-04-25T13:39:00+07:00,2025-04-25T15:39:50+07:00,False,True
T00702_D056,T00702,D056,1,2025-04-26T08:00:00+07:00,2025-04-26T13:32:45+07:00,False,True
T00703_D056,T00703,D056,1,2025-04-27T08:00:00+07:00,2025-04-27T14:28:49+07:00,False,True
T00704_D052,T00704,D052,1,2025-04-27T08:00:00+07:00,2025-04-27T12:51:05+07:00,False,True
T00705_D051,T00705,D051,1,2025-04-27T08:00:00+07:00,2025-04-27T13:36:38+07:00,False,True
T00706_D050,T00706,D050,1,2025-04-27T09:52:00+07:00,2025-04-27T15:59:36+07:00,False,True
T00707_D053,T00707,D053,1,2025-04-28T08:00:00+07:00,2025-04-28T13:05:34+07:00,False,True
T00708_D049,T00708,D049,1,2025-04-28T13:36:00+07:00,2025-04-28T15:57:32+07:00,False,True
T00709_D055,T00709,D055,1,2025-04-28T14:28:00+07:00,2025-04-28T16:27:24+07:00,False,True
T00710_D050,T00710,D050,1,2025-04-28T15:59:00+07:00,2025-04-28T18:31:04+07:00,False,True
T00711_D055,T00711,D055,1,2025-04-29T08:00:00+07:00,2025-04-29T13:13:54+07:00,False,True
T00712_D068,T00712,D068,1,2025-04-29T08:00:00+07:00,2025-04-29T13:23:37+07:00,False,True
T00713_D067,T00713,D067,1,2025-04-29T08:00:00+07:00,2025-04-29T10:29:06+07:00,False,True
T00714_D054,T00714,D054,1,2025-04-29T08:00:00+07:00,2025-04-29T13:42:55+07:00,False,True
T00715_D061,T00715,D061,1,2025-04-29T08:00:00+07:00,2025-04-29T13:57:27+07:00,False,True
T00716_D068,T00716,D068,1,2025-04-30T10:29:00+07:00,2025-04-30T12:39:35+07:00,False,True
T00717_D050,T00717,D050,1,2025-04-30T10:52:00+07:00,2025-04-30T16:00:00+07:00,False,True
T00718_D055,T00718,D055,1,2025-04-30T13:13:00+07:00,2025-04-30T15:38:39+07:00,False,True
T00719_D067,T00719,D067,1,2025-04-30T13:23:00+07:00,2025-04-30T16:05:53+07:00,False,True
T00720_D059,T00720,D059,1,2025-05-01T08:00:00+07:00,2025-05-01T13:49:15+07:00,False,True
T00721_D049,T00721,D049,1,2025-05-01T11:25:00+07:00,2025-05-01T17:33:04+07:00,False,True
T00722_D049,T00722,D049,1,2025-05-02T08:00:00+07:00,2025-05-02T13:44:43+07:00,False,True
T00723_D056,T00723,D056,1,2025-05-02T08:00:00+07:00,2025-05-02T14:17:02+07:00,False,True
T00724_D050,T00724,D050,1,2025-05-02T08:00:00+07:00,2025-05-02T11:14:21+07:00,False,True
T00725_D058,T00725,D058,1,2025-05-03T08:00:00+07:00,2025-05-03T13:09:22+07:00,False,True
T00726_D057,T00726,D057,1,2025-05-04T08:00:00+07:00,2025-05-04T10:05:31+07:00,False,True
T00727_D052,T00727,D052,1,2025-05-03T08:00:00+07:00,2025-05-03T10:28:57+07:00,False,True
T00728_D051,T00728,D051,1,2025-05-03T13:44:00+07:00,2025-05-03T16:27:43+07:00,False,True
T00729_D055,T00729,D055,1,2025-05-03T14:17:00+07:00,2025-05-03T16:43:58+07:00,False,True
T00730_D058,T00730,D058,1,2025-05-04T08:00:00+07:00,2025-05-04T13:00:11+07:00,False,True
T00731_D055,T00731,D055,1,2025-05-04T08:00:00+07:00,2025-05-04T14:31:15+07:00,False,True
T00732_D057,T00732,D057,1,2025-05-05T08:00:00+07:00,2025-05-05T13:04:19+07:00,False,True
T00733_D056,T00733,D056,1,2025-05-04T08:00:00+07:00,2025-05-04T14:10:25+07:00,False,True
T00734_D058,T00734,D058,1,2025-05-05T08:00:00+07:00,2025-05-05T13:27:47+07:00,False,True
T00735_D049,T00735,D049,1,2025-05-04T09:59:00+07:00,2025-05-04T15:38:20+07:00,False,True
T00736_D057,T00736,D057,1,2025-05-06T08:00:00+07:00,2025-05-06T09:59:07+07:00,False,True
T00737_D053,T00737,D053,1,2025-05-05T08:14:00+07:00,2025-05-05T14:08:16+07:00,False,True
T00738_D058,T00738,D058,1,2025-05-06T08:00:00+07:00,2025-05-06T10:27:07+07:00,False,True
T00739_D055,T00739,D055,1,2025-05-05T14:10:00+07:00,2025-05-05T16:36:26+07:00,False,True
T00740_D056,T00740,D056,1,2025-05-05T14:31:00+07:00,2025-05-05T17:19:26+07:00,False,True
T00741_D051,T00741,D051,1,2025-05-05T15:38:00+07:00,2025-05-05T17:30:52+07:00,False,True
T00742_D050,T00742,D050,1,2025-05-06T08:00:00+07:00,2025-05-06T13:13:09+07:00,False,True
T00743_D057,T00743,D057,1,2025-05-07T08:00:00+07:00,2025-05-07T11:00:51+07:00,False,True
T00744_D053,T00744,D053,1,2025-05-06T14:08:00+07:00,2025-05-06T16:39:23+07:00,False,True
T00745_D067,T00745,D067,1,2025-05-07T10:24:00+07:00,2025-05-07T15:22:23+07:00,False,True
T00746_D055,T00746,D055,1,2025-05-08T08:00:00+07:00,2025-05-08T14:15:39+07:00,False,True
T00747_D051,T00747,D051,1,2025-05-08T08:00:00+07:00,2025-05-08T13:54:00+07:00,False,True
T00748_D052,T00748,D052,1,2025-05-08T08:00:00+07:00,2025-05-08T13:30:53+07:00,False,True
T00749_D054,T00749,D054,1,2025-05-08T08:18:00+07:00,2025-05-08T14:05:26+07:00,False,True
T00750_D068,T00750,D068,1,2025-05-08T15:22:00+07:00,2025-05-08T18:01:21+07:00,False,True
T00751_D061,T00751,D061,1,2025-05-09T08:00:00+07:00,2025-05-09T14:28:14+07:00,False,True
T00752_D049,T00752,D049,1,2025-05-09T08:00:00+07:00,2025-05-09T13:51:08+07:00,False,True
T00753_D051,T00753,D051,1,2025-05-09T08:00:00+07:00,2025-05-09T13:28:37+07:00,False,True
T00754_D069,T00754,D069,1,2025-05-09T08:00:00+07:00,2025-05-09T13:58:05+07:00,False,True
T00755_D052,T00755,D052,1,2025-05-09T13:30:00+07:00,2025-05-09T15:39:29+07:00,False,True
T00756_D050,T00756,D050,1,2025-05-09T13:54:00+07:00,2025-05-09T16:16:19+07:00,False,True
T00757_D053,T00757,D053,1,2025-05-09T14:05:00+07:00,2025-05-09T17:01:45+07:00,False,True
T00758_D056,T00758,D056,1,2025-05-09T14:15:00+07:00,2025-05-09T15:53:57+07:00,False,True
T00759_D055,T00759,D055,1,2025-05-10T08:00:00+07:00,2025-05-10T13:26:26+07:00,False,True
T00760_D054,T00760,D054,1,2025-05-10T08:00:00+07:00,2025-05-10T13:58:48+07:00,False,True
T00761_D051,T00761,D051,1,2025-05-10T13:28:00+07:00,2025-05-10T16:04:31+07:00,False,True
T00762_D049,T00762,D049,1,2025-05-10T13:51:00+07:00,2025-05-10T16:19:04+07:00,False,True
T00763_D057,T00763,D057,1,2025-05-10T15:39:00+07:00,2025-05-10T21:30:14+07:00,False,True
T00764_D051,T00764,D051,1,2025-05-11T08:00:00+07:00,2025-05-11T13:36:58+07:00,False,True
T00765_D064,T00765,D064,1,2025-05-11T08:00:00+07:00,2025-05-11T13:57:25+07:00,False,True
T00766_D054,T00766,D054,1,2025-05-11T13:58:00+07:00,2025-05-11T16:06:27+07:00,False,True
T00767_D051,T00767,D051,1,2025-05-12T08:00:00+07:00,2025-05-12T13:15:16+07:00,False,True
T00768_D049,T00768,D049,1,2025-05-12T13:36:00+07:00,2025-05-12T16:32:09+07:00,False,True
T00769_D063,T00769,D063,1,2025-05-12T13:57:00+07:00,2025-05-12T16:16:52+07:00,False,True
T00770_D053,T00770,D053,1,2025-05-13T08:00:00+07:00,2025-05-13T13:48:16+07:00,False,True
T00771_D054,T00771,D054,1,2025-05-13T08:00:00+07:00,2025-05-13T14:10:16+07:00,False,True
T00772_D069,T00772,D069,1,2025-05-13T08:00:00+07:00,2025-05-13T14:05:30+07:00,False,True
T00773_D059,T00773,D059,1,2025-05-14T08:00:00+07:00,2025-05-14T12:58:28+07:00,False,True
T00774_D050,T00774,D050,1,2025-05-14T10:48:00+07:00,2025-05-14T16:42:21+07:00,False,True
T00775_D070,T00775,D070,1,2025-05-14T14:05:00+07:00,2025-05-14T16:11:06+07:00,False,True
T00776_D051,T00776,D051,1,2025-05-15T08:00:00+07:00,2025-05-15T13:43:47+07:00,False,True
T00777_D057,T00777,D057,1,2025-05-15T08:00:00+07:00,2025-05-15T13:35:12+07:00,False,True
T00778_D061,T00778,D061,1,2025-05-15T08:00:00+07:00,2025-05-15T13:49:10+07:00,False,True
T00779_D060,T00779,D060,1,2025-05-15T12:58:00+07:00,2025-05-15T14:51:29+07:00,False,True
T00780_D063,T00780,D063,1,2025-05-16T08:00:00+07:00,2025-05-16T14:16:17+07:00,False,True
T00781_D053,T00781,D053,1,2025-05-16T08:00:00+07:00,2025-05-16T13:52:08+07:00,False,True
T00782_D058,T00782,D058,1,2025-05-16T13:35:00+07:00,2025-05-16T16:16:53+07:00,False,True
T00783_D051,T00783,D051,1,2025-05-16T13:43:00+07:00,2025-05-16T15:53:23+07:00,False,True
T00784_D061,T00784,D061,1,2025-05-16T13:49:00+07:00,2025-05-16T16:08:32+07:00,False,True
T00785_D050,T00785,D050,1,2025-05-17T08:00:00+07:00,2025-05-17T12:52:46+07:00,False,True
T00786_D049,T00786,D049,1,2025-05-17T08:55:00+07:00,2025-05-17T14:15:47+07:00,False,True
T00787_D065,T00787,D065,1,2025-05-18T08:00:00+07:00,2025-05-18T13:25:50+07:00,False,True
T00788_D063,T00788,D063,1,2025-05-18T08:00:00+07:00,2025-05-18T13:05:08+07:00,False,True
T00789_D064,T00789,D064,1,2025-05-18T08:00:00+07:00,2025-05-18T13:03:52+07:00,False,True
T00790_D052,T00790,D052,1,2025-05-18T12:52:00+07:00,2025-05-18T15:17:22+07:00,False,True
T00791_D049,T00791,D049,1,2025-05-18T14:15:00+07:00,2025-05-18T16:48:46+07:00,False,True
T00792_D052,T00792,D052,1,2025-05-19T08:00:00+07:00,2025-05-19T14:08:55+07:00,False,True
T00793_D055,T00793,D055,1,2025-05-19T08:00:00+07:00,2025-05-19T13:31:53+07:00,False,True
T00794_D063,T00794,D063,1,2025-05-19T08:00:00+07:00,2025-05-19T14:09:10+07:00,False,True
T00795_D051,T00795,D051,1,2025-05-19T10:02:00+07:00,2025-05-19T16:03:14+07:00,False,True
T00796_D064,T00796,D064,1,2025-05-19T13:03:00+07:00,2025-05-19T15:34:59+07:00,False,True
T00797_D063,T00797,D063,1,2025-05-20T08:00:00+07:00,2025-05-20T10:26:32+07:00,False,True
T00798_D065,T00798,D065,1,2025-05-20T08:00:00+07:00,2025-05-20T14:27:50+07:00,False,True
T00799_D062,T00799,D062,1,2025-05-20T08:00:00+07:00,2025-05-20T13:08:47+07:00,False,True
T00800_D051,T00800,D051,1,2025-05-20T14:08:00+07:00,2025-05-20T17:17:04+07:00,False,True
T00801_D064,T00801,D064,1,2025-05-20T14:09:00+07:00,2025-05-20T16:57:47+07:00,False,True
T00802_D054,T00802,D054,1,2025-05-21T08:00:00+07:00,2025-05-21T13:34:57+07:00,False,True
T00803_D055,T00803,D055,1,2025-05-21T08:00:00+07:00,2025-05-21T13:23:23+07:00,False,True
T00804_D051,T00804,D051,1,2025-05-21T08:00:00+07:00,2025-05-21T10:43:45+07:00,False,True
T00805_D061,T00805,D061,1,2025-05-21T13:08:00+07:00,2025-05-21T15:36:11+07:00,False,True
T00806_D065,T00806,D065,1,2025-05-21T14:27:00+07:00,2025-05-21T16:47:51+07:00,False,True
T00807_D052,T00807,D052,1,2025-05-22T08:00:00+07:00,2025-05-22T13:35:56+07:00,False,True
T00808_D058,T00808,D058,1,2025-05-22T08:00:00+07:00,2025-05-22T13:41:23+07:00,False,True
T00809_D056,T00809,D056,1,2025-05-22T13:23:00+07:00,2025-05-22T15:59:23+07:00,False,True
T00810_D060,T00810,D060,1,2025-05-22T13:31:00+07:00,2025-05-22T19:16:59+07:00,False,True
T00811_D051,T00811,D051,1,2025-05-23T08:00:00+07:00,2025-05-23T13:39:23+07:00,False,True
T00812_D068,T00812,D068,1,2025-05-23T08:00:00+07:00,2025-05-23T13:53:02+07:00,False,True
T00813_D054,T00813,D054,1,2025-05-23T08:00:00+07:00,2025-05-23T14:09:58+07:00,False,True
T00814_D070,T00814,D070,1,2025-05-23T08:00:00+07:00,2025-05-23T14:45:31+07:00,False,True
T00815_D053,T00815,D053,1,2025-05-23T08:00:00+07:00,2025-05-23T13:28:03+07:00,False,True
T00816_D064,T00816,D064,1,2025-05-23T08:00:00+07:00,2025-05-23T13:49:01+07:00,False,True
T00817_D055,T00817,D055,1,2025-05-23T08:00:00+07:00,2025-05-23T14:24:41+07:00,False,True
T00818_D049,T00818,D049,1,2025-05-23T13:35:00+07:00,2025-05-23T16:09:28+07:00,False,True
T00819_D058,T00819,D058,1,2025-05-23T13:41:00+07:00,2025-05-23T15:23:00+07:00,False,True
T00820_D052,T00820,D052,1,2025-05-24T08:00:00+07:00,2025-05-24T13:45:07+07:00,False,True
T00821_D068,T00821,D068,1,2025-05-24T08:34:00+07:00,2025-05-24T14:34:34+07:00,False,True
T00822_D053,T00822,D053,1,2025-05-24T13:28:00+07:00,2025-05-24T15:07:42+07:00,False,True
T00823_D049,T00823,D049,1,2025-05-24T13:39:00+07:00,2025-05-24T16:50:20+07:00,False,True
T00824_D067,T00824,D067,1,2025-05-24T13:53:00+07:00,2025-05-24T15:39:05+07:00,False,True
T00825_D056,T00825,D056,1,2025-05-24T14:24:00+07:00,2025-05-24T16:10:47+07:00,False,True
T00826_D069,T00826,D069,1,2025-05-24T14:45:00+07:00,2025-05-24T16:50:03+07:00,False,True
T00827_D051,T00827,D051,1,2025-05-25T08:00:00+07:00,2025-05-25T12:52:19+07:00,False,True
T00828_D064,T00828,D064,1,2025-05-25T08:00:00+07:00,2025-05-25T13:39:39+07:00,False,True
T00829_D052,T00829,D052,1,2025-05-25T11:39:00+07:00,2025-05-25T17:12:47+07:00,False,True
T00830_D049,T00830,D049,1,2025-05-25T13:36:00+07:00,2025-05-25T19:04:41+07:00,False,True
T00831_D050,T00831,D050,1,2025-05-25T13:45:00+07:00,2025-05-25T16:10:03+07:00,False,True
T00832_D067,T00832,D067,1,2025-05-25T14:34:00+07:00,2025-05-25T16:50:46+07:00,False,True
T00833_D070,T00833,D070,1,2025-05-26T08:00:00+07:00,2025-05-26T13:24:22+07:00,False,True
T00834_D052,T00834,D052,1,2025-05-26T12:52:00+07:00,2025-05-26T14:40:37+07:00,False,True
T00835_D056,T00835,D056,1,2025-05-27T08:00:00+07:00,2025-05-27T14:06:00+07:00,False,True
T00836_D058,T00836,D058,1,2025-05-27T08:00:00+07:00,2025-05-27T14:28:45+07:00,False,True
T00837_D050,T00837,D050,1,2025-05-27T08:00:00+07:00,2025-05-27T10:41:07+07:00,False,True
T00838_D051,T00838,D051,1,2025-05-27T08:00:00+07:00,2025-05-27T11:13:12+07:00,False,True
T00839_D052,T00839,D052,1,2025-05-27T08:11:00+07:00,2025-05-27T13:36:39+07:00,False,True
T00840_D069,T00840,D069,1,2025-05-27T13:24:00+07:00,2025-05-27T15:24:45+07:00,False,True
T00841_D059,T00841,D059,1,2025-05-28T08:00:00+07:00,2025-05-28T14:27:07+07:00,False,True
T00842_D061,T00842,D061,1,2025-05-28T08:00:00+07:00,2025-05-28T13:21:24+07:00,False,True
T00843_D062,T00843,D062,1,2025-05-28T08:00:00+07:00,2025-05-28T13:52:36+07:00,False,True
T00844_D051,T00844,D051,1,2025-05-28T13:36:00+07:00,2025-05-28T16:03:04+07:00,False,True
T00845_D058,T00845,D058,1,2025-05-28T14:28:00+07:00,2025-05-28T17:01:08+07:00,False,True
T00846_D062,T00846,D062,1,2025-05-29T08:00:00+07:00,2025-05-29T13:48:31+07:00,False,True
T00847_D054,T00847,D054,1,2025-05-29T08:00:00+07:00,2025-05-29T13:50:53+07:00,False,True
T00848_D061,T00848,D061,1,2025-05-29T08:00:00+07:00,2025-05-29T13:45:35+07:00,False,True
T00849_D050,T00849,D050,1,2025-05-29T08:00:00+07:00,2025-05-29T12:50:07+07:00,False,True
T00850_D055,T00850,D055,1,2025-05-29T08:00:00+07:00,2025-05-29T13:11:14+07:00,False,True
T00851_D056,T00851,D056,1,2025-05-29T08:00:00+07:00,2025-05-29T13:41:15+07:00,False,True
T00852_D060,T00852,D060,1,2025-05-29T08:00:00+07:00,2025-05-29T14:11:52+07:00,False,True
T00853_D061,T00853,D061,1,2025-05-30T08:00:00+07:00,2025-05-30T10:40:48+07:00,False,True
T00854_D062,T00854,D062,1,2025-05-30T08:00:00+07:00,2025-05-30T09:52:45+07:00,False,True
T00855_D067,T00855,D067,1,2025-05-30T08:00:00+07:00,2025-05-30T13:53:51+07:00,False,True
T00856_D053,T00856,D053,1,2025-05-30T08:00:00+07:00,2025-05-30T13:28:37+07:00,False,True
T00857_D063,T00857,D063,1,2025-05-30T08:00:00+07:00,2025-05-30T13:53:39+07:00,False,True
T00858_D062,T00858,D062,1,2025-05-31T08:00:00+07:00,2025-05-31T10:53:15+07:00,False,True
T00859_D061,T00859,D061,1,2025-05-31T08:00:00+07:00,2025-05-31T10:35:01+07:00,False,True
T00860_D060,T00860,D060,1,2025-05-30T14:11:00+07:00,2025-05-30T16:49:49+07:00,False,True
T00861_D054,T00861,D054,1,2025-05-31T08:00:00+07:00,2025-05-31T13:19:29+07:00,False,True
T00862_D053,T00862,D053,1,2025-05-31T08:00:00+07:00,2025-05-31T13:01:30+07:00,False,True
T00863_D059,T00863,D059,1,2025-05-31T08:00:00+07:00,2025-05-31T13:41:55+07:00,False,True
T00864_D054,T00864,D054,1,2025-06-01T08:00:00+07:00,2025-06-01T09:44:32+07:00,False,True
T00865_D068,T00865,D068,1,2025-05-31T13:53:00+07:00,2025-05-31T15:56:58+07:00,False,True
T00866_D063,T00866,D063,1,2025-05-31T13:53:00+07:00,2025-05-31T16:19:19+07:00,False,True
T00867_D053,T00867,D053,1,2025-06-01T13:01:00+07:00,2025-06-01T15:41:19+07:00,False,True
T00868_D053,T00868,D053,1,2025-06-02T08:00:00+07:00,2025-06-02T11:03:23+07:00,False,True
T00869_D059,T00869,D059,1,2025-06-01T13:41:00+07:00,2025-06-01T15:39:27+07:00,False,True
T00870_D050,T00870,D050,1,2025-06-02T08:00:00+07:00,2025-06-02T13:54:59+07:00,False,True
T00871_D049,T00871,D049,1,2025-06-02T08:00:00+07:00,2025-06-02T13:40:59+07:00,False,True
T00872_D061,T00872,D061,1,2025-06-02T08:00:00+07:00,2025-06-02T13:44:57+07:00,False,True
T00873_D058,T00873,D058,1,2025-06-02T08:00:00+07:00,2025-06-02T13:45:43+07:00,False,True
T00874_D051,T00874,D051,1,2025-06-02T11:49:00+07:00,2025-06-02T17:19:36+07:00,False,True
T00875_D060,T00875,D060,1,2025-06-03T08:00:00+07:00,2025-06-03T13:59:03+07:00,False,True
T00876_D051,T00876,D051,1,2025-06-03T08:00:00+07:00,2025-06-03T14:35:04+07:00,False,True
T00877_D059,T00877,D059,1,2025-06-03T08:00:00+07:00,2025-06-03T13:14:38+07:00,False,True
T00878_D053,T00878,D053,1,2025-06-03T08:00:00+07:00,2025-06-03T14:11:07+07:00,False,True
T00879_D052,T00879,D052,1,2025-06-03T08:50:00+07:00,2025-06-03T14:38:46+07:00,False,True
T00880_D068,T00880,D068,1,2025-06-03T09:45:00+07:00,2025-06-03T15:11:47+07:00,False,True
T00881_D057,T00881,D057,1,2025-06-03T13:45:00+07:00,2025-06-03T15:58:55+07:00,False,True
T00882_D049,T00882,D049,1,2025-06-03T13:54:00+07:00,2025-06-03T16:29:00+07:00,False,True
T00883_D055,T00883,D055,1,2025-06-04T08:00:00+07:00,2025-06-04T14:06:11+07:00,False,True
T00884_D067,T00884,D067,1,2025-06-04T08:00:00+07:00,2025-06-04T13:05:53+07:00,False,True
T00885_D049,T00885,D049,1,2025-06-04T08:00:00+07:00,2025-06-04T10:55:03+07:00,False,True
T00886_D060,T00886,D060,1,2025-06-04T13:14:00+07:00,2025-06-04T15:35:12+07:00,False,True
T00887_D059,T00887,D059,1,2025-06-04T13:59:00+07:00,2025-06-04T16:36:15+07:00,False,True
T00888_D059,T00888,D059,1,2025-06-05T08:00:00+07:00,2025-06-05T14:24:16+07:00,False,True
T00889_D054,T00889,D054,1,2025-06-04T14:11:00+07:00,2025-06-04T16:12:34+07:00,False,True
T00890_D052,T00890,D052,1,2025-06-04T14:38:00+07:00,2025-06-04T17:42:47+07:00,False,True
T00891_D050,T00891,D050,1,2025-06-05T08:00:00+07:00,2025-06-05T14:26:52+07:00,False,True
T00892_D064,T00892,D064,1,2025-06-05T08:00:00+07:00,2025-06-05T13:52:21+07:00,False,True
T00893_D063,T00893,D063,1,2025-06-05T08:00:00+07:00,2025-06-05T10:12:39+07:00,False,True
T00894_D049,T00894,D049,1,2025-06-05T08:00:00+07:00,2025-06-05T14:05:58+07:00,False,True
T00895_D051,T00895,D051,1,2025-06-05T09:03:00+07:00,2025-06-05T14:13:05+07:00,False,True
T00896_D052,T00896,D052,1,2025-06-05T09:54:00+07:00,2025-06-05T15:43:49+07:00,False,True
T00897_D067,T00897,D067,1,2025-06-05T13:05:00+07:00,2025-06-05T16:44:04+07:00,False,True
T00898_D056,T00898,D056,1,2025-06-05T14:06:00+07:00,2025-06-05T17:11:45+07:00,False,True
T00899_D053,T00899,D053,1,2025-06-06T08:00:00+07:00,2025-06-06T13:52:57+07:00,False,True
T00900_D051,T00900,D051,1,2025-06-06T10:17:00+07:00,2025-06-06T15:26:48+07:00,False,True
T00901_D049,T00901,D049,1,2025-06-06T11:21:00+07:00,2025-06-06T16:20:27+07:00,False,True
T00902_D052,T00902,D052,1,2025-06-06T14:05:00+07:00,2025-06-06T15:46:11+07:00,False,True
T00903_D050,T00903,D050,1,2025-06-06T14:13:00+07:00,2025-06-06T16:13:18+07:00,False,True
T00904_D060,T00904,D060,1,2025-06-06T14:24:00+07:00,2025-06-06T17:24:02+07:00,False,True
T00905_D049,T00905,D049,1,2025-06-07T08:00:00+07:00,2025-06-07T10:15:37+07:00,False,True
T00906_D051,T00906,D051,1,2025-06-07T08:00:00+07:00,2025-06-07T14:13:45+07:00,False,True
T00907_D052,T00907,D052,1,2025-06-07T08:00:00+07:00,2025-06-07T14:19:14+07:00,False,True
T00908_D053,T00908,D053,1,2025-06-07T08:00:00+07:00,2025-06-07T13:04:34+07:00,False,True
T00909_D054,T00909,D054,1,2025-06-07T13:52:00+07:00,2025-06-07T15:56:47+07:00,False,True
T00910_D053,T00910,D053,1,2025-06-08T08:00:00+07:00,2025-06-08T12:56:09+07:00,False,True
T00911_D061,T00911,D061,1,2025-06-08T08:00:00+07:00,2025-06-08T14:08:28+07:00,False,True
T00912_D055,T00912,D055,1,2025-06-08T08:00:00+07:00,2025-06-08T13:00:35+07:00,False,True
T00913_D056,T00913,D056,1,2025-06-08T08:00:00+07:00,2025-06-08T09:31:50+07:00,False,True
T00914_D054,T00914,D054,1,2025-06-08T13:04:00+07:00,2025-06-08T16:07:07+07:00,False,True
T00915_D052,T00915,D052,1,2025-06-08T14:13:00+07:00,2025-06-08T15:53:01+07:00,False,True
T00916_D050,T00916,D050,1,2025-06-08T14:19:00+07:00,2025-06-08T16:55:39+07:00,False,True
T00917_D053,T00917,D053,1,2025-06-09T08:00:00+07:00,2025-06-09T13:35:51+07:00,False,True
T00918_D049,T00918,D049,1,2025-06-09T08:00:00+07:00,2025-06-09T14:51:55+07:00,False,True
T00919_D054,T00919,D054,1,2025-06-09T12:56:00+07:00,2025-06-09T15:06:54+07:00,False,True
T00920_D061,T00920,D061,1,2025-06-09T14:08:00+07:00,2025-06-09T17:06:51+07:00,False,True
T00921_D053,T00921,D053,1,2025-06-10T08:00:00+07:00,2025-06-10T14:10:13+07:00,False,True
T00922_D049,T00922,D049,1,2025-06-10T14:12:00+07:00,2025-06-10T20:22:54+07:00,False,True
T00923_D060,T00923,D060,1,2025-06-11T08:00:00+07:00,2025-06-11T13:23:56+07:00,False,True
T00924_D059,T00924,D059,1,2025-06-11T08:00:00+07:00,2025-06-11T10:36:57+07:00,False,True
T00925_D070,T00925,D070,1,2025-06-11T08:00:00+07:00,2025-06-11T13:37:18+07:00,False,True
T00926_D051,T00926,D051,1,2025-06-11T08:00:00+07:00,2025-06-11T14:20:46+07:00,False,True
T00927_D052,T00927,D052,1,2025-06-11T12:41:00+07:00,2025-06-11T18:06:12+07:00,False,True
T00928_D050,T00928,D050,1,2025-06-11T13:55:00+07:00,2025-06-11T19:16:11+07:00,False,True
T00929_D054,T00929,D054,1,2025-06-11T14:10:00+07:00,2025-06-11T17:01:40+07:00,False,True
T00930_D062,T00930,D062,1,2025-06-12T08:00:00+07:00,2025-06-12T14:35:55+07:00,False,True
T00931_D051,T00931,D051,1,2025-06-12T08:00:00+07:00,2025-06-12T14:07:22+07:00,False,True
T00932_D069,T00932,D069,1,2025-06-12T08:00:00+07:00,2025-06-12T13:48:52+07:00,False,True
T00933_D053,T00933,D053,1,2025-06-12T08:00:00+07:00,2025-06-12T13:02:14+07:00,False,True
T00934_D050,T00934,D050,1,2025-06-12T08:00:00+07:00,2025-06-12T10:15:55+07:00,False,True
T00935_D060,T00935,D060,1,2025-06-12T13:14:00+07:00,2025-06-12T19:22:41+07:00,False,True
T00936_D070,T00936,D070,1,2025-06-12T13:37:00+07:00,2025-06-12T16:17:29+07:00,False,True
T00937_D052,T00937,D052,1,2025-06-12T14:20:00+07:00,2025-06-12T17:08:29+07:00,False,True
T00938_D057,T00938,D057,1,2025-06-13T08:00:00+07:00,2025-06-13T13:15:57+07:00,False,True
T00939_D049,T00939,D049,1,2025-06-13T08:00:00+07:00,2025-06-13T10:19:09+07:00,False,True
T00940_D053,T00940,D053,1,2025-06-13T13:02:00+07:00,2025-06-13T15:47:14+07:00,False,True
T00941_D070,T00941,D070,1,2025-06-13T13:48:00+07:00,2025-06-13T16:44:59+07:00,False,True
T00942_D050,T00942,D050,1,2025-06-13T14:07:00+07:00,2025-06-13T16:26:33+07:00,False,True
T00943_D061,T00943,D061,1,2025-06-13T14:35:00+07:00,2025-06-13T16:45:56+07:00,False,True
T00944_D062,T00944,D062,1,2025-06-13T14:38:00+07:00,2025-06-13T20:03:16+07:00,False,True
T00945_D052,T00945,D052,1,2025-06-14T08:00:00+07:00,2025-06-14T13:10:20+07:00,False,True
T00946_D055,T00946,D055,1,2025-06-14T08:00:00+07:00,2025-06-14T13:05:24+07:00,False,True
T00947_D060,T00947,D060,1,2025-06-14T08:00:00+07:00,2025-06-14T10:03:48+07:00,False,True
T00948_D070,T00948,D070,1,2025-06-15T08:00:00+07:00,2025-06-15T13:51:32+07:00,False,True
T00949_D056,T00949,D056,1,2025-06-15T08:00:00+07:00,2025-06-15T13:41:09+07:00,False,True
T00950_D065,T00950,D065,1,2025-06-15T08:00:00+07:00,2025-06-15T13:27:07+07:00,False,True
T00951_D061,T00951,D061,1,2025-06-15T08:00:00+07:00,2025-06-15T10:28:10+07:00,False,True
T00952_D055,T00952,D055,1,2025-06-15T13:05:00+07:00,2025-06-15T15:29:31+07:00,False,True
T00953_D056,T00953,D056,1,2025-06-16T08:00:00+07:00,2025-06-16T13:26:44+07:00,False,True
T00954_D057,T00954,D057,1,2025-06-16T08:00:00+07:00,2025-06-16T13:27:15+07:00,False,True
T00955_D064,T00955,D064,1,2025-06-16T08:00:00+07:00,2025-06-16T14:01:16+07:00,False,True
T00956_D055,T00956,D055,1,2025-06-16T08:00:00+07:00,2025-06-16T14:03:45+07:00,False,True
T00957_D066,T00957,D066,1,2025-06-16T08:00:00+07:00,2025-06-16T13:16:18+07:00,False,True
T00958_D060,T00958,D060,1,2025-06-16T11:50:00+07:00,2025-06-16T17:14:29+07:00,False,True
T00959_D052,T00959,D052,1,2025-06-16T12:38:00+07:00,2025-06-16T18:05:50+07:00,False,True
T00960_D051,T00960,D051,1,2025-06-16T12:38:00+07:00,2025-06-16T15:08:28+07:00,False,True
T00961_D065,T00961,D065,1,2025-06-16T13:27:00+07:00,2025-06-16T15:42:56+07:00,False,True
T00962_D056,T00962,D056,1,2025-06-17T08:00:00+07:00,2025-06-17T10:54:26+07:00,False,True
T00963_D070,T00963,D070,1,2025-06-16T13:51:00+07:00,2025-06-16T15:43:40+07:00,False,True
T00964_D065,T00964,D065,1,2025-06-17T08:00:00+07:00,2025-06-17T13:14:42+07:00,False,True
T00965_D052,T00965,D052,1,2025-06-17T08:00:00+07:00,2025-06-17T13:32:32+07:00,False,True
T00966_D055,T00966,D055,1,2025-06-17T08:00:00+07:00,2025-06-17T13:46:51+07:00,False,True
T00967_D066,T00967,D066,1,2025-06-17T08:00:00+07:00,2025-06-17T13:52:51+07:00,False,True
T00968_D065,T00968,D065,1,2025-06-18T08:00:00+07:00,2025-06-18T10:45:51+07:00,False,True
T00969_D055,T00969,D055,1,2025-06-18T08:00:00+07:00,2025-06-18T10:39:59+07:00,False,True
T00970_D063,T00970,D063,1,2025-06-17T14:01:00+07:00,2025-06-17T16:12:07+07:00,False,True
T00971_D052,T00971,D052,1,2025-06-18T08:00:00+07:00,2025-06-18T13:11:45+07:00,False,True
T00972_D050,T00972,D050,1,2025-06-18T08:00:00+07:00,2025-06-18T10:46:02+07:00,False,True
T00973_D059,T00973,D059,1,2025-06-18T08:00:00+07:00,2025-06-18T09:59:21+07:00,False,True
T00974_D051,T00974,D051,1,2025-06-18T13:32:00+07:00,2025-06-18T16:32:21+07:00,False,True
T00975_D056,T00975,D056,1,2025-06-18T13:46:00+07:00,2025-06-18T16:36:55+07:00,False,True
T00976_D051,T00976,D051,1,2025-06-19T08:00:00+07:00,2025-06-19T13:46:49+07:00,False,True
T00977_D052,T00977,D052,1,2025-06-19T08:00:00+07:00,2025-06-19T13:11:27+07:00,False,True
T00978_D066,T00978,D066,1,2025-06-19T08:00:00+07:00,2025-06-19T12:49:16+07:00,False,True
T00979_D059,T00979,D059,1,2025-06-19T08:00:00+07:00,2025-06-19T13:26:26+07:00,False,True
T00980_D049,T00980,D049,1,2025-06-19T10:46:00+07:00,2025-06-19T12:29:45+07:00,False,True
T00981_D050,T00981,D050,1,2025-06-19T12:21:00+07:00,2025-06-19T18:03:35+07:00,False,True
T00982_D057,T00982,D057,1,2025-06-20T08:00:00+07:00,2025-06-20T14:15:51+07:00,False,True
T00983_D049,T00983,D049,1,2025-06-20T11:02:00+07:00,2025-06-20T16:27:42+07:00,False,True
T00984_D066,T00984,D066,1,2025-06-20T12:49:00+07:00,2025-06-20T14:58:27+07:00,False,True
T00985_D051,T00985,D051,1,2025-06-20T13:11:00+07:00,2025-06-20T15:54:16+07:00,False,True
T00986_D051,T00986,D051,1,2025-06-21T08:00:00+07:00,2025-06-21T11:10:54+07:00,False,True
T00987_D057,T00987,D057,1,2025-06-21T14:15:00+07:00,2025-06-21T16:48:55+07:00,False,True
T00988_D056,T00988,D056,1,2025-06-22T08:00:00+07:00,2025-06-22T13:52:46+07:00,False,True
T00989_D069,T00989,D069,1,2025-06-22T08:00:00+07:00,2025-06-22T12:56:10+07:00,False,True
T00990_D052,T00990,D052,1,2025-06-22T08:00:00+07:00,2025-06-22T10:52:43+07:00,False,True
T00991_D051,T00991,D051,1,2025-06-23T13:09:00+07:00,2025-06-23T18:37:05+07:00,False,True
T00992_D056,T00992,D056,1,2025-06-23T13:52:00+07:00,2025-06-23T15:56:06+07:00,False,True
T00993_D055,T00993,D055,1,2025-06-24T08:00:00+07:00,2025-06-24T13:11:59+07:00,False,True
T00994_D052,T00994,D052,1,2025-06-24T08:00:00+07:00,2025-06-24T14:30:29+07:00,False,True
T00995_D049,T00995,D049,1,2025-06-24T08:00:00+07:00,2025-06-24T14:16:04+07:00,False,True
T00996_D065,T00996,D065,1,2025-06-24T08:00:00+07:00,2025-06-24T13:27:14+07:00,False,True
T00997_D070,T00997,D070,1,2025-06-25T08:00:00+07:00,2025-06-25T13:33:00+07:00,False,True
T00998_D054,T00998,D054,1,2025-06-25T08:00:00+07:00,2025-06-25T13:00:50+07:00,False,True
T00999_D050,T00999,D050,1,2025-06-25T08:00:00+07:00,2025-06-25T10:17:50+07:00,False,True
T01000_D052,T01000,D052,1,2025-06-25T08:29:00+07:00,2025-06-25T14:34:46+07:00,False,True
T01001_D055,T01001,D055,1,2025-06-25T13:11:00+07:00,2025-06-25T15:25:37+07:00,False,True
T01002_D051,T01002,D051,1,2025-06-25T14:16:00+07:00,2025-06-25T16:53:00+07:00,False,True
T01003_D054,T01003,D054,1,2025-06-26T08:00:00+07:00,2025-06-26T14:05:42+07:00,False,True
T01004_D061,T01004,D061,1,2025-06-26T08:00:00+07:00,2025-06-26T13:41:27+07:00,False,True
T01005_D053,T01005,D053,1,2025-06-26T08:12:00+07:00,2025-06-26T14:12:45+07:00,False,True
T01006_D057,T01006,D057,1,2025-06-26T09:20:00+07:00,2025-06-26T15:23:31+07:00,False,True
T01007_D053,T01007,D053,1,2025-06-27T08:00:00+07:00,2025-06-27T11:09:21+07:00,False,True
T01008_D050,T01008,D050,1,2025-06-26T14:34:00+07:00,2025-06-26T16:53:38+07:00,False,True
T01009_D056,T01009,D056,1,2025-06-27T08:00:00+07:00,2025-06-27T13:45:37+07:00,False,True
T01010_D061,T01010,D061,1,2025-06-27T13:41:00+07:00,2025-06-27T15:42:56+07:00,False,True
T01011_D054,T01011,D054,1,2025-06-27T14:12:00+07:00,2025-06-27T16:58:24+07:00,False,True
T01012_D057,T01012,D057,1,2025-06-27T15:23:00+07:00,2025-06-27T17:20:56+07:00,False,True
T01013_D058,T01013,D058,1,2025-06-28T08:00:00+07:00,2025-06-28T14:26:27+07:00,False,True
T01014_D050,T01014,D050,1,2025-06-28T09:22:00+07:00,2025-06-28T15:42:00+07:00,False,True
T01015_D056,T01015,D056,1,2025-06-28T13:45:00+07:00,2025-06-28T16:19:56+07:00,False,True
T01016_D068,T01016,D068,1,2025-06-29T08:00:00+07:00,2025-06-29T13:46:54+07:00,False,True
T01017_D054,T01017,D054,1,2025-06-29T08:43:00+07:00,2025-06-29T14:48:15+07:00,False,True
T01018_D049,T01018,D049,1,2025-06-29T11:40:00+07:00,2025-06-29T16:37:35+07:00,False,True
T01019_D058,T01019,D058,1,2025-06-29T14:26:00+07:00,2025-06-29T16:46:31+07:00,False,True
T01020_D052,T01020,D052,1,2025-06-29T15:42:00+07:00,2025-06-29T17:58:20+07:00,False,True
T01021_D049,T01021,D049,1,2025-06-30T08:00:00+07:00,2025-06-30T13:49:27+07:00,False,True
T01022_D052,T01022,D052,1,2025-06-30T08:00:00+07:00,2025-06-30T13:30:40+07:00,False,True
T01023_D057,T01023,D057,1,2025-06-30T08:00:00+07:00,2025-06-30T12:57:20+07:00,False,True
T01024_D056,T01024,D056,1,2025-06-30T08:00:00+07:00,2025-06-30T13:41:10+07:00,False,True
T01025_D050,T01025,D050,1,2025-06-30T08:00:00+07:00,2025-06-30T14:15:58+07:00,False,True
T01026_D053,T01026,D053,1,2025-06-30T08:00:00+07:00,2025-06-30T14:05:34+07:00,False,True
T01027_D068,T01027,D068,1,2025-06-30T13:46:00+07:00,2025-06-30T16:49:57+07:00,False,True
T01028_D054,T01028,D054,1,2025-06-30T14:04:00+07:00,2025-06-30T20:01:15+07:00,False,True
T01029_D053,T01029,D053,1,2025-07-01T08:00:00+07:00,2025-07-01T10:42:49+07:00,False,True
T01030_D052,T01030,D052,1,2025-07-01T08:00:00+07:00,2025-07-01T10:20:24+07:00,False,True
T01031_D051,T01031,D051,1,2025-07-01T13:30:00+07:00,2025-07-01T15:22:07+07:00,False,True
T01032_D056,T01032,D056,1,2025-07-01T13:41:00+07:00,2025-07-01T16:21:39+07:00,False,True
T01033_D050,T01033,D050,1,2025-07-01T13:49:00+07:00,2025-07-01T15:32:32+07:00,False,True
T01034_D049,T01034,D049,1,2025-07-01T14:15:00+07:00,2025-07-01T16:10:38+07:00,False,True
T01035_D053,T01035,D053,1,2025-07-02T08:00:00+07:00,2025-07-02T12:36:39+07:00,False,True
T01036_D070,T01036,D070,1,2025-07-02T08:00:00+07:00,2025-07-02T13:23:43+07:00,False,True
T01037_D069,T01037,D069,1,2025-07-02T08:00:00+07:00,2025-07-02T13:57:09+07:00,False,True
T01038_D058,T01038,D058,1,2025-07-02T08:00:00+07:00,2025-07-02T14:46:44+07:00,False,True
T01039_D054,T01039,D054,1,2025-07-02T08:00:00+07:00,2025-07-02T10:17:52+07:00,False,True
T01040_D052,T01040,D052,1,2025-07-02T10:10:00+07:00,2025-07-02T16:42:42+07:00,False,True
T01041_D050,T01041,D050,1,2025-07-03T08:00:00+07:00,2025-07-03T13:41:26+07:00,False,True
T01042_D058,T01042,D058,1,2025-07-03T08:00:00+07:00,2025-07-03T14:23:27+07:00,False,True
T01043_D070,T01043,D070,1,2025-07-03T13:57:00+07:00,2025-07-03T17:14:05+07:00,False,True
T01044_D060,T01044,D060,1,2025-07-03T14:40:00+07:00,2025-07-03T20:15:05+07:00,False,True
T01045_D057,T01045,D057,1,2025-07-03T14:46:00+07:00,2025-07-03T17:41:49+07:00,False,True
T01046_D062,T01046,D062,1,2025-07-04T08:00:00+07:00,2025-07-04T13:45:30+07:00,False,True
T01047_D050,T01047,D050,1,2025-07-04T13:41:00+07:00,2025-07-04T16:08:32+07:00,False,True
T01048_D050,T01048,D050,1,2025-07-05T08:00:00+07:00,2025-07-05T13:22:09+07:00,False,True
T01049_D054,T01049,D054,1,2025-07-05T08:00:00+07:00,2025-07-05T13:30:20+07:00,False,True
T01050_D059,T01050,D059,1,2025-07-05T08:00:00+07:00,2025-07-05T13:49:56+07:00,False,True
T01051_D064,T01051,D064,1,2025-07-05T08:00:00+07:00,2025-07-05T13:46:35+07:00,False,True
T01052_D051,T01052,D051,1,2025-07-05T11:08:00+07:00,2025-07-05T16:31:49+07:00,False,True
T01053_D062,T01053,D062,1,2025-07-05T13:45:00+07:00,2025-07-05T16:41:18+07:00,False,True
T01054_D060,T01054,D060,1,2025-07-05T14:52:00+07:00,2025-07-05T20:16:11+07:00,False,True
T01055_D065,T01055,D065,1,2025-07-06T08:00:00+07:00,2025-07-06T13:17:25+07:00,False,True
T01056_D057,T01056,D057,1,2025-07-06T08:00:00+07:00,2025-07-06T14:15:46+07:00,False,True
T01057_D062,T01057,D062,1,2025-07-06T08:00:00+07:00,2025-07-06T13:11:51+07:00,False,True
T01058_D053,T01058,D053,1,2025-07-06T08:00:00+07:00,2025-07-06T14:23:39+07:00,False,True
T01059_D050,T01059,D050,1,2025-07-06T12:46:00+07:00,2025-07-06T18:05:09+07:00,False,True
T01060_D052,T01060,D052,1,2025-07-06T13:22:00+07:00,2025-07-06T16:35:53+07:00,False,True
T01061_D063,T01061,D063,1,2025-07-06T13:46:00+07:00,2025-07-06T15:49:04+07:00,False,True
T01062_D059,T01062,D059,1,2025-07-06T13:49:00+07:00,2025-07-06T16:35:38+07:00,False,True
T01063_D054,T01063,D054,1,2025-07-07T08:00:00+07:00,2025-07-07T13:21:08+07:00,False,True
T01064_D053,T01064,D053,1,2025-07-07T08:00:00+07:00,2025-07-07T13:46:14+07:00,False,True
T01065_D051,T01065,D051,1,2025-07-07T08:00:00+07:00,2025-07-07T13:36:57+07:00,False,True
T01066_D063,T01066,D063,1,2025-07-07T08:00:00+07:00,2025-07-07T14:10:23+07:00,False,True
T01067_D059,T01067,D059,1,2025-07-07T08:00:00+07:00,2025-07-07T14:00:41+07:00,False,True
T01068_D060,T01068,D060,1,2025-07-07T08:00:00+07:00,2025-07-07T10:34:19+07:00,False,True
T01069_D052,T01069,D052,1,2025-07-07T08:00:00+07:00,2025-07-07T09:58:47+07:00,False,True
T01070_D059,T01070,D059,1,2025-07-08T08:00:00+07:00,2025-07-08T10:27:43+07:00,False,True
T01071_D061,T01071,D061,1,2025-07-07T13:11:00+07:00,2025-07-07T15:16:43+07:00,False,True
T01072_D057,T01072,D057,1,2025-07-07T14:15:00+07:00,2025-07-07T16:37:59+07:00,False,True
T01073_D054,T01073,D054,1,2025-07-08T08:00:00+07:00,2025-07-08T10:03:45+07:00,False,True
T01074_D065,T01074,D065,1,2025-07-07T15:42:00+07:00,2025-07-07T20:38:06+07:00,False,True
T01075_D053,T01075,D053,1,2025-07-08T08:00:00+07:00,2025-07-08T12:43:10+07:00,False,True
T01076_D067,T01076,D067,1,2025-07-08T08:00:00+07:00,2025-07-08T12:59:13+07:00,False,True
T01077_D058,T01077,D058,1,2025-07-08T08:00:00+07:00,2025-07-08T13:51:38+07:00,False,True
T01078_D049,T01078,D049,1,2025-07-08T11:36:00+07:00,2025-07-08T17:17:09+07:00,False,True
T01079_D050,T01079,D050,1,2025-07-08T13:36:00+07:00,2025-07-08T16:14:58+07:00,False,True
T01080_D054,T01080,D054,1,2025-07-09T08:00:00+07:00,2025-07-09T10:09:34+07:00,False,True
T01081_D060,T01081,D060,1,2025-07-08T14:00:00+07:00,2025-07-08T16:25:48+07:00,False,True
T01082_D063,T01082,D063,1,2025-07-08T14:10:00+07:00,2025-07-08T17:10:39+07:00,False,True
T01083_D050,T01083,D050,1,2025-07-09T08:00:00+07:00,2025-07-09T14:28:06+07:00,False,True
T01084_D053,T01084,D053,1,2025-07-09T08:00:00+07:00,2025-07-09T13:18:47+07:00,False,True
T01085_D065,T01085,D065,1,2025-07-09T08:00:00+07:00,2025-07-09T10:54:05+07:00,False,True
T01086_D053,T01086,D053,1,2025-07-10T08:00:00+07:00,2025-07-10T13:27:56+07:00,False,True
T01087_D054,T01087,D054,1,2025-07-10T08:00:00+07:00,2025-07-10T10:19:52+07:00,False,True
T01088_D054,T01088,D054,1,2025-07-11T08:00:00+07:00,2025-07-11T09:51:02+07:00,False,True
T01089_D060,T01089,D060,1,2025-07-10T08:00:00+07:00,2025-07-10T13:29:14+07:00,False,True
T01090_D052,T01090,D052,1,2025-07-10T08:00:00+07:00,2025-07-10T09:48:28+07:00,False,True
T01091_D069,T01091,D069,1,2025-07-10T08:45:00+07:00,2025-07-10T15:24:20+07:00,False,True
T01092_D051,T01092,D051,1,2025-07-10T10:31:00+07:00,2025-07-10T15:50:39+07:00,False,True
T01093_D053,T01093,D053,1,2025-07-11T08:00:00+07:00,2025-07-11T11:08:05+07:00,False,True
T01094_D050,T01094,D050,1,2025-07-10T14:28:00+07:00,2025-07-10T16:42:53+07:00,False,True
T01095_D054,T01095,D054,1,2025-07-12T08:00:00+07:00,2025-07-12T14:20:09+07:00,False,True
T01096_D053,T01096,D053,1,2025-07-12T08:00:00+07:00,2025-07-12T13:59:26+07:00,False,True
T01097_D069,T01097,D069,1,2025-07-11T08:00:00+07:00,2025-07-11T14:16:38+07:00,False,True
T01098_D055,T01098,D055,1,2025-07-11T08:00:00+07:00,2025-07-11T15:02:50+07:00,False,True
T01099_D052,T01099,D052,1,2025-07-11T08:33:00+07:00,2025-07-11T14:26:51+07:00,False,True
T01100_D051,T01100,D051,1,2025-07-11T11:02:00+07:00,2025-07-11T16:32:39+07:00,False,True
T01101_D060,T01101,D060,1,2025-07-11T13:29:00+07:00,2025-07-11T15:53:04+07:00,False,True
T01102_D050,T01102,D050,1,2025-07-11T15:50:00+07:00,2025-07-11T17:49:34+07:00,False,True
T01103_D052,T01103,D052,1,2025-07-12T08:00:00+07:00,2025-07-12T13:32:04+07:00,False,True
T01104_D049,T01104,D049,1,2025-07-12T08:00:00+07:00,2025-07-12T14:13:55+07:00,False,True
T01105_D066,T01105,D066,1,2025-07-12T08:00:00+07:00,2025-07-12T13:55:12+07:00,False,True
T01106_D053,T01106,D053,1,2025-07-13T08:00:00+07:00,2025-07-13T13:19:28+07:00,False,True
T01107_D050,T01107,D050,1,2025-07-12T12:05:00+07:00,2025-07-12T17:26:20+07:00,False,True
T01108_D069,T01108,D069,1,2025-07-12T14:16:00+07:00,2025-07-12T15:59:26+07:00,False,True
T01109_D051,T01109,D051,1,2025-07-12T14:26:00+07:00,2025-07-12T16:57:03+07:00,False,True
T01110_D056,T01110,D056,1,2025-07-13T08:00:00+07:00,2025-07-13T13:11:35+07:00,False,True
T01111_D051,T01111,D051,1,2025-07-13T08:00:00+07:00,2025-07-13T10:25:31+07:00,False,True
T01112_D052,T01112,D052,1,2025-07-13T13:32:00+07:00,2025-07-13T15:15:07+07:00,False,True
T01113_D065,T01113,D065,1,2025-07-13T13:55:00+07:00,2025-07-13T16:38:55+07:00,False,True
T01114_D054,T01114,D054,1,2025-07-13T13:59:00+07:00,2025-07-13T16:55:07+07:00,False,True
T01115_D053,T01115,D053,1,2025-07-14T08:00:00+07:00,2025-07-14T10:03:14+07:00,False,True
T01116_D059,T01116,D059,1,2025-07-14T08:00:00+07:00,2025-07-14T13:50:56+07:00,False,True
T01117_D060,T01117,D060,1,2025-07-14T08:00:00+07:00,2025-07-14T13:51:04+07:00,False,True
T01118_D051,T01118,D051,1,2025-07-14T08:00:00+07:00,2025-07-14T10:05:36+07:00,False,True
T01119_D054,T01119,D054,1,2025-07-14T13:19:00+07:00,2025-07-14T15:46:25+07:00,False,True
T01120_D052,T01120,D052,1,2025-07-15T08:00:00+07:00,2025-07-15T13:14:56+07:00,False,True
T01121_D049,T01121,D049,1,2025-07-15T08:00:00+07:00,2025-07-15T12:51:40+07:00,False,True
T01122_D063,T01122,D063,1,2025-07-15T08:00:00+07:00,2025-07-15T13:27:56+07:00,False,True
T01123_D059,T01123,D059,1,2025-07-15T13:51:00+07:00,2025-07-15T16:21:59+07:00,False,True
T01124_D063,T01124,D063,1,2025-07-16T08:00:00+07:00,2025-07-16T13:26:25+07:00,False,True
T01125_D050,T01125,D050,1,2025-07-16T08:00:00+07:00,2025-07-16T13:59:48+07:00,False,True
T01126_D057,T01126,D057,1,2025-07-16T08:00:00+07:00,2025-07-16T13:45:28+07:00,False,True
T01127_D051,T01127,D051,1,2025-07-16T12:51:00+07:00,2025-07-16T15:59:04+07:00,False,True
T01128_D064,T01128,D064,1,2025-07-16T13:27:00+07:00,2025-07-16T15:34:15+07:00,False,True
T01129_D056,T01129,D056,1,2025-07-17T08:00:00+07:00,2025-07-17T13:51:19+07:00,False,True
T01130_D055,T01130,D055,1,2025-07-17T08:00:00+07:00,2025-07-17T13:50:40+07:00,False,True
T01131_D054,T01131,D054,1,2025-07-17T08:08:00+07:00,2025-07-17T14:00:00+07:00,False,True
T01132_D051,T01132,D051,1,2025-07-17T08:44:00+07:00,2025-07-17T14:04:25+07:00,False,True
T01133_D058,T01133,D058,1,2025-07-17T13:45:00+07:00,2025-07-17T15:51:29+07:00,False,True
T01134_D049,T01134,D049,1,2025-07-17T13:59:00+07:00,2025-07-17T16:19:43+07:00,False,True
T01135_D050,T01135,D050,1,2025-07-18T08:00:00+07:00,2025-07-18T14:31:08+07:00,False,True
T01136_D056,T01136,D056,1,2025-07-18T08:00:00+07:00,2025-07-18T14:14:23+07:00,False,True
T01137_D052,T01137,D052,1,2025-07-18T08:00:00+07:00,2025-07-18T14:27:36+07:00,False,True
T01138_D049,T01138,D049,1,2025-07-18T12:19:00+07:00,2025-07-18T18:09:48+07:00,False,True
T01139_D051,T01139,D051,1,2025-07-18T13:48:00+07:00,2025-07-18T19:12:49+07:00,False,True
T01140_D055,T01140,D055,1,2025-07-18T13:51:00+07:00,2025-07-18T16:13:02+07:00,False,True
T01141_D053,T01141,D053,1,2025-07-18T14:00:00+07:00,2025-07-18T15:45:44+07:00,False,True
T01142_D052,T01142,D052,1,2025-07-19T08:00:00+07:00,2025-07-19T10:48:44+07:00,False,True
T01143_D055,T01143,D055,1,2025-07-19T08:00:00+07:00,2025-07-19T13:32:17+07:00,False,True
T01144_D051,T01144,D051,1,2025-07-19T08:00:00+07:00,2025-07-19T13:36:27+07:00,False,True
T01145_D056,T01145,D056,1,2025-07-19T14:14:00+07:00,2025-07-19T16:50:17+07:00,False,True
T01146_D050,T01146,D050,1,2025-07-19T14:27:00+07:00,2025-07-19T16:55:55+07:00,False,True
T01147_D049,T01147,D049,1,2025-07-19T14:31:00+07:00,2025-07-19T16:47:23+07:00,False,True
T01148_D063,T01148,D063,1,2025-07-20T08:00:00+07:00,2025-07-20T13:43:37+07:00,False,True
T01149_D050,T01149,D050,1,2025-07-20T09:50:00+07:00,2025-07-20T15:30:29+07:00,False,True
T01150_D049,T01150,D049,1,2025-07-20T13:36:00+07:00,2025-07-20T15:55:34+07:00,False,True
T01151_D054,T01151,D054,1,2025-07-21T08:00:00+07:00,2025-07-21T13:55:18+07:00,False,True
T01152_D064,T01152,D064,1,2025-07-21T08:00:00+07:00,2025-07-21T13:06:22+07:00,False,True
T01153_D058,T01153,D058,1,2025-07-21T08:00:00+07:00,2025-07-21T13:10:24+07:00,False,True
T01154_D049,T01154,D049,1,2025-07-21T11:49:00+07:00,2025-07-21T17:48:54+07:00,False,True
T01155_D067,T01155,D067,1,2025-07-22T08:00:00+07:00,2025-07-22T13:25:35+07:00,False,True
T01156_D069,T01156,D069,1,2025-07-22T08:00:00+07:00,2025-07-22T12:57:11+07:00,False,True
T01157_D051,T01157,D051,1,2025-07-22T08:00:00+07:00,2025-07-22T13:40:02+07:00,False,True
T01158_D063,T01158,D063,1,2025-07-22T13:06:00+07:00,2025-07-22T15:15:40+07:00,False,True
T01159_D057,T01159,D057,1,2025-07-22T13:10:00+07:00,2025-07-22T15:57:55+07:00,False,True
T01160_D054,T01160,D054,1,2025-07-22T13:55:00+07:00,2025-07-22T15:55:31+07:00,False,True
T01161_D054,T01161,D054,1,2025-07-23T08:00:00+07:00,2025-07-23T12:56:40+07:00,False,True
T01162_D053,T01162,D053,1,2025-07-23T08:00:00+07:00,2025-07-23T10:03:40+07:00,False,True
T01163_D053,T01163,D053,1,2025-07-24T08:00:00+07:00,2025-07-24T14:29:12+07:00,False,True
T01164_D049,T01164,D049,1,2025-07-23T08:00:00+07:00,2025-07-23T10:32:21+07:00,False,True
T01165_D051,T01165,D051,1,2025-07-23T09:01:00+07:00,2025-07-23T14:45:39+07:00,False,True
T01166_D060,T01166,D060,1,2025-07-23T12:06:00+07:00,2025-07-23T17:13:37+07:00,False,True
T01167_D069,T01167,D069,1,2025-07-23T12:57:00+07:00,2025-07-23T15:48:21+07:00,False,True
T01168_D067,T01168,D067,1,2025-07-23T13:25:00+07:00,2025-07-23T15:42:54+07:00,False,True
T01169_D054,T01169,D054,1,2025-07-24T08:00:00+07:00,2025-07-24T13:17:28+07:00,False,True
T01170_D064,T01170,D064,1,2025-07-24T08:00:00+07:00,2025-07-24T13:58:10+07:00,False,True
T01171_D063,T01171,D063,1,2025-07-24T08:00:00+07:00,2025-07-24T13:57:27+07:00,False,True
T01172_D066,T01172,D066,1,2025-07-24T08:00:00+07:00,2025-07-24T13:06:05+07:00,False,True
T01173_D051,T01173,D051,1,2025-07-24T10:08:00+07:00,2025-07-24T16:22:13+07:00,False,True
T01174_D053,T01174,D053,1,2025-07-25T08:00:00+07:00,2025-07-25T10:24:18+07:00,False,True
T01175_D052,T01175,D052,1,2025-07-24T14:45:00+07:00,2025-07-24T17:04:38+07:00,False,True
T01176_D054,T01176,D054,1,2025-07-25T08:00:00+07:00,2025-07-25T14:09:48+07:00,False,True
T01177_D064,T01177,D064,1,2025-07-25T08:00:00+07:00,2025-07-25T13:39:33+07:00,False,True
T01178_D049,T01178,D049,1,2025-07-25T08:00:00+07:00,2025-07-25T13:45:12+07:00,False,True
T01179_D058,T01179,D058,1,2025-07-25T08:00:00+07:00,2025-07-25T14:28:48+07:00,False,True
T01180_D056,T01180,D056,1,2025-07-25T08:00:00+07:00,2025-07-25T14:50:46+07:00,False,True
T01181_D059,T01181,D059,1,2025-07-25T08:00:00+07:00,2025-07-25T09:52:51+07:00,False,True
T01182_D050,T01182,D050,1,2025-07-25T09:18:00+07:00,2025-07-25T14:25:40+07:00,False,True
T01183_D052,T01183,D052,1,2025-07-25T11:33:00+07:00,2025-07-25T16:42:19+07:00,False,True
T01184_D051,T01184,D051,1,2025-07-25T11:33:00+07:00,2025-07-25T14:05:38+07:00,False,True
T01185_D066,T01185,D066,1,2025-07-25T13:06:00+07:00,2025-07-25T15:12:39+07:00,False,True
T01186_D063,T01186,D063,1,2025-07-25T13:57:00+07:00,2025-07-25T16:49:58+07:00,False,True
T01187_D054,T01187,D054,1,2025-07-26T08:00:00+07:00,2025-07-26T11:03:24+07:00,False,True
T01188_D055,T01188,D055,1,2025-07-25T15:55:00+07:00,2025-07-25T22:12:36+07:00,False,True
T01189_D052,T01189,D052,1,2025-07-26T08:00:00+07:00,2025-07-26T14:08:44+07:00,False,True
T01190_D051,T01190,D051,1,2025-07-26T08:00:00+07:00,2025-07-26T15:03:32+07:00,False,True
T01191_D057,T01191,D057,1,2025-07-26T08:00:00+07:00,2025-07-26T13:00:16+07:00,False,True
T01192_D050,T01192,D050,1,2025-07-26T08:00:00+07:00,2025-07-26T10:25:22+07:00,False,True
T01193_D049,T01193,D049,1,2025-07-26T13:45:00+07:00,2025-07-26T16:37:59+07:00,False,True
T01194_D052,T01194,D052,1,2025-07-27T08:00:00+07:00,2025-07-27T10:13:10+07:00,False,True
T01195_D055,T01195,D055,1,2025-07-26T14:50:00+07:00,2025-07-26T16:59:21+07:00,False,True
T01196_D058,T01196,D058,1,2025-07-27T08:00:00+07:00,2025-07-27T14:47:19+07:00,False,True
T01197_D060,T01197,D060,1,2025-07-27T08:00:00+07:00,2025-07-27T13:40:32+07:00,False,True
T01198_D050,T01198,D050,1,2025-07-27T08:00:00+07:00,2025-07-27T10:08:05+07:00,False,True
T01199_D057,T01199,D057,1,2025-07-27T13:00:00+07:00,2025-07-27T15:46:08+07:00,False,True
T01200_D049,T01200,D049,1,2025-07-27T15:03:00+07:00,2025-07-27T17:29:44+07:00,False,True
T01201_D063,T01201,D063,1,2025-07-28T08:00:00+07:00,2025-07-28T13:52:50+07:00,False,True
T01202_D064,T01202,D064,1,2025-07-28T08:00:00+07:00,2025-07-28T13:37:04+07:00,False,True
T01203_D054,T01203,D054,1,2025-07-28T08:00:00+07:00,2025-07-28T13:51:46+07:00,False,True
T01204_D058,T01204,D058,1,2025-07-28T14:47:00+07:00,2025-07-28T17:17:27+07:00,False,True
T01205_D066,T01205,D066,1,2025-07-29T08:00:00+07:00,2025-07-29T13:13:20+07:00,False,True
T01206_D053,T01206,D053,1,2025-07-29T13:51:00+07:00,2025-07-29T16:21:29+07:00,False,True
T01207_D064,T01207,D064,1,2025-07-29T13:52:00+07:00,2025-07-29T16:31:58+07:00,False,True
T01208_D057,T01208,D057,1,2025-07-29T15:51:00+07:00,2025-07-29T21:30:38+07:00,False,True
T01209_D058,T01209,D058,1,2025-07-29T15:51:00+07:00,2025-07-29T19:06:16+07:00,False,True
T01210_D052,T01210,D052,1,2025-07-30T08:00:00+07:00,2025-07-30T13:33:20+07:00,False,True
T01211_D065,T01211,D065,1,2025-07-30T13:13:00+07:00,2025-07-30T15:43:39+07:00,False,True
T01212_D062,T01212,D062,1,2025-07-31T08:00:00+07:00,2025-07-31T14:48:59+07:00,False,True
T01213_D053,T01213,D053,1,2025-07-31T08:00:00+07:00,2025-07-31T14:04:02+07:00,False,True
T01214_D057,T01214,D057,1,2025-07-31T08:00:00+07:00,2025-07-31T11:17:23+07:00,False,True
T01215_D051,T01215,D051,1,2025-07-31T10:09:00+07:00,2025-07-31T15:44:25+07:00,False,True
T01216_D050,T01216,D050,1,2025-07-31T13:33:00+07:00,2025-07-31T15:39:19+07:00,False,True
T01217_D050,T01217,D050,1,2025-08-01T08:00:00+07:00,2025-08-01T13:51:15+07:00,False,True
T01218_D063,T01218,D063,1,2025-08-01T08:00:00+07:00,2025-08-01T13:12:37+07:00,False,True
T01219_D052,T01219,D052,1,2025-08-01T12:32:00+07:00,2025-08-01T18:15:40+07:00,False,True
T01220_D061,T01220,D061,1,2025-08-01T14:48:00+07:00,2025-08-01T16:56:22+07:00,False,True
T01221_D051,T01221,D051,1,2025-08-02T08:00:00+07:00,2025-08-02T13:59:15+07:00,False,True
T01222_D049,T01222,D049,1,2025-08-02T08:00:00+07:00,2025-08-02T13:47:40+07:00,False,True
T01223_D052,T01223,D052,1,2025-08-02T08:00:00+07:00,2025-08-02T13:55:09+07:00,False,True
T01224_D066,T01224,D066,1,2025-08-02T08:00:00+07:00,2025-08-02T14:00:59+07:00,False,True
T01225_D050,T01225,D050,1,2025-08-02T08:00:00+07:00,2025-08-02T13:55:43+07:00,False,True
T01226_D064,T01226,D064,1,2025-08-02T13:12:00+07:00,2025-08-02T15:27:59+07:00,False,True
T01227_D049,T01227,D049,1,2025-08-03T08:00:00+07:00,2025-08-03T10:51:22+07:00,False,True
T01228_D064,T01228,D064,1,2025-08-03T08:00:00+07:00,2025-08-03T14:19:40+07:00,False,True
T01229_D050,T01229,D050,1,2025-08-03T08:00:00+07:00,2025-08-03T10:33:13+07:00,False,True
T01230_D051,T01230,D051,1,2025-08-03T08:40:00+07:00,2025-08-03T14:29:01+07:00,False,True
T01231_D052,T01231,D052,1,2025-08-03T08:49:00+07:00,2025-08-03T14:52:12+07:00,False,True
T01232_D050,T01232,D050,1,2025-08-04T08:00:00+07:00,2025-08-04T14:50:00+07:00,False,True
T01233_D051,T01233,D051,1,2025-08-04T08:00:00+07:00,2025-08-04T10:27:51+07:00,False,True
T01234_D049,T01234,D049,1,2025-08-04T08:00:00+07:00,2025-08-04T10:49:40+07:00,False,True
T01235_D052,T01235,D052,1,2025-08-04T08:00:00+07:00,2025-08-04T10:20:55+07:00,False,True
T01236_D051,T01236,D051,1,2025-08-05T08:00:00+07:00,2025-08-05T10:56:40+07:00,False,True
T01237_D065,T01237,D065,1,2025-08-03T14:00:00+07:00,2025-08-03T17:22:51+07:00,False,True
T01238_D063,T01238,D063,1,2025-08-04T08:00:00+07:00,2025-08-04T13:20:46+07:00,False,True
T01239_D049,T01239,D049,1,2025-08-05T08:00:00+07:00,2025-08-05T14:21:49+07:00,False,True
T01240_D058,T01240,D058,1,2025-08-04T08:00:00+07:00,2025-08-04T14:20:10+07:00,False,True
T01241_D057,T01241,D057,1,2025-08-04T08:00:00+07:00,2025-08-04T10:20:56+07:00,False,True
T01242_D050,T01242,D050,1,2025-08-05T08:00:00+07:00,2025-08-05T14:18:20+07:00,False,True
T01243_D052,T01243,D052,1,2025-08-05T08:00:00+07:00,2025-08-05T14:16:36+07:00,False,True
T01244_D064,T01244,D064,1,2025-08-04T14:19:00+07:00,2025-08-04T16:33:28+07:00,False,True
T01245_D050,T01245,D050,1,2025-08-06T08:00:00+07:00,2025-08-06T13:20:42+07:00,False,True
T01246_D052,T01246,D052,1,2025-08-06T08:00:00+07:00,2025-08-06T13:55:44+07:00,False,True
T01247_D057,T01247,D057,1,2025-08-05T08:00:00+07:00,2025-08-05T13:10:06+07:00,False,True
T01248_D058,T01248,D058,1,2025-08-05T08:00:00+07:00,2025-08-05T14:24:13+07:00,False,True
T01249_D063,T01249,D063,1,2025-08-05T13:20:00+07:00,2025-08-05T16:01:12+07:00,False,True
T01250_D058,T01250,D058,1,2025-08-06T08:00:00+07:00,2025-08-06T10:18:51+07:00,False,True
T01251_D049,T01251,D049,1,2025-08-06T08:00:00+07:00,2025-08-06T10:11:20+07:00,False,True
T01252_D060,T01252,D060,1,2025-08-05T15:16:00+07:00,2025-08-05T20:04:41+07:00,False,True
T01253_D059,T01253,D059,1,2025-08-05T15:16:00+07:00,2025-08-05T17:06:25+07:00,False,True
T01254_D066,T01254,D066,1,2025-08-06T08:00:00+07:00,2025-08-06T14:22:59+07:00,False,True
T01255_D053,T01255,D053,1,2025-08-06T08:00:00+07:00,2025-08-06T13:30:10+07:00,False,True
T01256_D054,T01256,D054,1,2025-08-06T08:00:00+07:00,2025-08-06T12:59:54+07:00,False,True
T01257_D059,T01257,D059,1,2025-08-06T11:47:00+07:00,2025-08-06T17:55:23+07:00,False,True
T01258_D057,T01258,D057,1,2025-08-06T13:10:00+07:00,2025-08-06T15:50:55+07:00,False,True
T01259_D052,T01259,D052,1,2025-08-07T08:00:00+07:00,2025-08-07T10:51:28+07:00,False,True
T01260_D049,T01260,D049,1,2025-08-07T08:00:00+07:00,2025-08-07T10:56:08+07:00,False,True
T01261_D058,T01261,D058,1,2025-08-07T08:00:00+07:00,2025-08-07T14:26:01+07:00,False,True
T01262_D050,T01262,D050,1,2025-08-07T08:00:00+07:00,2025-08-07T13:28:22+07:00,False,True
T01263_D060,T01263,D060,1,2025-08-07T08:00:00+07:00,2025-08-07T11:04:26+07:00,False,True
T01264_D053,T01264,D053,1,2025-08-07T12:59:00+07:00,2025-08-07T15:46:05+07:00,False,True
T01265_D054,T01265,D054,1,2025-08-07T13:30:00+07:00,2025-08-07T15:24:04+07:00,False,True
T01266_D050,T01266,D050,1,2025-08-08T08:00:00+07:00,2025-08-08T10:24:52+07:00,False,True
T01267_D065,T01267,D065,1,2025-08-07T14:22:00+07:00,2025-08-07T17:01:05+07:00,False,True
T01268_D067,T01268,D067,1,2025-08-08T08:00:00+07:00,2025-08-08T13:45:14+07:00,False,True
T01269_D052,T01269,D052,1,2025-08-08T08:00:00+07:00,2025-08-08T13:31:10+07:00,False,True
T01270_D057,T01270,D057,1,2025-08-08T14:26:00+07:00,2025-08-08T17:04:21+07:00,False,True
T01271_D050,T01271,D050,1,2025-08-09T08:00:00+07:00,2025-08-09T14:05:50+07:00,False,True
T01272_D064,T01272,D064,1,2025-08-09T08:00:00+07:00,2025-08-09T12:58:48+07:00,False,True
T01273_D049,T01273,D049,1,2025-08-09T08:00:00+07:00,2025-08-09T14:39:59+07:00,False,True
T01274_D053,T01274,D053,1,2025-08-09T08:00:00+07:00,2025-08-09T13:11:48+07:00,False,True
T01275_D065,T01275,D065,1,2025-08-09T08:00:00+07:00,2025-08-09T14:11:47+07:00,False,True
T01276_D051,T01276,D051,1,2025-08-09T13:04:00+07:00,2025-08-09T19:17:55+07:00,False,True
T01277_D052,T01277,D052,1,2025-08-09T13:31:00+07:00,2025-08-09T16:32:03+07:00,False,True
T01278_D068,T01278,D068,1,2025-08-09T13:45:00+07:00,2025-08-09T16:03:52+07:00,False,True
T01279_D059,T01279,D059,1,2025-08-09T14:34:00+07:00,2025-08-09T19:42:40+07:00,False,True
T01280_D052,T01280,D052,1,2025-08-10T08:00:00+07:00,2025-08-10T14:06:09+07:00,False,True
T01281_D056,T01281,D056,1,2025-08-10T08:00:00+07:00,2025-08-10T14:16:00+07:00,False,True
T01282_D049,T01282,D049,1,2025-08-10T14:05:00+07:00,2025-08-10T17:03:29+07:00,False,True
T01283_D065,T01283,D065,1,2025-08-10T14:11:00+07:00,2025-08-10T17:02:11+07:00,False,True
T01284_D051,T01284,D051,1,2025-08-10T14:33:00+07:00,2025-08-10T20:56:27+07:00,False,True
T01285_D050,T01285,D050,1,2025-08-10T14:39:00+07:00,2025-08-10T17:30:14+07:00,False,True
T01286_D061,T01286,D061,1,2025-08-11T08:00:00+07:00,2025-08-11T14:40:05+07:00,False,True
T01287_D054,T01287,D054,1,2025-08-11T08:00:00+07:00,2025-08-11T14:12:02+07:00,False,True
T01288_D069,T01288,D069,1,2025-08-11T08:00:00+07:00,2025-08-11T14:41:45+07:00,False,True
T01289_D052,T01289,D052,1,2025-08-11T08:00:00+07:00,2025-08-11T10:04:27+07:00,False,True
T01290_D067,T01290,D067,1,2025-08-11T08:40:00+07:00,2025-08-11T14:39:25+07:00,False,True
T01291_D050,T01291,D050,1,2025-08-11T08:47:00+07:00,2025-08-11T13:52:28+07:00,False,True
T01292_D060,T01292,D060,1,2025-08-11T13:48:00+07:00,2025-08-11T19:32:01+07:00,False,True
T01293_D051,T01293,D051,1,2025-08-11T14:06:00+07:00,2025-08-11T16:53:46+07:00,False,True
T01294_D056,T01294,D056,1,2025-08-11T14:16:00+07:00,2025-08-11T16:05:07+07:00,False,True
T01295_D053,T01295,D053,1,2025-08-12T08:00:00+07:00,2025-08-12T13:45:26+07:00,False,True
T01296_D052,T01296,D052,1,2025-08-12T08:00:00+07:00,2025-08-12T13:53:55+07:00,False,True
T01297_D058,T01297,D058,1,2025-08-12T08:00:00+07:00,2025-08-12T13:55:47+07:00,False,True
T01298_D050,T01298,D050,1,2025-08-12T08:00:00+07:00,2025-08-12T11:13:57+07:00,False,True
T01299_D051,T01299,D051,1,2025-08-12T13:52:00+07:00,2025-08-12T16:14:57+07:00,False,True
T01300_D068,T01300,D068,1,2025-08-12T14:39:00+07:00,2025-08-12T16:35:07+07:00,False,True
T01301_D062,T01301,D062,1,2025-08-12T14:40:00+07:00,2025-08-12T18:00:46+07:00,False,True
T01302_D070,T01302,D070,1,2025-08-12T14:41:00+07:00,2025-08-12T16:55:11+07:00,False,True
T01303_D054,T01303,D054,1,2025-08-13T08:00:00+07:00,2025-08-13T13:14:59+07:00,False,True
T01304_D056,T01304,D056,1,2025-08-13T08:00:00+07:00,2025-08-13T14:32:16+07:00,False,True
T01305_D059,T01305,D059,1,2025-08-13T08:00:00+07:00,2025-08-13T10:21:27+07:00,False,True
T01306_D051,T01306,D051,1,2025-08-13T10:03:00+07:00,2025-08-13T15:39:12+07:00,False,True
T01307_D053,T01307,D053,1,2025-08-13T13:45:00+07:00,2025-08-13T16:45:58+07:00,False,True
T01308_D050,T01308,D050,1,2025-08-13T13:53:00+07:00,2025-08-13T16:23:22+07:00,False,True
T01309_D058,T01309,D058,1,2025-08-13T13:55:00+07:00,2025-08-13T15:39:03+07:00,False,True
T01310_D049,T01310,D049,1,2025-08-13T14:03:00+07:00,2025-08-13T20:00:51+07:00,False,True
T01311_D070,T01311,D070,1,2025-08-14T08:00:00+07:00,2025-08-14T13:32:10+07:00,False,True
T01312_D051,T01312,D051,1,2025-08-14T08:00:00+07:00,2025-08-14T14:29:49+07:00,False,True
T01313_D069,T01313,D069,1,2025-08-14T08:00:00+07:00,2025-08-14T13:55:46+07:00,False,True
T01314_D060,T01314,D060,1,2025-08-14T08:00:00+07:00,2025-08-14T13:12:57+07:00,False,True
T01315_D061,T01315,D061,1,2025-08-14T08:00:00+07:00,2025-08-14T13:46:50+07:00,False,True
T01316_D054,T01316,D054,1,2025-08-14T13:14:00+07:00,2025-08-14T15:02:48+07:00,False,True
T01317_D052,T01317,D052,1,2025-08-15T08:00:00+07:00,2025-08-15T13:30:25+07:00,False,True
T01318_D059,T01318,D059,1,2025-08-15T08:00:00+07:00,2025-08-15T13:44:35+07:00,False,True
T01319_D054,T01319,D054,1,2025-08-15T08:00:00+07:00,2025-08-15T14:00:58+07:00,False,True
T01320_D065,T01320,D065,1,2025-08-15T08:00:00+07:00,2025-08-15T14:05:29+07:00,False,True
T01321_D050,T01321,D050,1,2025-08-15T08:00:00+07:00,2025-08-15T10:40:32+07:00,False,True
T01322_D060,T01322,D060,1,2025-08-15T13:12:00+07:00,2025-08-15T15:59:07+07:00,False,True
T01323_D069,T01323,D069,1,2025-08-15T13:32:00+07:00,2025-08-15T15:37:59+07:00,False,True
T01324_D070,T01324,D070,1,2025-08-15T13:55:00+07:00,2025-08-15T15:57:43+07:00,False,True
T01325_D051,T01325,D051,1,2025-08-15T14:29:00+07:00,2025-08-15T16:51:42+07:00,False,True
T01326_D051,T01326,D051,1,2025-08-16T08:00:00+07:00,2025-08-16T13:55:35+07:00,False,True
T01327_D058,T01327,D058,1,2025-08-16T08:00:00+07:00,2025-08-16T13:21:38+07:00,False,True
T01328_D054,T01328,D054,1,2025-08-16T08:00:00+07:00,2025-08-16T13:45:59+07:00,False,True
T01329_D062,T01329,D062,1,2025-08-16T08:00:00+07:00,2025-08-16T13:04:25+07:00,False,True
T01330_D050,T01330,D050,1,2025-08-16T13:30:00+07:00,2025-08-16T16:02:06+07:00,False,True
T01331_D053,T01331,D053,1,2025-08-16T14:00:00+07:00,2025-08-16T17:21:27+07:00,False,True
T01332_D066,T01332,D066,1,2025-08-16T14:05:00+07:00,2025-08-16T17:11:14+07:00,False,True
T01333_D058,T01333,D058,1,2025-08-17T08:00:00+07:00,2025-08-17T13:58:01+07:00,False,True
T01334_D052,T01334,D052,1,2025-08-17T08:00:00+07:00,2025-08-17T13:16:49+07:00,False,True
T01335_D056,T01335,D056,1,2025-08-17T08:00:00+07:00,2025-08-17T14:22:35+07:00,False,True
T01336_D057,T01336,D057,1,2025-08-17T08:00:00+07:00,2025-08-17T14:16:30+07:00,False,True
T01337_D054,T01337,D054,1,2025-08-17T09:08:00+07:00,2025-08-17T14:45:19+07:00,False,True
T01338_D053,T01338,D053,1,2025-08-17T13:45:00+07:00,2025-08-17T15:51:39+07:00,False,True
T01339_D051,T01339,D051,1,2025-08-17T13:55:00+07:00,2025-08-17T16:22:21+07:00,False,True
T01340_D049,T01340,D049,1,2025-08-18T13:16:00+07:00,2025-08-18T15:57:38+07:00,False,True
T01341_D057,T01341,D057,1,2025-08-18T13:58:00+07:00,2025-08-18T16:16:41+07:00,False,True
T01342_D058,T01342,D058,1,2025-08-18T14:16:00+07:00,2025-08-18T17:16:44+07:00,False,True
T01343_D053,T01343,D053,1,2025-08-18T14:45:00+07:00,2025-08-18T17:25:54+07:00,False,True
T01344_D063,T01344,D063,1,2025-08-19T08:00:00+07:00,2025-08-19T13:48:55+07:00,False,True
T01345_D062,T01345,D062,1,2025-08-19T08:00:00+07:00,2025-08-19T14:15:58+07:00,False,True
T01346_D051,T01346,D051,1,2025-08-19T08:00:00+07:00,2025-08-19T13:07:36+07:00,False,True
T01347_D054,T01347,D054,1,2025-08-19T08:00:00+07:00,2025-08-19T13:30:39+07:00,False,True
T01348_D050,T01348,D050,1,2025-08-19T13:05:00+07:00,2025-08-19T19:02:18+07:00,False,True
T01349_D049,T01349,D049,1,2025-08-20T08:00:00+07:00,2025-08-20T13:22:16+07:00,False,True
T01350_D052,T01350,D052,1,2025-08-20T08:00:00+07:00,2025-08-20T13:26:22+07:00,False,True
T01351_D050,T01351,D050,1,2025-08-20T13:07:00+07:00,2025-08-20T15:43:29+07:00,False,True
T01352_D064,T01352,D064,1,2025-08-20T13:48:00+07:00,2025-08-20T16:40:20+07:00,False,True
T01353_D061,T01353,D061,1,2025-08-20T14:15:00+07:00,2025-08-20T15:58:54+07:00,False,True
T01354_D050,T01354,D050,1,2025-08-21T08:00:00+07:00,2025-08-21T13:32:19+07:00,False,True
T01355_D054,T01355,D054,1,2025-08-21T08:00:00+07:00,2025-08-21T14:01:46+07:00,False,True
T01356_D052,T01356,D052,1,2025-08-21T08:00:00+07:00,2025-08-21T13:35:24+07:00,False,True
T01357_D066,T01357,D066,1,2025-08-21T08:00:00+07:00,2025-08-21T14:17:52+07:00,False,True
T01358_D051,T01358,D051,1,2025-08-21T08:00:00+07:00,2025-08-21T10:05:06+07:00,False,True
T01359_D049,T01359,D049,1,2025-08-21T13:26:00+07:00,2025-08-21T14:56:51+07:00,False,True
T01360_D065,T01360,D065,1,2025-08-21T14:42:00+07:00,2025-08-21T20:49:50+07:00,False,True
T01361_D061,T01361,D061,1,2025-08-22T08:00:00+07:00,2025-08-22T13:56:19+07:00,False,True
T01362_D062,T01362,D062,1,2025-08-22T08:00:00+07:00,2025-08-22T13:36:27+07:00,False,True
T01363_D064,T01363,D064,1,2025-08-22T08:00:00+07:00,2025-08-22T13:03:24+07:00,False,True
T01364_D070,T01364,D070,1,2025-08-22T08:55:00+07:00,2025-08-22T15:37:31+07:00,False,True
T01365_D052,T01365,D052,1,2025-08-22T13:35:00+07:00,2025-08-22T15:58:27+07:00,False,True
T01366_D053,T01366,D053,1,2025-08-22T14:01:00+07:00,2025-08-22T16:30:05+07:00,False,True
T01367_D056,T01367,D056,1,2025-08-23T08:00:00+07:00,2025-08-23T13:35:05+07:00,False,True
T01368_D065,T01368,D065,1,2025-08-23T08:00:00+07:00,2025-08-23T13:36:40+07:00,False,True
T01369_D066,T01369,D066,1,2025-08-23T08:00:00+07:00,2025-08-23T10:15:52+07:00,False,True
T01370_D064,T01370,D064,1,2025-08-23T13:03:00+07:00,2025-08-23T15:19:39+07:00,False,True
T01371_D061,T01371,D061,1,2025-08-23T13:36:00+07:00,2025-08-23T16:35:41+07:00,False,True
T01372_D062,T01372,D062,1,2025-08-23T13:56:00+07:00,2025-08-23T16:19:56+07:00,False,True
T01373_D051,T01373,D051,1,2025-08-24T08:00:00+07:00,2025-08-24T13:53:37+07:00,False,True
T01374_D049,T01374,D049,1,2025-08-24T08:00:00+07:00,2025-08-24T14:09:10+07:00,False,True
T01375_D050,T01375,D050,1,2025-08-24T08:00:00+07:00,2025-08-24T14:28:59+07:00,False,True
T01376_D056,T01376,D056,1,2025-08-24T08:00:00+07:00,2025-08-24T14:25:02+07:00,False,True
T01377_D055,T01377,D055,1,2025-08-24T08:00:00+07:00,2025-08-24T14:16:16+07:00,False,True
T01378_D054,T01378,D054,1,2025-08-24T08:00:00+07:00,2025-08-24T14:19:42+07:00,False,True
T01379_D052,T01379,D052,1,2025-08-24T11:48:00+07:00,2025-08-24T17:58:47+07:00,False,True
T01380_D055,T01380,D055,1,2025-08-25T08:00:00+07:00,2025-08-25T10:57:45+07:00,False,True
T01381_D066,T01381,D066,1,2025-08-24T13:36:00+07:00,2025-08-24T15:34:56+07:00,False,True
T01382_D054,T01382,D054,1,2025-08-25T08:00:00+07:00,2025-08-25T14:04:57+07:00,False,True
T01383_D057,T01383,D057,1,2025-08-25T08:00:00+07:00,2025-08-25T13:26:31+07:00,False,True
T01384_D052,T01384,D052,1,2025-08-25T13:53:00+07:00,2025-08-25T16:48:54+07:00,False,True
T01385_D056,T01385,D056,1,2025-08-25T14:16:00+07:00,2025-08-25T17:07:34+07:00,False,True
T01386_D053,T01386,D053,1,2025-08-25T14:19:00+07:00,2025-08-25T17:11:16+07:00,False,True
T01387_D060,T01387,D060,1,2025-08-25T15:30:00+07:00,2025-08-25T21:13:16+07:00,False,True
T01388_D049,T01388,D049,1,2025-08-26T08:00:00+07:00,2025-08-26T13:22:28+07:00,False,True
T01389_D054,T01389,D054,1,2025-08-26T08:00:00+07:00,2025-08-26T13:48:49+07:00,False,True
T01390_D067,T01390,D067,1,2025-08-26T08:00:00+07:00,2025-08-26T12:57:31+07:00,False,True
T01391_D051,T01391,D051,1,2025-08-26T08:00:00+07:00,2025-08-26T10:24:15+07:00,False,True
T01392_D068,T01392,D068,1,2025-08-26T08:38:00+07:00,2025-08-26T13:59:01+07:00,False,True
T01393_D058,T01393,D058,1,2025-08-26T13:26:00+07:00,2025-08-26T16:19:32+07:00,False,True
T01394_D052,T01394,D052,1,2025-08-26T13:33:00+07:00,2025-08-26T19:24:22+07:00,False,True
T01395_D053,T01395,D053,1,2025-08-26T14:04:00+07:00,2025-08-26T16:51:37+07:00,False,True
T01396_D066,T01396,D066,1,2025-08-27T08:00:00+07:00,2025-08-27T13:02:11+07:00,False,True
T01397_D062,T01397,D062,1,2025-08-27T08:00:00+07:00,2025-08-27T13:44:35+07:00,False,True
T01398_D059,T01398,D059,1,2025-08-27T08:00:00+07:00,2025-08-27T10:33:15+07:00,False,True
T01399_D067,T01399,D067,1,2025-08-27T12:57:00+07:00,2025-08-27T16:05:20+07:00,False,True
T01400_D052,T01400,D052,1,2025-08-27T13:22:00+07:00,2025-08-27T15:52:01+07:00,False,True
T01401_D053,T01401,D053,1,2025-08-27T13:48:00+07:00,2025-08-27T16:06:56+07:00,False,True
T01402_D068,T01402,D068,1,2025-08-27T13:59:00+07:00,2025-08-27T17:00:26+07:00,False,True
T01403_D051,T01403,D051,1,2025-08-28T08:00:00+07:00,2025-08-28T13:11:16+07:00,False,True
T01404_D052,T01404,D052,1,2025-08-28T08:00:00+07:00,2025-08-28T10:18:28+07:00,False,True
T01405_D050,T01405,D050,1,2025-08-28T12:34:00+07:00,2025-08-28T18:19:25+07:00,False,True
T01406_D065,T01406,D065,1,2025-08-28T13:02:00+07:00,2025-08-28T15:43:05+07:00,False,True
T01407_D062,T01407,D062,1,2025-08-28T13:44:00+07:00,2025-08-28T16:13:46+07:00,False,True
T01408_D054,T01408,D054,1,2025-08-29T08:00:00+07:00,2025-08-29T13:18:08+07:00,False,True
T01409_D058,T01409,D058,1,2025-08-29T08:00:00+07:00,2025-08-29T13:14:16+07:00,False,True
T01410_D053,T01410,D053,1,2025-08-29T08:00:00+07:00,2025-08-29T13:54:48+07:00,False,True
T01411_D052,T01411,D052,1,2025-08-29T13:11:00+07:00,2025-08-29T15:28:42+07:00,False,True
T01412_D059,T01412,D059,1,2025-08-29T15:02:00+07:00,2025-08-29T21:00:13+07:00,False,True
T01413_D057,T01413,D057,1,2025-08-30T08:00:00+07:00,2025-08-30T14:41:16+07:00,False,True
T01414_D052,T01414,D052,1,2025-08-30T08:00:00+07:00,2025-08-30T10:45:56+07:00,False,True
T01415_D058,T01415,D058,1,2025-08-30T13:14:00+07:00,2025-08-30T16:18:42+07:00,False,True
T01416_D053,T01416,D053,1,2025-08-30T13:18:00+07:00,2025-08-30T15:17:59+07:00,False,True
T01417_D056,T01417,D056,1,2025-08-31T08:00:00+07:00,2025-08-31T14:27:30+07:00,False,True
T01418_D053,T01418,D053,1,2025-08-31T08:00:00+07:00,2025-08-31T14:31:33+07:00,False,True
T01419_D059,T01419,D059,1,2025-08-31T08:00:00+07:00,2025-08-31T09:55:05+07:00,False,True
T01420_D067,T01420,D067,1,2025-08-31T11:07:00+07:00,2025-08-31T17:20:21+07:00,False,True
T01421_D058,T01421,D058,1,2025-08-31T14:41:00+07:00,2025-08-31T17:27:41+07:00,False,True
T01422_D063,T01422,D063,1,2025-09-01T08:00:00+07:00,2025-09-01T13:33:03+07:00,False,True
T01423_D051,T01423,D051,1,2025-09-01T08:00:00+07:00,2025-09-01T14:26:16+07:00,False,True
T01424_D056,T01424,D056,1,2025-09-01T14:27:00+07:00,2025-09-01T16:57:40+07:00,False,True
T01425_D053,T01425,D053,1,2025-09-02T08:00:00+07:00,2025-09-02T13:49:06+07:00,False,True
T01426_D068,T01426,D068,1,2025-09-02T08:00:00+07:00,2025-09-02T10:04:31+07:00,False,True
T01427_D064,T01427,D064,1,2025-09-02T13:33:00+07:00,2025-09-02T15:43:27+07:00,False,True
T01428_D051,T01428,D051,1,2025-09-02T14:26:00+07:00,2025-09-02T17:04:59+07:00,False,True
T01429_D063,T01429,D063,1,2025-09-03T08:00:00+07:00,2025-09-03T14:37:02+07:00,False,True
T01430_D055,T01430,D055,1,2025-09-03T08:00:00+07:00,2025-09-03T13:58:13+07:00,False,True
T01431_D049,T01431,D049,1,2025-09-03T09:14:00+07:00,2025-09-03T15:06:25+07:00,False,True
T01432_D050,T01432,D050,1,2025-09-03T12:01:00+07:00,2025-09-03T17:33:15+07:00,False,True
T01433_D052,T01433,D052,1,2025-09-04T08:00:00+07:00,2025-09-04T13:48:45+07:00,False,True
T01434_D053,T01434,D053,1,2025-09-04T08:00:00+07:00,2025-09-04T13:47:58+07:00,False,True
T01435_D069,T01435,D069,1,2025-09-04T08:00:00+07:00,2025-09-04T14:10:16+07:00,False,True
T01436_D055,T01436,D055,1,2025-09-04T08:00:00+07:00,2025-09-04T13:46:31+07:00,False,True
T01437_D054,T01437,D054,1,2025-09-04T08:20:00+07:00,2025-09-04T14:00:56+07:00,False,True
T01438_D068,T01438,D068,1,2025-09-04T11:47:00+07:00,2025-09-04T16:57:40+07:00,False,True
T01439_D063,T01439,D063,1,2025-09-04T14:37:00+07:00,2025-09-04T17:00:27+07:00,False,True
T01440_D050,T01440,D050,1,2025-09-04T15:06:00+07:00,2025-09-04T17:44:16+07:00,False,True
T01441_D056,T01441,D056,1,2025-09-05T08:00:00+07:00,2025-09-05T14:07:09+07:00,False,True
T01442_D067,T01442,D067,1,2025-09-05T08:00:00+07:00,2025-09-05T13:26:42+07:00,False,True
T01443_D050,T01443,D050,1,2025-09-05T08:00:00+07:00,2025-09-05T13:38:38+07:00,False,True
T01444_D051,T01444,D051,1,2025-09-05T08:00:00+07:00,2025-09-05T13:58:18+07:00,False,True
T01445_D057,T01445,D057,1,2025-09-05T08:00:00+07:00,2025-09-05T13:54:04+07:00,False,True
T01446_D058,T01446,D058,1,2025-09-05T08:00:00+07:00,2025-09-05T14:41:17+07:00,False,True
T01447_D049,T01447,D049,1,2025-09-05T08:00:00+07:00,2025-09-05T10:07:30+07:00,False,True
T01448_D052,T01448,D052,1,2025-09-05T09:50:00+07:00,2025-09-05T16:03:02+07:00,False,True
T01449_D050,T01449,D050,1,2025-09-06T08:00:00+07:00,2025-09-06T13:23:43+07:00,False,True
T01450_D055,T01450,D055,1,2025-09-05T13:46:00+07:00,2025-09-05T16:02:55+07:00,False,True
T01451_D053,T01451,D053,1,2025-09-05T13:47:00+07:00,2025-09-05T15:57:09+07:00,False,True
T01452_D069,T01452,D069,1,2025-09-05T14:10:00+07:00,2025-09-05T16:04:31+07:00,False,True
T01453_D060,T01453,D060,1,2025-09-06T08:00:00+07:00,2025-09-06T13:43:58+07:00,False,True
T01454_D068,T01454,D068,1,2025-09-06T08:00:00+07:00,2025-09-06T10:35:56+07:00,False,True
T01455_D052,T01455,D052,1,2025-09-06T10:07:00+07:00,2025-09-06T16:23:05+07:00,False,True
T01456_D067,T01456,D067,1,2025-09-06T13:26:00+07:00,2025-09-06T16:22:23+07:00,False,True
T01457_D051,T01457,D051,1,2025-09-06T13:38:00+07:00,2025-09-06T16:23:53+07:00,False,True
T01458_D057,T01458,D057,1,2025-09-06T13:54:00+07:00,2025-09-06T16:14:17+07:00,False,True
T01459_D049,T01459,D049,1,2025-09-06T13:58:00+07:00,2025-09-06T16:40:14+07:00,False,True
T01460_D055,T01460,D055,1,2025-09-06T14:07:00+07:00,2025-09-06T17:04:05+07:00,False,True
T01461_D058,T01461,D058,1,2025-09-06T14:41:00+07:00,2025-09-06T16:39:25+07:00,False,True
T01462_D052,T01462,D052,1,2025-09-07T08:00:00+07:00,2025-09-07T13:47:01+07:00,False,True
T01463_D049,T01463,D049,1,2025-09-07T08:00:00+07:00,2025-09-07T14:20:01+07:00,False,True
T01464_D057,T01464,D057,1,2025-09-07T08:00:00+07:00,2025-09-07T13:27:45+07:00,False,True
T01465_D060,T01465,D060,1,2025-09-07T08:00:00+07:00,2025-09-07T13:23:18+07:00,False,True
T01466_D051,T01466,D051,1,2025-09-07T09:16:00+07:00,2025-09-07T15:38:01+07:00,False,True
T01467_D059,T01467,D059,1,2025-09-07T13:43:00+07:00,2025-09-07T16:19:15+07:00,False,True
T01468_D053,T01468,D053,1,2025-09-08T08:00:00+07:00,2025-09-08T13:53:36+07:00,False,True
T01469_D056,T01469,D056,1,2025-09-08T08:00:00+07:00,2025-09-08T13:17:45+07:00,False,True
T01470_D061,T01470,D061,1,2025-09-08T08:00:00+07:00,2025-09-08T13:12:59+07:00,False,True
T01471_D052,T01471,D052,1,2025-09-08T08:00:00+07:00,2025-09-08T13:56:15+07:00,False,True
T01472_D050,T01472,D050,1,2025-09-08T08:00:00+07:00,2025-09-08T09:44:34+07:00,False,True
T01473_D051,T01473,D051,1,2025-09-08T09:57:00+07:00,2025-09-08T15:02:58+07:00,False,True
T01474_D060,T01474,D060,1,2025-09-08T13:23:00+07:00,2025-09-08T15:57:24+07:00,False,True
T01475_D058,T01475,D058,1,2025-09-08T13:27:00+07:00,2025-09-08T16:12:13+07:00,False,True
T01476_D049,T01476,D049,1,2025-09-08T13:47:00+07:00,2025-09-08T16:28:45+07:00,False,True
T01477_D051,T01477,D051,1,2025-09-09T08:00:00+07:00,2025-09-09T10:48:23+07:00,False,True
T01478_D069,T01478,D069,1,2025-09-09T08:00:00+07:00,2025-09-09T14:34:14+07:00,False,True
T01479_D056,T01479,D056,1,2025-09-09T08:00:00+07:00,2025-09-09T14:35:01+07:00,False,True
T01480_D050,T01480,D050,1,2025-09-09T08:00:00+07:00,2025-09-09T13:50:28+07:00,False,True
T01481_D062,T01481,D062,1,2025-09-09T08:00:00+07:00,2025-09-09T13:29:18+07:00,False,True
T01482_D070,T01482,D070,1,2025-09-09T08:00:00+07:00,2025-09-09T13:27:13+07:00,False,True
T01483_D054,T01483,D054,1,2025-09-09T08:00:00+07:00,2025-09-09T13:51:29+07:00,False,True
T01484_D053,T01484,D053,1,2025-09-09T08:00:00+07:00,2025-09-09T10:33:51+07:00,False,True
T01485_D049,T01485,D049,1,2025-09-09T08:20:00+07:00,2025-09-09T14:01:35+07:00,False,True
T01486_D052,T01486,D052,1,2025-09-09T08:41:00+07:00,2025-09-09T15:05:00+07:00,False,True
T01487_D061,T01487,D061,1,2025-09-09T13:12:00+07:00,2025-09-09T16:09:18+07:00,False,True
T01488_D055,T01488,D055,1,2025-09-09T13:17:00+07:00,2025-09-09T16:20:15+07:00,False,True
T01489_D054,T01489,D054,1,2025-09-10T08:00:00+07:00,2025-09-10T10:46:35+07:00,False,True
T01490_D051,T01490,D051,1,2025-09-10T08:00:00+07:00,2025-09-10T10:30:23+07:00,False,True
T01491_D050,T01491,D050,1,2025-09-10T08:00:00+07:00,2025-09-10T10:43:49+07:00,False,True
T01492_D049,T01492,D049,1,2025-09-10T08:00:00+07:00,2025-09-10T13:13:50+07:00,False,True
T01493_D055,T01493,D055,1,2025-09-10T08:00:00+07:00,2025-09-10T14:20:53+07:00,False,True
T01494_D052,T01494,D052,1,2025-09-10T08:00:00+07:00,2025-09-10T13:51:34+07:00,False,True
T01495_D067,T01495,D067,1,2025-09-10T08:00:00+07:00,2025-09-10T13:44:03+07:00,False,True
T01496_D053,T01496,D053,1,2025-09-10T08:00:00+07:00,2025-09-10T14:00:10+07:00,False,True
T01497_D065,T01497,D065,1,2025-09-10T08:00:00+07:00,2025-09-10T13:37:34+07:00,False,True
T01498_D054,T01498,D054,1,2025-09-11T08:00:00+07:00,2025-09-11T13:49:23+07:00,False,True
T01499_D053,T01499,D053,1,2025-09-11T08:00:00+07:00,2025-09-11T10:37:47+07:00,False,True
T01500_D050,T01500,D050,1,2025-09-11T08:00:00+07:00,2025-09-11T13:57:30+07:00,False,True
T01501_D070,T01501,D070,1,2025-09-10T13:27:00+07:00,2025-09-10T15:50:42+07:00,False,True
T01502_D052,T01502,D052,1,2025-09-11T08:00:00+07:00,2025-09-11T10:08:37+07:00,False,True
T01503_D054,T01503,D054,1,2025-09-12T08:00:00+07:00,2025-09-12T11:01:32+07:00,False,True
T01504_D051,T01504,D051,1,2025-09-11T08:00:00+07:00,2025-09-11T09:55:16+07:00,False,True
T01505_D069,T01505,D069,1,2025-09-10T14:34:00+07:00,2025-09-10T16:12:18+07:00,False,True
T01506_D056,T01506,D056,1,2025-09-11T08:00:00+07:00,2025-09-11T12:41:39+07:00,False,True
T01507_D049,T01507,D049,1,2025-09-11T13:13:00+07:00,2025-09-11T16:17:28+07:00,False,True
T01508_D067,T01508,D067,1,2025-09-11T13:44:00+07:00,2025-09-11T16:34:39+07:00,False,True
T01509_D050,T01509,D050,1,2025-09-12T08:00:00+07:00,2025-09-12T10:38:13+07:00,False,True
T01510_D055,T01510,D055,1,2025-09-11T14:20:00+07:00,2025-09-11T16:46:59+07:00,False,True
T01511_D055,T01511,D055,1,2025-09-12T08:00:00+07:00,2025-09-12T13:20:33+07:00,False,True
T01512_D052,T01512,D052,1,2025-09-12T08:00:00+07:00,2025-09-12T13:54:01+07:00,False,True
T01513_D053,T01513,D053,1,2025-09-12T08:00:00+07:00,2025-09-12T12:55:29+07:00,False,True
T01514_D056,T01514,D056,1,2025-09-12T08:00:00+07:00,2025-09-12T13:28:51+07:00,False,True
T01515_D065,T01515,D065,1,2025-09-12T08:00:00+07:00,2025-09-12T14:26:36+07:00,False,True
T01516_D051,T01516,D051,1,2025-09-12T08:31:00+07:00,2025-09-12T14:05:02+07:00,False,True
T01517_D049,T01517,D049,1,2025-09-12T10:11:00+07:00,2025-09-12T15:17:01+07:00,False,True
T01518_D055,T01518,D055,1,2025-09-13T08:00:00+07:00,2025-09-13T10:50:35+07:00,False,True
T01519_D053,T01519,D053,1,2025-09-13T08:00:00+07:00,2025-09-13T10:23:29+07:00,False,True
T01520_D050,T01520,D050,1,2025-09-13T08:00:00+07:00,2025-09-13T10:16:04+07:00,False,True
T01521_D062,T01521,D062,1,2025-09-13T08:00:00+07:00,2025-09-13T14:13:53+07:00,False,True
T01522_D051,T01522,D051,1,2025-09-13T08:00:00+07:00,2025-09-13T14:06:40+07:00,False,True
T01523_D052,T01523,D052,1,2025-09-13T08:00:00+07:00,2025-09-13T14:16:14+07:00,False,True
T01524_D065,T01524,D065,1,2025-09-13T08:16:00+07:00,2025-09-13T13:10:24+07:00,False,True
T01525_D054,T01525,D054,1,2025-09-13T12:55:00+07:00,2025-09-13T15:45:19+07:00,False,True
T01526_D056,T01526,D056,1,2025-09-13T13:20:00+07:00,2025-09-13T15:50:43+07:00,False,True
T01527_D055,T01527,D055,1,2025-09-14T08:00:00+07:00,2025-09-14T10:33:02+07:00,False,True
T01528_D049,T01528,D049,1,2025-09-13T14:05:00+07:00,2025-09-13T16:43:59+07:00,False,True
T01529_D066,T01529,D066,1,2025-09-13T14:26:00+07:00,2025-09-13T16:46:32+07:00,False,True
T01530_D051,T01530,D051,1,2025-09-14T08:00:00+07:00,2025-09-14T10:47:40+07:00,False,True
T01531_D049,T01531,D049,1,2025-09-14T08:00:00+07:00,2025-09-14T13:48:42+07:00,False,True
T01532_D052,T01532,D052,1,2025-09-14T08:00:00+07:00,2025-09-14T11:23:31+07:00,False,True
T01533_D050,T01533,D050,1,2025-09-14T08:00:00+07:00,2025-09-14T14:04:23+07:00,False,True
T01534_D063,T01534,D063,1,2025-09-14T08:34:00+07:00,2025-09-14T14:07:01+07:00,False,True
T01535_D062,T01535,D062,1,2025-09-14T14:13:00+07:00,2025-09-14T18:14:10+07:00,False,True
T01536_D049,T01536,D049,1,2025-09-15T08:00:00+07:00,2025-09-15T10:09:29+07:00,False,True
T01537_D051,T01537,D051,1,2025-09-15T08:00:00+07:00,2025-09-15T14:06:19+07:00,False,True
T01538_D067,T01538,D067,1,2025-09-15T08:00:00+07:00,2025-09-15T13:52:23+07:00,False,True
T01539_D053,T01539,D053,1,2025-09-15T08:00:00+07:00,2025-09-15T13:31:36+07:00,False,True
T01540_D058,T01540,D058,1,2025-09-15T08:00:00+07:00,2025-09-15T13:37:56+07:00,False,True
T01541_D054,T01541,D054,1,2025-09-15T08:00:00+07:00,2025-09-15T14:14:37+07:00,False,True
T01542_D050,T01542,D050,1,2025-09-15T13:48:00+07:00,2025-09-15T16:36:36+07:00,False,True
T01543_D052,T01543,D052,1,2025-09-15T14:04:00+07:00,2025-09-15T16:30:33+07:00,False,True
T01544_D064,T01544,D064,1,2025-09-15T14:07:00+07:00,2025-09-15T16:01:02+07:00,False,True
T01545_D049,T01545,D049,1,2025-09-16T08:00:00+07:00,2025-09-16T13:12:51+07:00,False,True
T01546_D059,T01546,D059,1,2025-09-16T08:00:00+07:00,2025-09-16T13:46:30+07:00,False,True
T01547_D060,T01547,D060,1,2025-09-16T08:00:00+07:00,2025-09-16T10:36:52+07:00,False,True
T01548_D054,T01548,D054,1,2025-09-16T08:00:00+07:00,2025-09-16T14:16:53+07:00,False,True
T01549_D050,T01549,D050,1,2025-09-16T08:57:00+07:00,2025-09-16T14:39:38+07:00,False,True
T01550_D053,T01550,D053,1,2025-09-16T13:31:00+07:00,2025-09-16T16:25:37+07:00,False,True
T01551_D058,T01551,D058,1,2025-09-16T13:37:00+07:00,2025-09-16T15:59:38+07:00,False,True
T01552_D067,T01552,D067,1,2025-09-16T13:52:00+07:00,2025-09-16T16:26:26+07:00,False,True
T01553_D053,T01553,D053,1,2025-09-17T08:00:00+07:00,2025-09-17T10:55:04+07:00,False,True
T01554_D063,T01554,D063,1,2025-09-17T08:00:00+07:00,2025-09-17T13:49:07+07:00,False,True
T01555_D050,T01555,D050,1,2025-09-17T08:00:00+07:00,2025-09-17T14:09:56+07:00,False,True
T01556_D051,T01556,D051,1,2025-09-17T10:04:00+07:00,2025-09-17T16:08:55+07:00,False,True
T01557_D049,T01557,D049,1,2025-09-17T13:12:00+07:00,2025-09-17T15:37:31+07:00,False,True
T01558_D059,T01558,D059,1,2025-09-17T13:46:00+07:00,2025-09-17T16:50:05+07:00,False,True
T01559_D054,T01559,D054,1,2025-09-17T14:16:00+07:00,2025-09-17T17:28:05+07:00,False,True
T01560_D052,T01560,D052,1,2025-09-17T14:39:00+07:00,2025-09-17T16:56:56+07:00,False,True
T01561_D053,T01561,D053,1,2025-09-18T08:00:00+07:00,2025-09-18T13:35:33+07:00,False,True
T01562_D054,T01562,D054,1,2025-09-18T08:00:00+07:00,2025-09-18T14:18:23+07:00,False,True
T01563_D053,T01563,D053,1,2025-09-19T08:00:00+07:00,2025-09-19T14:03:04+07:00,False,True
T01564_D059,T01564,D059,1,2025-09-18T13:31:00+07:00,2025-09-18T19:20:51+07:00,False,True
T01565_D063,T01565,D063,1,2025-09-18T13:49:00+07:00,2025-09-18T16:37:53+07:00,False,True
T01566_D049,T01566,D049,1,2025-09-18T14:09:00+07:00,2025-09-18T16:33:03+07:00,False,True
T01567_D050,T01567,D050,1,2025-09-18T14:38:00+07:00,2025-09-18T20:31:15+07:00,False,True
T01568_D061,T01568,D061,1,2025-09-19T08:00:00+07:00,2025-09-19T14:20:32+07:00,False,True
T01569_D068,T01569,D068,1,2025-09-19T08:00:00+07:00,2025-09-19T14:12:10+07:00,False,True
T01570_D056,T01570,D056,1,2025-09-19T08:00:00+07:00,2025-09-19T14:06:15+07:00,False,True
T01571_D052,T01571,D052,1,2025-09-19T08:00:00+07:00,2025-09-19T13:53:51+07:00,False,True
T01572_D058,T01572,D058,1,2025-09-19T08:00:00+07:00,2025-09-19T13:30:44+07:00,False,True
T01573_D051,T01573,D051,1,2025-09-19T09:58:00+07:00,2025-09-19T14:48:57+07:00,False,True
T01574_D050,T01574,D050,1,2025-09-19T10:15:00+07:00,2025-09-19T15:37:00+07:00,False,True
T01575_D055,T01575,D055,1,2025-09-19T11:14:00+07:00,2025-09-19T16:39:01+07:00,False,True
T01576_D049,T01576,D049,1,2025-09-19T12:11:00+07:00,2025-09-19T17:04:38+07:00,False,True
T01577_D054,T01577,D054,1,2025-09-19T13:35:00+07:00,2025-09-19T15:48:01+07:00,False,True
T01578_D050,T01578,D050,1,2025-09-20T08:00:00+07:00,2025-09-20T14:17:39+07:00,False,True
T01579_D059,T01579,D059,1,2025-09-20T08:00:00+07:00,2025-09-20T10:41:05+07:00,False,True
T01580_D051,T01580,D051,1,2025-09-20T08:00:00+07:00,2025-09-20T10:36:33+07:00,False,True
T01581_D060,T01581,D060,1,2025-09-20T11:29:00+07:00,2025-09-20T17:30:12+07:00,False,True
T01582_D057,T01582,D057,1,2025-09-20T13:30:00+07:00,2025-09-20T16:01:32+07:00,False,True
T01583_D049,T01583,D049,1,2025-09-20T13:53:00+07:00,2025-09-20T16:58:06+07:00,False,True
T01584_D053,T01584,D053,1,2025-09-20T14:03:00+07:00,2025-09-20T16:55:01+07:00,False,True
T01585_D061,T01585,D061,1,2025-09-20T14:20:00+07:00,2025-09-20T16:52:47+07:00,False,True
T01586_D052,T01586,D052,1,2025-09-20T14:48:00+07:00,2025-09-20T17:32:11+07:00,False,True
T01587_D050,T01587,D050,1,2025-09-21T08:00:00+07:00,2025-09-21T10:13:25+07:00,False,True
T01588_D067,T01588,D067,1,2025-09-21T08:00:00+07:00,2025-09-21T13:45:02+07:00,False,True
T01589_D055,T01589,D055,1,2025-09-21T08:00:00+07:00,2025-09-21T10:54:35+07:00,False,True
T01590_D049,T01590,D049,1,2025-09-21T08:00:00+07:00,2025-09-21T10:10:53+07:00,False,True
T01591_D052,T01591,D052,1,2025-09-21T14:17:00+07:00,2025-09-21T17:57:22+07:00,False,True
T01592_D049,T01592,D049,1,2025-09-22T08:00:00+07:00,2025-09-22T14:02:25+07:00,False,True
T01593_D051,T01593,D051,1,2025-09-22T08:00:00+07:00,2025-09-22T14:16:24+07:00,False,True
T01594_D062,T01594,D062,1,2025-09-22T08:00:00+07:00,2025-09-22T14:16:19+07:00,False,True
T01595_D050,T01595,D050,1,2025-09-22T09:09:00+07:00,2025-09-22T15:32:11+07:00,False,True
T01596_D052,T01596,D052,1,2025-09-22T09:32:00+07:00,2025-09-22T16:17:33+07:00,False,True
T01597_D052,T01597,D052,1,2025-09-23T08:00:00+07:00,2025-09-23T14:25:51+07:00,False,True
T01598_D067,T01598,D067,1,2025-09-22T13:45:00+07:00,2025-09-22T16:02:25+07:00,False,True
T01599_D053,T01599,D053,1,2025-09-23T08:00:00+07:00,2025-09-23T13:48:30+07:00,False,True
T01600_D060,T01600,D060,1,2025-09-23T13:47:00+07:00,2025-09-23T18:19:22+07:00,False,True
T01601_D051,T01601,D051,1,2025-09-23T14:02:00+07:00,2025-09-23T17:28:16+07:00,False,True
T01602_D061,T01602,D061,1,2025-09-23T14:16:00+07:00,2025-09-23T17:08:54+07:00,False,True
T01603_D050,T01603,D050,1,2025-09-23T14:29:00+07:00,2025-09-23T20:30:12+07:00,False,True
T01604_D049,T01604,D049,1,2025-09-23T15:32:00+07:00,2025-09-23T17:46:30+07:00,False,True
T01605_D054,T01605,D054,1,2025-09-24T08:00:00+07:00,2025-09-24T13:02:31+07:00,False,True
T01606_D053,T01606,D053,1,2025-09-24T08:00:00+07:00,2025-09-24T14:08:39+07:00,False,True
T01607_D050,T01607,D050,1,2025-09-24T08:00:00+07:00,2025-09-24T10:44:19+07:00,False,True
T01608_D049,T01608,D049,1,2025-09-24T08:04:00+07:00,2025-09-24T13:49:00+07:00,False,True
T01609_D051,T01609,D051,1,2025-09-24T09:30:00+07:00,2025-09-24T15:41:20+07:00,False,True
T01610_D053,T01610,D053,1,2025-09-25T08:00:00+07:00,2025-09-25T10:09:35+07:00,False,True
T01611_D052,T01611,D052,1,2025-09-24T14:25:00+07:00,2025-09-24T16:53:15+07:00,False,True
T01612_D058,T01612,D058,1,2025-09-25T08:00:00+07:00,2025-09-25T13:59:53+07:00,False,True
T01613_D060,T01613,D060,1,2025-09-25T08:00:00+07:00,2025-09-25T10:24:42+07:00,False,True
T01614_D050,T01614,D050,1,2025-09-25T08:00:00+07:00,2025-09-25T09:43:49+07:00,False,True
T01615_D051,T01615,D051,1,2025-09-25T13:49:00+07:00,2025-09-25T16:29:15+07:00,False,True
T01616_D049,T01616,D049,1,2025-09-25T15:41:00+07:00,2025-09-25T17:35:49+07:00,False,True
T01617_D063,T01617,D063,1,2025-09-26T08:00:00+07:00,2025-09-26T13:13:40+07:00,False,True
T01618_D058,T01618,D058,1,2025-09-26T08:00:00+07:00,2025-09-26T13:53:09+07:00,False,True
T01619_D052,T01619,D052,1,2025-09-26T10:01:00+07:00,2025-09-26T15:24:20+07:00,False,True
T01620_D067,T01620,D067,1,2025-09-26T10:18:00+07:00,2025-09-26T15:43:29+07:00,False,True
T01621_D068,T01621,D068,1,2025-09-26T10:18:00+07:00,2025-09-26T12:45:33+07:00,False,True
T01622_D057,T01622,D057,1,2025-09-26T13:59:00+07:00,2025-09-26T17:04:06+07:00,False,True
T01623_D050,T01623,D050,1,2025-09-27T08:00:00+07:00,2025-09-27T13:33:24+07:00,False,True
T01624_D054,T01624,D054,1,2025-09-27T08:00:00+07:00,2025-09-27T13:56:29+07:00,False,True
T01625_D052,T01625,D052,1,2025-09-27T08:00:00+07:00,2025-09-27T14:14:13+07:00,False,True
T01626_D053,T01626,D053,1,2025-09-27T08:00:00+07:00,2025-09-27T14:14:05+07:00,False,True
T01627_D064,T01627,D064,1,2025-09-27T13:13:00+07:00,2025-09-27T16:11:06+07:00,False,True
T01628_D049,T01628,D049,1,2025-09-27T15:24:00+07:00,2025-09-27T17:55:50+07:00,False,True
T01629_D052,T01629,D052,1,2025-09-28T08:00:00+07:00,2025-09-28T13:23:51+07:00,False,True
T01630_D051,T01630,D051,1,2025-09-28T13:33:00+07:00,2025-09-28T15:51:50+07:00,False,True
T01631_D050,T01631,D050,1,2025-09-28T14:14:00+07:00,2025-09-28T15:53:43+07:00,False,True
T01632_D053,T01632,D053,1,2025-09-28T14:14:00+07:00,2025-09-28T16:46:23+07:00,False,True
T01633_D062,T01633,D062,1,2025-09-29T08:00:00+07:00,2025-09-29T14:17:18+07:00,False,True
T01634_D068,T01634,D068,1,2025-09-29T08:00:00+07:00,2025-09-29T13:52:48+07:00,False,True
T01635_D061,T01635,D061,1,2025-09-29T08:00:00+07:00,2025-09-29T14:24:10+07:00,False,True
T01636_D050,T01636,D050,1,2025-09-29T13:23:00+07:00,2025-09-29T16:01:16+07:00,False,True
T01637_D058,T01637,D058,1,2025-09-29T14:59:00+07:00,2025-09-29T21:35:38+07:00,False,True
T01638_D050,T01638,D050,1,2025-09-30T09:12:00+07:00,2025-09-30T15:20:49+07:00,False,True
T01639_D052,T01639,D052,1,2025-09-30T11:44:00+07:00,2025-09-30T18:10:15+07:00,False,True
T01640_D068,T01640,D068,1,2025-09-30T13:52:00+07:00,2025-09-30T16:37:39+07:00,False,True
T01641_D061,T01641,D061,1,2025-09-30T14:17:00+07:00,2025-09-30T16:13:43+07:00,False,True
T01642_D062,T01642,D062,1,2025-09-30T14:24:00+07:00,2025-09-30T16:13:21+07:00,False,True
T01643_D067,T01643,D067,1,,,True,True
T01644_D069,T01644,D069,1,,,True,True
T01645_D056,T01645,D056,1,,,True,True
T01646_D055,T01646,D055,1,,,True,True
T01647_D056,T01647,D056,1,,,True,True
T01648_D058,T01648,D058,1,,,True,True
T01649_D052,T01649,D052,1,,,True,True
T01650_D069,T01650,D069,1,,,True,True
T01651_D055,T01651,D055,1,,,True,True
T01652_D056,T01652,D056,1,,,True,True
T01653_D055,T01653,D055,1,,,True,True
