trip_id,route_id,trip_kind,vehicle_id,origin_hub_id,destination_hub_id,condition_id,planned_departure_at,planned_completion_at,actual_departure_at,actual_destination_arrival_at,actual_return_departure_at,actual_completion_at,trip_status,shipment_count,load_weight_kg,load_volume_m3,planned_round_trip_km,actual_round_trip_km,actual_outbound_km,driving_hours,actual_fuel_litres,fuel_price_id,planned_freight_cost_thb,actual_freight_cost_thb,actual_fuel_cost_thb,cost_is_settled,cost_basis,is_synthetic
T00001,R_CNX,LINEHAUL,V023,H_UBP,H_CNX,20250401_CNX,2025-04-01T17:30:00+07:00,2025-04-03T12:41:30+07:00,2025-04-01T17:30:00+07:00,2025-04-02T09:07:13+07:00,2025-04-02T21:07:13+07:00,2025-04-03T12:37:49+07:00,COMPLETED,19,1347.38,5.4587,1850.224,1874.242,932.636,29.347,359.436,FUEL202504,25918.99,26666.19,11480.39,True,Synthetic cost model; fuel unit-price benchmark from EPPO,True
T00002,R_BKK,LINEHAUL,V009,H_UBP,H_BKK,20250402_BKK,2025-04-02T09:45:00+07:00,2025-04-03T18:36:53+07:00,2025-04-02T09:45:00+07:00,2025-04-02T20:47:56+07:00,2025-04-03T08:47:56+07:00,2025-04-03T19:19:14+07:00,COMPLETED,20,1596.61,7.0841,1209.891,1230.12,614.787,19.993,182.545,FUEL202504,13587.64,14361.45,5830.49,True,Synthetic cost model; fuel unit-price benchmark from EPPO,True
T00003,R_SSK,LINEHAUL,V020,H_UBP,H_SSK,20250402_SSK,2025-04-02T12:45:00+07:00,2025-04-03T00:19:33+07:00,2025-04-02T12:45:00+07:00,2025-04-02T16:15:12+07:00,2025-04-03T00:15:12+07:00,2025-04-03T02:00:05+07:00,COMPLETED,20,1402.11,6.512,138.032,141.599,71.063,2.275,28.852,FUEL202504,2877.93,3022.83,921.53,True,Synthetic cost model; fuel unit-price benchmark from EPPO,True
T00004,R_CNX,LINEHAUL,V002,H_UBP,H_CNX,20250402_CNX,2025-04-02T13:30:00+07:00,2025-04-04T08:41:30+07:00,2025-04-02T13:30:00+07:00,2025-04-03T07:32:44+07:00,2025-04-03T19:32:44+07:00,2025-04-04T11:28:23+07:00,COMPLETED,19,1423.39,6.2765,1850.224,1885.255,943.088,30.935,259.291,FUEL202504,19800.96,20494.13,8281.75,True,Synthetic cost model; fuel unit-price benchmark from EPPO,True
T00005,R_BKK,LINEHAUL,V014,H_UBP,H_BKK,20250402_BKK,2025-04-02T17:15:00+07:00,2025-04-04T02:06:53+07:00,2025-04-02T17:15:00+07:00,2025-04-03T05:09:35+07:00,2025-04-03T17:09:35+07:00,2025-04-04T04:01:14+07:00,COMPLETED,20,1217.72,5.3294,1209.891,1235.58,614.982,19.818,232.912,FUEL202504,17613.42,18259.33,7439.21,True,Synthetic cost model; fuel unit-price benchmark from EPPO,True
T00006,R_KSN,LINEHAUL,V024,H_UBP,H_KSN,20250403_KSN,2025-04-03T11:00:00+07:00,2025-04-04T03:27:41+07:00,2025-04-03T11:00:00+07:00,2025-04-03T17:25:06+07:00,2025-04-04T01:25:06+07:00,2025-04-04T05:39:16+07:00,COMPLETED,19,1240.24,5.7982,440.891,453.138,231.602,7.477,88.481,FUEL202504,6854.61,7243.81,2826.08,True,Synthetic cost model; fuel unit-price benchmark from EPPO,True
T00007,R_SSK,LINEHAUL,V016,H_UBP,H_SSK,20250403_SSK,2025-04-03T12:45:00+07:00,2025-04-04T00:19:33+07:00,2025-04-03T12:45:00+07:00,2025-04-03T14:48:19+07:00,2025-04-03T22:48:19+07:00,2025-04-04T00:31:00+07:00,COMPLETED,20,1735.95,7.8678,138.032,138.764,68.486,2.182,26.967,FUEL202504,2877.93,2932.5,861.33,True,Synthetic cost model; fuel unit-price benchmark from EPPO,True
T00008,R_KKC,LINEHAUL,V006,H_UBP,H_KKC,20250403_KKC,2025-04-03T13:00:00+07:00,2025-04-04T07:37:19+07:00,2025-04-03T13:00:00+07:00,2025-04-03T20:16:30+07:00,2025-04-04T04:16:30+07:00,2025-04-04T09:25:44+07:00,COMPLETED,19,1622.83,7.7804,574.88,590.162,294.44,9.344,81.468,FUEL202504,6686.74,6898.62,2602.09,True,Synthetic cost model; fuel unit-price benchmark from EPPO,True
T00009,R_CNX,LINEHAUL,V012,H_UBP,H_CNX,20250403_CNX,2025-04-03T19:15:00+07:00,2025-04-05T14:26:30+07:00,2025-04-03T19:15:00+07:00,2025-04-04T13:51:41+07:00,2025-04-05T01:51:41+07:00,2025-04-05T18:10:27+07:00,COMPLETED,19,1413.18,6.3791,1850.224,1896.405,943.263,31.628,256.642,FUEL202504,19800.96,20560.77,8197.15,True,Synthetic cost model; fuel unit-price benchmark from EPPO,True
T00010,R_NMA,LINEHAUL,V016,H_UBP,H_NMA,20250404_NMA,2025-04-04T16:00:00+07:00,2025-04-05T13:33:22+07:00,2025-04-04T16:00:00+07:00,2025-04-05T00:17:38+07:00,2025-04-05T08:17:38+07:00,2025-04-05T15:11:57+07:00,COMPLETED,19,1340.53,5.7968,756.817,774.267,395.011,12.393,150.143,FUEL202504,11047.51,11560.17,4795.57,True,Synthetic cost model; fuel unit-price benchmark from EPPO,True
T00011,R_NMA,LINEHAUL,V022,H_UBP,H_NMA,20250406_NMA,2025-04-06T16:30:00+07:00,2025-04-07T14:03:22+07:00,2025-04-06T16:30:00+07:00,2025-04-06T23:42:39+07:00,2025-04-07T07:42:39+07:00,2025-04-07T14:40:30+07:00,COMPLETED,20,1537.78,7.0083,756.817,767.274,380.533,12.663,147.972,FUEL202504,11090.31,11554.24,4726.23,True,Synthetic cost model; fuel unit-price benchmark from EPPO,True
T00012,R_RET,LINEHAUL,V003,H_UBP,H_RET,20250406_RET,2025-04-06T17:30:00+07:00,2025-04-07T08:24:04+07:00,2025-04-06T17:30:00+07:00,2025-04-06T22:46:14+07:00,2025-04-07T06:46:14+07:00,2025-04-07T10:21:49+07:00,COMPLETED,20,1640.58,7.6064,344.211,351.817,177.56,5.737,48.52,FUEL202504,4420.32,4558.41,1549.73,True,Synthetic cost model; fuel unit-price benchmark from EPPO,True
T00013,R_UTH,LINEHAUL,V008,H_UBP,H_UTH,20250406_UTH,2025-04-06T18:15:00+07:00,2025-04-07T20:41:05+07:00,2025-04-06T18:15:00+07:00,2025-04-07T02:17:53+07:00,2025-04-07T14:17:53+07:00,2025-04-07T21:16:11+07:00,COMPLETED,20,1544.31,6.8887,811.254,831.256,424.395,13.534,117.253,FUEL202504,9451.03,9877.62,3745.06,True,Synthetic cost model; fuel unit-price benchmark from EPPO,True
T00014,R_CNX,LINEHAUL,V009,H_UBP,H_CNX,20250407_CNX,2025-04-07T11:30:00+07:00,2025-04-09T06:41:30+07:00,2025-04-07T11:30:00+07:00,2025-04-08T05:09:37+07:00,2025-04-08T17:09:37+07:00,2025-04-09T08:29:46+07:00,COMPLETED,19,1314.72,5.7863,1850.224,1875.423,926.07,30.06,282.715,FUEL202504,19800.96,21064.05,9029.92,True,Synthetic cost model; fuel unit-price benchmark from EPPO,True
T00015,R_CNX,LINEHAUL,V004,H_UBP,H_CNX,20250407_CNX,2025-04-07T18:15:00+07:00,2025-04-09T13:26:30+07:00,2025-04-07T18:15:00+07:00,2025-04-08T10:51:25+07:00,2025-04-08T22:51:25+07:00,2025-04-09T14:47:58+07:00,COMPLETED,20,1463.02,6.4578,1850.224,1907.193,962.879,31.074,269.53,FUEL202504,19841.36,20950.94,8608.79,True,Synthetic cost model; fuel unit-price benchmark from EPPO,True
T00016,R_BKK,LINEHAUL,V014,H_UBP,H_BKK,20250408_BKK,2025-04-08T14:30:00+07:00,2025-04-09T23:21:53+07:00,2025-04-08T14:30:00+07:00,2025-04-09T01:35:38+07:00,2025-04-09T13:35:38+07:00,2025-04-10T00:37:06+07:00,COMPLETED,20,1663.54,7.0818,1209.891,1243.382,628.002,20.461,232.251,FUEL202504,17613.42,18299.35,7418.1,True,Synthetic cost model; fuel unit-price benchmark from EPPO,True
T00017,R_KSN,LINEHAUL,V008,H_UBP,H_KSN,20250408_KSN,2025-04-08T16:45:00+07:00,2025-04-09T09:12:41+07:00,2025-04-08T16:45:00+07:00,2025-04-08T21:45:57+07:00,2025-04-09T05:45:57+07:00,2025-04-09T09:56:54+07:00,COMPLETED,20,1467.33,6.1389,440.891,446.405,223.813,7.371,61.48,FUEL202504,5387.18,5533.97,1963.67,True,Synthetic cost model; fuel unit-price benchmark from EPPO,True
T00018,R_SSK,LINEHAUL,V016,H_UBP,H_SSK,20250408_SSK,2025-04-08T17:30:00+07:00,2025-04-09T05:04:33+07:00,2025-04-08T17:30:00+07:00,2025-04-08T20:39:01+07:00,2025-04-09T04:39:01+07:00,2025-04-09T06:25:03+07:00,COMPLETED,19,971.06,4.1036,138.032,140.304,68.329,2.274,26.395,FUEL202504,2835.13,2895.75,843.06,True,Synthetic cost model; fuel unit-price benchmark from EPPO,True
T00019,R_CNX,LINEHAUL,V007,H_UBP,H_CNX,20250408_CNX,2025-04-08T18:00:00+07:00,2025-04-10T13:11:30+07:00,2025-04-08T18:00:00+07:00,2025-04-09T10:42:09+07:00,2025-04-09T22:42:09+07:00,2025-04-10T14:04:10+07:00,COMPLETED,20,2062.43,8.8726,1850.224,1895.047,943.674,29.435,251.228,FUEL202504,19841.36,20051.34,8024.22,True,Synthetic cost model; fuel unit-price benchmark from EPPO,True
T00020,R_SSK,LINEHAUL,V011,H_UBP,H_SSK,20250409_SSK,2025-04-09T13:30:00+07:00,2025-04-10T01:04:33+07:00,2025-04-09T13:30:00+07:00,2025-04-09T17:21:37+07:00,2025-04-10T01:21:37+07:00,2025-04-10T03:07:12+07:00,COMPLETED,19,1196.82,5.7238,138.032,139.173,68.064,2.291,21.05,FUEL202504,2318.0,2416.85,672.34,True,Synthetic cost model; fuel unit-price benchmark from EPPO,True
T00021,R_CNX,LINEHAUL,V001,H_UBP,H_CNX,20250409_CNX,2025-04-09T13:45:00+07:00,2025-04-11T08:56:30+07:00,2025-04-09T13:45:00+07:00,2025-04-11T07:24:42+07:00,2025-04-11T19:24:42+07:00,2025-04-12T11:46:46+07:00,COMPLETED,20,1695.58,7.1547,1850.224,1880.468,935.998,30.876,261.394,FUEL202504,19841.36,20577.22,8348.92,True,Synthetic cost model; fuel unit-price benchmark from EPPO,True
T00022,R_BKK,LINEHAUL,V006,H_UBP,H_BKK,20250409_BKK,2025-04-09T14:00:00+07:00,2025-04-10T22:51:53+07:00,2025-04-09T14:00:00+07:00,2025-04-10T02:42:02+07:00,2025-04-10T14:42:02+07:00,2025-04-11T01:39:22+07:00,COMPLETED,20,1472.12,6.3302,1209.891,1237.513,627.547,20.548,169.179,FUEL202504,13587.64,14115.98,5403.58,True,Synthetic cost model; fuel unit-price benchmark from EPPO,True
T00023,R_CNX,LINEHAUL,V017,H_UBP,H_CNX,20250410_CNX,2025-04-10T08:45:00+07:00,2025-04-12T03:56:30+07:00,2025-04-10T08:45:00+07:00,2025-04-11T02:51:01+07:00,2025-04-11T14:51:01+07:00,2025-04-12T07:17:07+07:00,COMPLETED,19,1188.22,5.0405,1850.224,1873.258,934.767,31.3,338.141,FUEL202504,25918.99,26352.79,10800.22,True,Synthetic cost model; fuel unit-price benchmark from EPPO,True
T00024,R_KKC,LINEHAUL,V012,H_UBP,H_KKC,20250410_KKC,2025-04-10T10:00:00+07:00,2025-04-11T04:37:19+07:00,2025-04-10T10:00:00+07:00,2025-04-11T06:00:00+07:00,2025-04-11T14:00:00+07:00,2025-04-11T19:33:19+07:00,COMPLETED,20,1529.23,6.6902,574.88,589.627,297.107,9.705,82.888,FUEL202504,6727.14,7044.18,2647.44,True,Synthetic cost model; fuel unit-price benchmark from EPPO,True
T00025,R_CNX,LINEHAUL,V004,H_UBP,H_CNX,20250410_CNX,2025-04-10T13:15:00+07:00,2025-04-12T08:26:30+07:00,2025-04-10T13:15:00+07:00,2025-04-11T07:13:02+07:00,2025-04-11T19:13:02+07:00,2025-04-12T11:49:07+07:00,COMPLETED,20,1489.18,7.0928,1850.224,1906.586,961.14,32.032,262.275,FUEL202504,19841.36,20880.19,8377.06,True,Synthetic cost model; fuel unit-price benchmark from EPPO,True
T00026,R_NMA,LINEHAUL,V014,H_UBP,H_NMA,20250410_NMA,2025-04-10T14:00:00+07:00,2025-04-11T11:33:22+07:00,2025-04-10T14:00:00+07:00,2025-04-10T21:43:16+07:00,2025-04-11T05:43:16+07:00,2025-04-11T12:23:42+07:00,COMPLETED,19,1351.5,5.9778,756.817,775.87,389.543,12.105,146.469,FUEL202504,11047.51,11395.1,4678.22,True,Synthetic cost model; fuel unit-price benchmark from EPPO,True
T00027,R_NMA,LINEHAUL,V003,H_UBP,H_NMA,20250411_NMA,2025-04-11T10:15:00+07:00,2025-04-12T07:48:22+07:00,2025-04-11T10:15:00+07:00,2025-04-11T18:11:48+07:00,2025-04-12T02:11:48+07:00,2025-04-12T08:54:04+07:00,COMPLETED,20,1343.17,6.2533,756.817,769.318,389.471,12.592,105.547,FUEL202504,8546.62,8797.74,3371.17,True,Synthetic cost model; fuel unit-price benchmark from EPPO,True
T00028,R_CNX,LINEHAUL,V005,H_UBP,H_CNX,20250411_CNX,2025-04-11T18:15:00+07:00,2025-04-13T13:26:30+07:00,2025-04-11T18:15:00+07:00,2025-04-12T10:51:39+07:00,2025-04-12T22:51:39+07:00,2025-04-13T14:46:48+07:00,COMPLETED,20,1387.87,6.6352,1850.224,1857.253,924.864,30.898,255.62,FUEL202504,19841.36,20326.87,8164.5,True,Synthetic cost model; fuel unit-price benchmark from EPPO,True
T00029,R_KKC,LINEHAUL,V019,H_UBP,H_KKC,20250412_KKC,2025-04-12T09:15:00+07:00,2025-04-13T03:52:19+07:00,2025-04-12T09:15:00+07:00,2025-04-12T16:45:53+07:00,2025-04-13T00:45:53+07:00,2025-04-13T06:14:17+07:00,COMPLETED,20,1537.13,7.0797,574.88,580.539,291.499,9.858,112.817,FUEL202504,8675.68,9076.72,3603.37,True,Synthetic cost model; fuel unit-price benchmark from EPPO,True
T00030,R_SSK,LINEHAUL,V010,H_UBP,H_SSK,20250412_SSK,2025-04-12T14:30:00+07:00,2025-04-13T02:04:33+07:00,2025-04-12T14:30:00+07:00,2025-04-12T17:53:32+07:00,2025-04-13T01:53:32+07:00,2025-04-13T03:38:02+07:00,COMPLETED,20,1600.89,7.1109,138.032,141.645,69.674,2.253,20.276,FUEL202504,2358.4,2433.6,647.62,True,Synthetic cost model; fuel unit-price benchmark from EPPO,True
T00031,R_CNX,LINEHAUL,V001,H_UBP,H_CNX,20250413_CNX,2025-04-13T08:45:00+07:00,2025-04-15T03:56:30+07:00,2025-04-13T08:45:00+07:00,2025-04-14T01:17:59+07:00,2025-04-14T13:17:59+07:00,2025-04-15T04:26:38+07:00,COMPLETED,20,1459.11,5.97,1850.224,1854.993,927.666,29.005,260.324,FUEL202504,19841.36,20148.62,8314.75,True,Synthetic cost model; fuel unit-price benchmark from EPPO,True
T00032,R_RET,LINEHAUL,V016,H_UBP,H_RET,20250414_RET,2025-04-14T16:00:00+07:00,2025-04-15T06:54:04+07:00,2025-04-14T16:00:00+07:00,2025-04-14T19:47:17+07:00,2025-04-15T03:47:17+07:00,2025-04-15T07:11:57+07:00,COMPLETED,19,1389.08,5.988,344.211,356.242,179.485,5.592,68.153,FUEL202504,5571.5,5809.99,2176.81,True,Synthetic cost model; fuel unit-price benchmark from EPPO,True
T00033,R_UTH,LINEHAUL,V024,H_UBP,H_UTH,20250414_UTH,2025-04-14T17:15:00+07:00,2025-04-15T19:41:05+07:00,2025-04-14T17:15:00+07:00,2025-04-15T01:47:31+07:00,2025-04-15T13:47:31+07:00,2025-04-15T21:15:42+07:00,COMPLETED,20,1473.11,6.2477,811.254,842.46,426.293,14.072,162.557,FUEL202504,12172.79,12978.57,5192.07,True,Synthetic cost model; fuel unit-price benchmark from EPPO,True
T00034,R_BKK,LINEHAUL,V013,H_UBP,H_BKK,20250414_BKK,2025-04-14T18:15:00+07:00,2025-04-16T03:06:53+07:00,2025-04-14T18:15:00+07:00,2025-04-15T06:05:15+07:00,2025-04-15T18:05:15+07:00,2025-04-16T05:01:22+07:00,COMPLETED,20,1265.66,5.8478,1209.891,1224.965,612.726,20.027,219.314,FUEL202504,17613.42,17704.55,7004.89,True,Synthetic cost model; fuel unit-price benchmark from EPPO,True
T00035,R_NMA,LINEHAUL,V021,H_UBP,H_NMA,20250414_NMA,2025-04-14T18:30:00+07:00,2025-04-15T16:03:22+07:00,2025-04-14T18:30:00+07:00,2025-04-15T02:56:14+07:00,2025-04-15T10:56:14+07:00,2025-04-15T17:40:59+07:00,COMPLETED,19,1688.45,7.8577,756.817,776.723,394.725,12.301,147.482,FUEL202504,11047.51,11468.6,4710.58,True,Synthetic cost model; fuel unit-price benchmark from EPPO,True
T00036,R_RET,LINEHAUL,V018,H_UBP,H_RET,20250416_RET,2025-04-16T14:00:00+07:00,2025-04-17T04:54:04+07:00,2025-04-16T14:00:00+07:00,2025-04-16T19:29:15+07:00,2025-04-17T03:29:15+07:00,2025-04-17T06:54:50+07:00,COMPLETED,20,1201.81,5.3742,344.211,354.288,179.075,5.903,62.989,FUEL202504,5614.3,5738.29,2011.87,True,Synthetic cost model; fuel unit-price benchmark from EPPO,True
T00037,R_SSK,LINEHAUL,V021,H_UBP,H_SSK,20250418_SSK,2025-04-18T09:15:00+07:00,2025-04-18T20:49:33+07:00,2025-04-18T09:15:00+07:00,2025-04-19T05:34:38+07:00,2025-04-19T13:34:38+07:00,2025-04-19T15:16:37+07:00,COMPLETED,19,1146.51,5.2968,138.032,141.499,70.548,2.188,26.162,FUEL202504,2835.13,2877.22,835.61,True,Synthetic cost model; fuel unit-price benchmark from EPPO,True
T00038,R_BKK,LINEHAUL,V006,H_UBP,H_BKK,20250418_BKK,2025-04-18T13:15:00+07:00,2025-04-19T22:06:53+07:00,2025-04-18T13:15:00+07:00,2025-04-19T13:18:17+07:00,2025-04-20T01:18:17+07:00,2025-04-20T11:51:20+07:00,COMPLETED,19,1464.13,6.3813,1209.891,1242.408,629.437,20.493,165.302,FUEL202504,13547.24,13956.38,5279.75,True,Synthetic cost model; fuel unit-price benchmark from EPPO,True
T00039,R_KSN,LINEHAUL,V020,H_UBP,H_KSN,20250418_KSN,2025-04-18T19:15:00+07:00,2025-04-19T11:42:41+07:00,2025-04-18T19:15:00+07:00,2025-04-19T00:34:55+07:00,2025-04-19T08:34:55+07:00,2025-04-19T12:41:39+07:00,COMPLETED,20,1609.95,6.5147,440.891,449.992,228.63,7.233,91.884,FUEL202504,6897.41,7334.94,2934.77,True,Synthetic cost model; fuel unit-price benchmark from EPPO,True
T00040,R_CNX,LINEHAUL,V014,H_UBP,H_CNX,20250419_CNX,2025-04-19T08:30:00+07:00,2025-04-21T03:41:30+07:00,2025-04-19T08:30:00+07:00,2025-04-20T00:55:21+07:00,2025-04-20T12:55:21+07:00,2025-04-21T05:35:09+07:00,COMPLETED,19,1259.51,6.0432,1850.224,1889.91,949.141,31.063,359.272,FUEL202504,25918.99,27055.99,11475.15,True,Synthetic cost model; fuel unit-price benchmark from EPPO,True
T00041,R_KKC,LINEHAUL,V001,H_UBP,H_KKC,20250419_KKC,2025-04-19T10:30:00+07:00,2025-04-20T05:07:19+07:00,2025-04-19T10:30:00+07:00,2025-04-19T17:06:40+07:00,2025-04-20T01:06:40+07:00,2025-04-20T06:41:10+07:00,COMPLETED,20,1481.03,6.5938,574.88,594.222,301.504,9.832,81.262,FUEL202504,6727.14,7027.59,2595.51,True,Synthetic cost model; fuel unit-price benchmark from EPPO,True
T00042,R_RET,LINEHAUL,V013,H_UBP,H_RET,20250419_RET,2025-04-19T11:45:00+07:00,2025-04-20T02:39:04+07:00,2025-04-19T11:45:00+07:00,2025-04-19T16:31:20+07:00,2025-04-20T00:31:20+07:00,2025-04-20T04:02:52+07:00,COMPLETED,20,1834.93,7.7989,344.211,351.203,177.186,5.854,63.2,FUEL202504,5614.3,5722.15,2018.61,True,Synthetic cost model; fuel unit-price benchmark from EPPO,True
T00043,R_UTH,LINEHAUL,V018,H_UBP,H_UTH,20250419_UTH,2025-04-19T18:00:00+07:00,2025-04-20T20:26:05+07:00,2025-04-19T18:00:00+07:00,2025-04-20T02:48:07+07:00,2025-04-20T14:48:07+07:00,2025-04-20T22:07:42+07:00,COMPLETED,20,1110.2,4.9232,811.254,824.107,408.794,13.552,141.444,FUEL202504,12172.79,12124.71,4517.72,True,Synthetic cost model; fuel unit-price benchmark from EPPO,True
T00044,R_RYG,LINEHAUL,V009,H_UBP,H_RYG,20250420_RYG,2025-04-20T08:45:00+07:00,2025-04-21T19:28:30+07:00,2025-04-20T08:45:00+07:00,2025-04-20T22:31:31+07:00,2025-04-21T10:31:31+07:00,2025-04-21T22:20:24+07:00,COMPLETED,19,1314.44,6.1153,1325.236,1347.679,665.471,22.54,196.231,FUEL202504,14700.76,15576.94,6267.62,True,Synthetic cost model; fuel unit-price benchmark from EPPO,True
T00045,R_RYG,LINEHAUL,V011,H_UBP,H_RYG,20250420_RYG,2025-04-20T11:15:00+07:00,2025-04-21T21:58:30+07:00,2025-04-20T11:15:00+07:00,2025-04-20T23:51:54+07:00,2025-04-21T11:51:54+07:00,2025-04-21T22:58:18+07:00,COMPLETED,19,951.38,4.0629,1325.236,1333.888,663.456,21.112,201.005,FUEL202504,14700.76,15397.72,6420.1,True,Synthetic cost model; fuel unit-price benchmark from EPPO,True
T00046,R_RET,LINEHAUL,V002,H_UBP,H_RET,20250420_RET,2025-04-20T17:15:00+07:00,2025-04-21T08:09:04+07:00,2025-04-20T17:15:00+07:00,2025-04-20T21:47:00+07:00,2025-04-21T05:47:00+07:00,2025-04-21T09:10:13+07:00,COMPLETED,19,1189.08,4.9235,344.211,346.083,173.187,5.549,47.404,FUEL202504,4379.92,4433.29,1514.08,True,Synthetic cost model; fuel unit-price benchmark from EPPO,True
T00047,R_RET,LINEHAUL,V017,H_UBP,H_RET,20250420_RET,2025-04-20T18:00:00+07:00,2025-04-21T08:54:04+07:00,2025-04-20T18:00:00+07:00,2025-04-20T22:12:18+07:00,2025-04-21T06:12:18+07:00,2025-04-21T09:32:29+07:00,COMPLETED,20,1537.38,7.0895,344.211,345.396,172.882,5.443,62.043,FUEL202504,5614.3,5581.62,1981.65,True,Synthetic cost model; fuel unit-price benchmark from EPPO,True
T00048,R_CNX,LINEHAUL,V022,H_UBP,H_CNX,20250420_CNX,2025-04-20T18:45:00+07:00,2025-04-22T13:56:30+07:00,2025-04-20T18:45:00+07:00,2025-04-21T11:34:20+07:00,2025-04-21T23:34:20+07:00,2025-04-22T16:14:34+07:00,COMPLETED,20,1343.77,6.0769,1850.224,1905.399,962.539,30.947,357.493,FUEL202504,25961.79,27088.0,11418.33,True,Synthetic cost model; fuel unit-price benchmark from EPPO,True
T00049,R_CNX,LINEHAUL,V019,H_UBP,H_CNX,20250421_CNX,2025-04-21T09:45:00+07:00,2025-04-23T04:56:30+07:00,2025-04-21T09:45:00+07:00,2025-04-22T02:52:16+07:00,2025-04-22T14:52:16+07:00,2025-04-23T06:57:43+07:00,COMPLETED,20,1253.15,5.542,1850.224,1877.091,946.566,31.573,366.782,FUEL202504,25961.79,27379.01,11715.02,True,Synthetic cost model; fuel unit-price benchmark from EPPO,True
T00050,R_KKC,LINEHAUL,V024,H_UBP,H_KKC,20250421_KKC,2025-04-21T10:00:00+07:00,2025-04-22T04:37:19+07:00,2025-04-21T10:00:00+07:00,2025-04-21T15:44:43+07:00,2025-04-21T23:44:43+07:00,2025-04-22T05:17:09+07:00,COMPLETED,19,1194.01,6.0682,574.88,588.341,294.532,9.543,113.224,FUEL202504,8632.88,9021.41,3616.37,True,Synthetic cost model; fuel unit-price benchmark from EPPO,True
T00051,R_UTH,LINEHAUL,V012,H_UBP,H_UTH,20250422_UTH,2025-04-22T10:15:00+07:00,2025-04-23T12:41:05+07:00,2025-04-22T10:15:00+07:00,2025-04-22T18:47:35+07:00,2025-04-23T06:47:35+07:00,2025-04-23T13:46:29+07:00,COMPLETED,19,1167.76,5.119,811.254,833.335,423.774,13.456,110.901,FUEL202504,9410.63,9627.32,3542.18,True,Synthetic cost model; fuel unit-price benchmark from EPPO,True
T00052,R_CNX,LINEHAUL,V005,H_UBP,H_CNX,20250422_CNX,2025-04-22T11:45:00+07:00,2025-04-24T06:56:30+07:00,2025-04-22T11:45:00+07:00,2025-04-23T04:40:49+07:00,2025-04-23T16:40:49+07:00,2025-04-24T08:23:42+07:00,COMPLETED,20,1557.82,7.3785,1850.224,1907.305,961.272,30.946,259.973,FUEL202504,19841.36,20624.24,8303.54,True,Synthetic cost model; fuel unit-price benchmark from EPPO,True
T00053,R_CNX,LINEHAUL,V017,H_UBP,H_CNX,20250422_CNX,2025-04-22T17:00:00+07:00,2025-04-24T12:11:30+07:00,2025-04-22T17:00:00+07:00,2025-04-23T10:03:38+07:00,2025-04-23T22:03:38+07:00,2025-04-24T14:32:09+07:00,COMPLETED,20,1074.38,4.8121,1850.224,1896.793,957.332,31.114,335.064,FUEL202504,25961.79,26365.55,10701.94,True,Synthetic cost model; fuel unit-price benchmark from EPPO,True
T00054,R_NMA,LINEHAUL,V022,H_UBP,H_NMA,20250423_NMA,2025-04-23T10:30:00+07:00,2025-04-24T08:03:22+07:00,2025-04-23T10:30:00+07:00,2025-04-23T19:11:32+07:00,2025-04-24T03:11:32+07:00,2025-04-24T10:19:01+07:00,COMPLETED,20,1775.66,8.1554,756.817,766.859,384.286,12.761,149.413,FUEL202504,11090.31,11617.11,4772.25,True,Synthetic cost model; fuel unit-price benchmark from EPPO,True
T00055,R_BKK,LINEHAUL,V024,H_UBP,H_BKK,20250423_BKK,2025-04-23T11:45:00+07:00,2025-04-24T20:36:53+07:00,2025-04-23T11:45:00+07:00,2025-04-24T00:42:41+07:00,2025-04-24T12:42:41+07:00,2025-04-24T23:42:43+07:00,COMPLETED,19,1568.45,7.2454,1209.891,1254.132,633.985,21.272,245.488,FUEL202504,17570.62,18933.86,7840.89,True,Synthetic cost model; fuel unit-price benchmark from EPPO,True
T00056,R_KKC,LINEHAUL,V020,H_UBP,H_KKC,20250423_KKC,2025-04-23T17:00:00+07:00,2025-04-24T11:37:19+07:00,2025-04-23T17:00:00+07:00,2025-04-24T00:07:05+07:00,2025-04-24T08:07:05+07:00,2025-04-24T13:34:04+07:00,COMPLETED,20,1241.87,5.6712,574.88,585.831,297.21,9.656,119.237,FUEL202504,8675.68,9266.77,3808.43,True,Synthetic cost model; fuel unit-price benchmark from EPPO,True
T00057,R_KSN,LINEHAUL,V014,H_UBP,H_KSN,20250423_KSN,2025-04-23T19:15:00+07:00,2025-04-24T11:42:41+07:00,2025-04-23T19:15:00+07:00,2025-04-23T23:46:15+07:00,2025-04-24T07:46:15+07:00,2025-04-24T11:50:17+07:00,COMPLETED,19,1442.33,6.0502,440.891,446.727,224.056,7.145,83.27,FUEL202504,6854.61,6985.98,2659.64,True,Synthetic cost model; fuel unit-price benchmark from EPPO,True
T00058,R_KKC,LINEHAUL,V013,H_UBP,H_KKC,20250425_KKC,2025-04-25T11:45:00+07:00,2025-04-26T06:22:19+07:00,2025-04-25T11:45:00+07:00,2025-04-25T17:56:39+07:00,2025-04-26T01:56:39+07:00,2025-04-26T07:22:07+07:00,COMPLETED,19,1440.52,6.9839,574.88,584.262,291.677,9.352,104.755,FUEL202504,8632.88,8696.67,3345.87,True,Synthetic cost model; fuel unit-price benchmark from EPPO,True
T00059,R_KKC,LINEHAUL,V019,H_UBP,H_KKC,20250426_KKC,2025-04-26T11:45:00+07:00,2025-04-27T06:22:19+07:00,2025-04-26T11:45:00+07:00,2025-04-26T17:59:25+07:00,2025-04-27T01:59:25+07:00,2025-04-27T07:37:21+07:00,COMPLETED,20,1197.03,5.1021,574.88,587.391,291.485,9.757,110.842,FUEL202504,8675.68,9024.64,3540.29,True,Synthetic cost model; fuel unit-price benchmark from EPPO,True
T00060,R_CNX,LINEHAUL,V010,H_UBP,H_CNX,20250426_CNX,2025-04-26T12:30:00+07:00,2025-04-28T07:41:30+07:00,2025-04-26T12:30:00+07:00,2025-04-27T05:42:47+07:00,2025-04-27T17:42:47+07:00,2025-04-28T10:02:28+07:00,COMPLETED,19,1255.48,5.2868,1850.224,1901.161,969.359,31.573,274.59,FUEL202504,19800.96,21138.83,8770.4,True,Synthetic cost model; fuel unit-price benchmark from EPPO,True
T00061,R_CNX,LINEHAUL,V014,H_UBP,H_CNX,20250426_CNX,2025-04-26T14:30:00+07:00,2025-04-28T09:41:30+07:00,2025-04-26T14:30:00+07:00,2025-04-27T06:23:39+07:00,2025-04-27T18:23:39+07:00,2025-04-28T09:45:32+07:00,COMPLETED,20,1537.11,6.9365,1850.224,1890.013,942.801,29.491,357.283,FUEL202504,25961.79,26736.88,11411.62,True,Synthetic cost model; fuel unit-price benchmark from EPPO,True
T00062,R_CNX,LINEHAUL,V011,H_UBP,H_CNX,20250426_CNX,2025-04-26T16:00:00+07:00,2025-04-28T11:11:30+07:00,2025-04-26T16:00:00+07:00,2025-04-27T08:52:25+07:00,2025-04-27T20:52:25+07:00,2025-04-28T13:40:29+07:00,COMPLETED,20,1669.24,7.8453,1850.224,1896.806,952.055,30.884,293.524,FUEL202504,19841.36,21653.86,9375.16,True,Synthetic cost model; fuel unit-price benchmark from EPPO,True
T00063,R_BKK,LINEHAUL,V024,H_UBP,H_BKK,20250427_BKK,2025-04-27T16:45:00+07:00,2025-04-29T01:36:53+07:00,2025-04-27T16:45:00+07:00,2025-04-28T04:54:04+07:00,2025-04-28T16:54:04+07:00,2025-04-29T03:04:17+07:00,COMPLETED,19,1139.82,4.8115,1209.891,1232.28,624.001,20.294,240.327,FUEL202504,17570.62,18506.5,7676.04,True,Synthetic cost model; fuel unit-price benchmark from EPPO,True
T00064,R_KKC,LINEHAUL,V005,H_UBP,H_KKC,20250428_KKC,2025-04-28T10:30:00+07:00,2025-04-29T05:07:19+07:00,2025-04-28T10:30:00+07:00,2025-04-28T16:27:24+07:00,2025-04-29T00:27:24+07:00,2025-04-29T05:55:40+07:00,COMPLETED,19,1415.91,6.2715,574.88,588.548,293.025,9.576,81.043,FUEL202504,6686.74,6919.73,2588.51,True,Synthetic cost model; fuel unit-price benchmark from EPPO,True
T00065,R_LPT,LINEHAUL,V022,H_UBP,H_LPT,20250428_LPT,2025-04-28T12:00:00+07:00,2025-04-30T04:03:04+07:00,2025-04-28T12:00:00+07:00,2025-04-29T02:30:53+07:00,2025-04-29T14:30:53+07:00,2025-04-30T04:38:33+07:00,COMPLETED,20,2013.81,8.6796,1655.481,1695.793,844.336,26.891,324.071,FUEL202504,23377.19,24327.57,10350.83,True,Synthetic cost model; fuel unit-price benchmark from EPPO,True
T00066,R_BKK,LINEHAUL,V016,H_UBP,H_BKK,20250428_BKK,2025-04-28T17:30:00+07:00,2025-04-30T02:21:53+07:00,2025-04-28T17:30:00+07:00,2025-04-29T04:54:32+07:00,2025-04-29T16:54:32+07:00,2025-04-30T03:17:23+07:00,COMPLETED,18,1455.09,6.6816,1209.891,1234.906,623.196,20.111,233.339,FUEL202504,17527.82,18228.92,7452.85,True,Synthetic cost model; fuel unit-price benchmark from EPPO,True
T00067,R_NMA,LINEHAUL,V012,H_UBP,H_NMA,20250428_NMA,2025-04-28T17:45:00+07:00,2025-04-29T15:18:22+07:00,2025-04-28T17:45:00+07:00,2025-04-29T02:43:36+07:00,2025-04-29T10:43:36+07:00,2025-04-29T17:32:54+07:00,COMPLETED,19,1137.25,4.8003,756.817,781.73,397.303,12.892,103.976,FUEL202504,8506.22,8795.5,3320.99,True,Synthetic cost model; fuel unit-price benchmark from EPPO,True
T00068,R_CNX,LINEHAUL,V007,H_UBP,H_CNX,20250429_CNX,2025-04-29T18:00:00+07:00,2025-05-01T13:11:30+07:00,2025-04-29T18:00:00+07:00,2025-04-30T09:52:38+07:00,2025-04-30T21:52:38+07:00,2025-05-01T14:40:05+07:00,COMPLETED,20,1575.5,7.682,1850.224,1881.104,938.467,30.743,244.023,FUEL202504,19841.36,20001.67,7794.09,True,Synthetic cost model; fuel unit-price benchmark from EPPO,True
T00069,R_SSK,LINEHAUL,V010,H_UBP,H_SSK,20250430_SSK,2025-04-30T13:15:00+07:00,2025-05-01T00:49:33+07:00,2025-04-30T13:15:00+07:00,2025-04-30T15:22:57+07:00,2025-04-30T23:22:57+07:00,2025-05-01T01:06:49+07:00,COMPLETED,20,1234.61,5.747,138.032,142.68,70.754,2.306,20.3,FUEL202504,2358.4,2446.43,648.38,True,Synthetic cost model; fuel unit-price benchmark from EPPO,True
T00070,R_CNX,LINEHAUL,V021,H_UBP,H_CNX,20250430_CNX,2025-04-30T18:00:00+07:00,2025-05-02T13:11:30+07:00,2025-04-30T18:00:00+07:00,2025-05-01T10:25:04+07:00,2025-05-01T22:25:04+07:00,2025-05-02T14:04:08+07:00,COMPLETED,20,1057.29,4.5636,1850.224,1873.836,938.606,29.615,350.89,FUEL202504,25961.79,26485.21,11207.43,True,Synthetic cost model; fuel unit-price benchmark from EPPO,True
T00071,R_CNX,LINEHAUL,V005,H_UBP,H_CNX,20250501_CNX,2025-05-01T09:00:00+07:00,2025-05-03T04:11:30+07:00,2025-05-01T09:00:00+07:00,2025-05-02T02:39:00+07:00,2025-05-02T14:39:00+07:00,2025-05-03T06:06:47+07:00,COMPLETED,19,1140.33,5.2243,1850.224,1913.775,961.537,29.748,265.915,FUEL202505,19800.96,20589.36,8493.33,True,Synthetic cost model; fuel unit-price benchmark from EPPO,True
T00072,R_KKC,LINEHAUL,V001,H_UBP,H_KKC,20250501_KKC,2025-05-01T10:30:00+07:00,2025-05-02T05:07:19+07:00,2025-05-01T10:30:00+07:00,2025-05-01T17:32:35+07:00,2025-05-02T01:32:35+07:00,2025-05-02T06:45:42+07:00,COMPLETED,18,1078.91,4.4891,574.88,583.223,290.198,9.093,80.197,FUEL202505,6646.34,6754.1,2561.49,True,Synthetic cost model; fuel unit-price benchmark from EPPO,True
T00073,R_KSN,LINEHAUL,V004,H_UBP,H_KSN,20250502_KSN,2025-05-02T12:15:00+07:00,2025-05-03T04:42:41+07:00,2025-05-02T12:15:00+07:00,2025-05-02T18:29:03+07:00,2025-05-03T02:29:03+07:00,2025-05-03T06:43:56+07:00,COMPLETED,20,1912.58,9.8135,440.891,448.916,224.341,7.129,63.925,FUEL202505,5387.18,5578.49,2041.76,True,Synthetic cost model; fuel unit-price benchmark from EPPO,True
T00074,R_KSN,LINEHAUL,V015,H_UBP,H_KSN,20250502_KSN,2025-05-02T19:15:00+07:00,2025-05-03T11:42:41+07:00,2025-05-02T19:15:00+07:00,2025-05-03T16:32:52+07:00,2025-05-04T00:32:52+07:00,2025-05-04T04:48:00+07:00,COMPLETED,19,1113.78,4.7572,440.891,445.184,222.856,7.125,88.139,FUEL202505,6854.61,7130.97,2815.16,True,Synthetic cost model; fuel unit-price benchmark from EPPO,True
T00075,R_KKC,LINEHAUL,V017,H_UBP,H_KKC,20250503_KKC,2025-05-03T11:30:00+07:00,2025-05-04T06:07:19+07:00,2025-05-03T11:30:00+07:00,2025-05-03T18:25:09+07:00,2025-05-04T02:25:09+07:00,2025-05-04T07:45:23+07:00,COMPLETED,20,1564.33,6.9354,574.88,581.101,291.714,9.232,105.828,FUEL202505,8675.68,8737.12,3380.15,True,Synthetic cost model; fuel unit-price benchmark from EPPO,True
T00076,R_KSN,LINEHAUL,V011,H_UBP,H_KSN,20250503_KSN,2025-05-03T13:30:00+07:00,2025-05-04T05:57:41+07:00,2025-05-03T13:30:00+07:00,2025-05-03T18:56:59+07:00,2025-05-04T02:56:59+07:00,2025-05-04T06:58:50+07:00,COMPLETED,19,1373.89,6.1967,440.891,451.84,229.339,7.232,68.638,FUEL202505,5346.78,5714.78,2192.3,True,Synthetic cost model; fuel unit-price benchmark from EPPO,True
T00077,R_CNX,LINEHAUL,V023,H_UBP,H_CNX,20250503_CNX,2025-05-03T17:00:00+07:00,2025-05-05T12:11:30+07:00,2025-05-03T17:00:00+07:00,2025-05-04T08:59:44+07:00,2025-05-04T20:59:44+07:00,2025-05-05T12:50:52+07:00,COMPLETED,20,1298.85,5.7187,1850.224,1870.188,935.267,30.408,366.198,FUEL202505,25961.79,27108.79,11696.36,True,Synthetic cost model; fuel unit-price benchmark from EPPO,True
T00078,R_KKC,LINEHAUL,V021,H_UBP,H_KKC,20250503_KKC,2025-05-03T17:15:00+07:00,2025-05-04T11:52:19+07:00,2025-05-03T17:15:00+07:00,2025-05-04T00:03:46+07:00,2025-05-04T08:03:46+07:00,2025-05-04T13:09:52+07:00,COMPLETED,20,1394.77,5.8191,574.88,580.263,289.013,9.475,108.952,FUEL202505,8675.68,8879.42,3479.93,True,Synthetic cost model; fuel unit-price benchmark from EPPO,True
T00079,R_KSN,LINEHAUL,V001,H_UBP,H_KSN,20250503_KSN,2025-05-03T18:00:00+07:00,2025-05-04T10:27:41+07:00,2025-05-03T18:00:00+07:00,2025-05-03T23:05:49+07:00,2025-05-04T07:05:49+07:00,2025-05-04T11:29:26+07:00,COMPLETED,19,1139.29,4.9923,440.891,450.913,224.302,7.565,62.068,FUEL202505,5346.78,5558.88,1982.45,True,Synthetic cost model; fuel unit-price benchmark from EPPO,True
T00080,R_BKK,LINEHAUL,V024,H_UBP,H_BKK,20250504_BKK,2025-05-04T19:00:00+07:00,2025-05-06T03:51:53+07:00,2025-05-04T19:00:00+07:00,2025-05-05T07:14:19+07:00,2025-05-05T19:14:19+07:00,2025-05-06T05:28:07+07:00,COMPLETED,20,933.33,4.6089,1209.891,1216.67,607.81,19.757,236.752,FUEL202505,17613.42,18246.34,7561.86,True,Synthetic cost model; fuel unit-price benchmark from EPPO,True
T00081,R_CNX,LINEHAUL,V016,H_UBP,H_CNX,20250505_CNX,2025-05-05T09:15:00+07:00,2025-05-07T04:26:30+07:00,2025-05-05T09:15:00+07:00,2025-05-06T03:35:03+07:00,2025-05-06T15:35:03+07:00,2025-05-07T08:23:14+07:00,COMPLETED,18,1475.56,6.9965,1850.224,1878.39,930.285,31.979,364.273,FUEL202505,25876.19,27296.15,11634.88,True,Synthetic cost model; fuel unit-price benchmark from EPPO,True
T00082,R_LPT,LINEHAUL,V009,H_UBP,H_LPT,20250506_LPT,2025-05-06T09:15:00+07:00,2025-05-08T01:18:04+07:00,2025-05-06T09:15:00+07:00,2025-05-07T09:24:34+07:00,2025-05-07T21:24:34+07:00,2025-05-08T12:08:32+07:00,COMPLETED,19,1432.44,6.0991,1655.481,1705.414,866.56,28.563,254.553,FUEL202505,17853.41,19399.93,8130.42,True,Synthetic cost model; fuel unit-price benchmark from EPPO,True
T00083,R_KKC,LINEHAUL,V013,H_UBP,H_KKC,20250507_KKC,2025-05-07T08:30:00+07:00,2025-05-08T03:07:19+07:00,2025-05-07T08:30:00+07:00,2025-05-07T15:09:12+07:00,2025-05-07T23:09:12+07:00,2025-05-08T04:46:02+07:00,COMPLETED,18,1443.53,6.8505,574.88,589.923,295.571,9.837,108.045,FUEL202505,8590.08,8875.99,3450.96,True,Synthetic cost model; fuel unit-price benchmark from EPPO,True
T00084,R_CNX,LINEHAUL,V023,H_UBP,H_CNX,20250507_CNX,2025-05-07T11:00:00+07:00,2025-05-09T06:11:30+07:00,2025-05-07T11:00:00+07:00,2025-05-08T04:04:55+07:00,2025-05-08T16:04:55+07:00,2025-05-09T08:30:53+07:00,COMPLETED,20,1153.68,5.044,1850.224,1905.702,963.681,31.319,365.002,FUEL202505,25961.79,27399.78,11658.16,True,Synthetic cost model; fuel unit-price benchmark from EPPO,True
T00085,R_CNX,LINEHAUL,V007,H_UBP,H_CNX,20250507_CNX,2025-05-07T12:30:00+07:00,2025-05-09T07:41:30+07:00,2025-05-07T12:30:00+07:00,2025-05-08T05:46:27+07:00,2025-05-08T17:46:27+07:00,2025-05-09T09:32:50+07:00,COMPLETED,18,935.61,4.3675,1850.224,1881.827,944.595,30.231,244.615,FUEL202505,19760.56,19854.9,7813.0,True,Synthetic cost model; fuel unit-price benchmark from EPPO,True
T00086,R_NMA,LINEHAUL,V008,H_UBP,H_NMA,20250507_NMA,2025-05-07T16:30:00+07:00,2025-05-08T14:03:22+07:00,2025-05-07T16:30:00+07:00,2025-05-09T04:33:57+07:00,2025-05-09T12:33:57+07:00,2025-05-09T19:15:21+07:00,COMPLETED,18,1605.12,6.539,756.817,782.043,394.393,12.298,110.353,FUEL202505,8465.82,8858.63,3524.67,True,Synthetic cost model; fuel unit-price benchmark from EPPO,True
T00087,R_BKK,LINEHAUL,V020,H_UBP,H_BKK,20250507_BKK,2025-05-07T19:00:00+07:00,2025-05-09T03:51:53+07:00,2025-05-07T19:00:00+07:00,2025-05-08T07:18:56+07:00,2025-05-08T19:18:56+07:00,2025-05-09T06:04:04+07:00,COMPLETED,20,1354.6,6.2496,1209.891,1243.18,626.408,20.056,253.234,FUEL202505,17613.42,18953.97,8088.29,True,Synthetic cost model; fuel unit-price benchmark from EPPO,True
T00088,R_CNX,LINEHAUL,V015,H_UBP,H_CNX,20250508_CNX,2025-05-08T11:30:00+07:00,2025-05-10T06:41:30+07:00,2025-05-08T11:30:00+07:00,2025-05-09T03:26:46+07:00,2025-05-09T15:26:46+07:00,2025-05-10T06:37:40+07:00,COMPLETED,20,1549.22,6.9547,1850.224,1863.32,926.955,29.45,357.583,FUEL202505,25961.79,26621.32,11421.2,True,Synthetic cost model; fuel unit-price benchmark from EPPO,True
T00089,R_CNX,LINEHAUL,V018,H_UBP,H_CNX,20250508_CNX,2025-05-08T13:00:00+07:00,2025-05-10T08:11:30+07:00,2025-05-08T13:00:00+07:00,2025-05-09T05:46:27+07:00,2025-05-09T17:46:27+07:00,2025-05-10T09:33:50+07:00,COMPLETED,20,1566.84,7.2227,1850.224,1901.161,962.935,30.014,331.942,FUEL202505,25961.79,26075.94,10602.23,True,Synthetic cost model; fuel unit-price benchmark from EPPO,True
T00090,R_RYG,LINEHAUL,V002,H_UBP,H_RYG,20250508_RYG,2025-05-08T14:45:00+07:00,2025-05-10T01:28:30+07:00,2025-05-08T14:45:00+07:00,2025-05-09T03:31:35+07:00,2025-05-09T15:31:35+07:00,2025-05-10T03:24:28+07:00,COMPLETED,20,1372.18,6.0546,1325.236,1349.901,680.361,21.857,185.542,FUEL202505,14741.16,15237.44,5926.21,True,Synthetic cost model; fuel unit-price benchmark from EPPO,True
T00091,R_KKC,LINEHAUL,V005,H_UBP,H_KKC,20250509_KKC,2025-05-09T11:30:00+07:00,2025-05-10T06:07:19+07:00,2025-05-09T11:30:00+07:00,2025-05-09T17:34:12+07:00,2025-05-10T01:34:12+07:00,2025-05-10T06:57:32+07:00,COMPLETED,20,1461.71,6.9221,574.88,584.439,294.737,9.518,80.58,FUEL202505,6727.14,6923.11,2573.73,True,Synthetic cost model; fuel unit-price benchmark from EPPO,True
T00092,R_BKK,LINEHAUL,V013,H_UBP,H_BKK,20250509_BKK,2025-05-09T16:15:00+07:00,2025-05-11T01:06:53+07:00,2025-05-09T16:15:00+07:00,2025-05-10T03:35:25+07:00,2025-05-10T15:35:25+07:00,2025-05-11T01:55:03+07:00,COMPLETED,19,1334.01,5.9983,1209.891,1247.263,624.561,19.648,225.231,FUEL202505,17570.62,17937.45,7193.88,True,Synthetic cost model; fuel unit-price benchmark from EPPO,True
T00093,R_CNX,LINEHAUL,V024,H_UBP,H_CNX,20250510_CNX,2025-05-10T08:45:00+07:00,2025-05-12T03:56:30+07:00,2025-05-10T08:45:00+07:00,2025-05-11T19:11:45+07:00,2025-05-12T07:11:45+07:00,2025-05-12T23:28:57+07:00,COMPLETED,19,1235.06,5.8099,1850.224,1866.308,924.683,31.118,366.791,FUEL202505,25918.99,27202.64,11715.3,True,Synthetic cost model; fuel unit-price benchmark from EPPO,True
T00094,R_KSN,LINEHAUL,V022,H_UBP,H_KSN,20250510_KSN,2025-05-10T09:30:00+07:00,2025-05-11T01:57:41+07:00,2025-05-10T09:30:00+07:00,2025-05-10T14:39:31+07:00,2025-05-10T22:39:31+07:00,2025-05-11T03:03:54+07:00,COMPLETED,20,1412.25,6.4268,440.891,444.239,222.548,7.277,84.472,FUEL202505,6897.41,7081.23,2698.04,True,Synthetic cost model; fuel unit-price benchmark from EPPO,True
T00095,R_CNX,LINEHAUL,V006,H_UBP,H_CNX,20250510_CNX,2025-05-10T13:45:00+07:00,2025-05-12T08:56:30+07:00,2025-05-10T13:45:00+07:00,2025-05-11T05:32:44+07:00,2025-05-11T17:32:44+07:00,2025-05-12T10:00:57+07:00,COMPLETED,18,1114.99,4.7926,1850.224,1858.407,927.024,30.154,254.213,FUEL202505,19760.56,20078.13,8119.56,True,Synthetic cost model; fuel unit-price benchmark from EPPO,True
T00096,R_UTH,LINEHAUL,V016,H_UBP,H_UTH,20250510_UTH,2025-05-10T14:30:00+07:00,2025-05-11T16:56:05+07:00,2025-05-10T14:30:00+07:00,2025-05-10T23:22:53+07:00,2025-05-11T11:22:53+07:00,2025-05-11T18:52:40+07:00,COMPLETED,19,1407.41,6.3243,811.254,825.279,412.769,13.893,160.01,FUEL202505,12129.99,12744.88,5110.72,True,Synthetic cost model; fuel unit-price benchmark from EPPO,True
T00097,R_BKK,LINEHAUL,V009,H_UBP,H_BKK,20250512_BKK,2025-05-12T12:30:00+07:00,2025-05-13T21:21:53+07:00,2025-05-12T12:30:00+07:00,2025-05-13T00:46:49+07:00,2025-05-13T12:46:49+07:00,2025-05-13T22:57:16+07:00,COMPLETED,20,1736.67,7.9215,1209.891,1226.317,613.213,19.627,182.448,FUEL202505,13587.64,14354.47,5827.39,True,Synthetic cost model; fuel unit-price benchmark from EPPO,True
T00098,R_BKK,LINEHAUL,V020,H_UBP,H_BKK,20250512_BKK,2025-05-12T15:30:00+07:00,2025-05-14T00:21:53+07:00,2025-05-12T15:30:00+07:00,2025-05-13T02:56:37+07:00,2025-05-13T14:56:37+07:00,2025-05-14T01:55:17+07:00,COMPLETED,20,1420.01,6.086,1209.891,1227.021,615.224,20.227,253.432,FUEL202505,17613.42,18869.33,8094.62,True,Synthetic cost model; fuel unit-price benchmark from EPPO,True
T00099,R_RYG,LINEHAUL,V004,H_UBP,H_RYG,20250512_RYG,2025-05-12T17:00:00+07:00,2025-05-14T03:43:30+07:00,2025-05-12T17:00:00+07:00,2025-05-13T05:59:41+07:00,2025-05-13T17:59:41+07:00,2025-05-14T06:05:21+07:00,COMPLETED,20,951.16,4.2916,1325.236,1351.063,676.176,22.911,186.488,FUEL202505,14741.16,15339.71,5956.43,True,Synthetic cost model; fuel unit-price benchmark from EPPO,True
T00100,R_CNX,LINEHAUL,V001,H_UBP,H_CNX,20250513_CNX,2025-05-13T16:30:00+07:00,2025-05-15T11:41:30+07:00,2025-05-13T16:30:00+07:00,2025-05-14T09:48:38+07:00,2025-05-14T21:48:38+07:00,2025-05-15T14:26:04+07:00,COMPLETED,19,1156.1,5.8902,1850.224,1873.138,937.411,31.165,267.162,FUEL202505,19800.96,20748.17,8533.15,True,Synthetic cost model; fuel unit-price benchmark from EPPO,True
T00101,R_SSK,LINEHAUL,V017,H_UBP,H_SSK,20250513_SSK,2025-05-13T18:00:00+07:00,2025-05-14T05:34:33+07:00,2025-05-13T18:00:00+07:00,2025-05-13T20:28:42+07:00,2025-05-14T04:28:42+07:00,2025-05-14T06:15:46+07:00,COMPLETED,18,1292.4,5.729,138.032,139.6,68.236,2.321,25.339,FUEL202505,2792.33,2824.88,809.33,True,Synthetic cost model; fuel unit-price benchmark from EPPO,True
T00102,R_CNX,LINEHAUL,V019,H_UBP,H_CNX,20250514_CNX,2025-05-14T13:00:00+07:00,2025-05-16T08:11:30+07:00,2025-05-14T13:00:00+07:00,2025-05-15T06:29:06+07:00,2025-05-15T18:29:06+07:00,2025-05-16T10:27:33+07:00,COMPLETED,19,1534.21,6.915,1850.224,1872.576,937.05,30.125,366.672,FUEL202505,25918.99,27037.77,11711.5,True,Synthetic cost model; fuel unit-price benchmark from EPPO,True
T00103,R_KSN,LINEHAUL,V022,H_UBP,H_KSN,20250514_KSN,2025-05-14T15:00:00+07:00,2025-05-15T07:27:41+07:00,2025-05-14T15:00:00+07:00,2025-05-14T21:16:31+07:00,2025-05-15T05:16:31+07:00,2025-05-15T09:22:00+07:00,COMPLETED,20,1236.05,5.5686,440.891,444.82,223.368,7.226,86.268,FUEL202505,6897.41,7131.64,2755.4,True,Synthetic cost model; fuel unit-price benchmark from EPPO,True
T00104,R_NMA,LINEHAUL,V010,H_UBP,H_NMA,20250514_NMA,2025-05-14T15:15:00+07:00,2025-05-15T12:48:22+07:00,2025-05-14T15:15:00+07:00,2025-05-14T23:18:12+07:00,2025-05-15T07:18:12+07:00,2025-05-15T14:26:15+07:00,COMPLETED,20,1425.46,6.3758,756.817,769.508,380.922,13.051,110.72,FUEL202505,8546.62,9041.52,3536.4,True,Synthetic cost model; fuel unit-price benchmark from EPPO,True
T00105,R_CNX,LINEHAUL,V006,H_UBP,H_CNX,20250515_CNX,2025-05-15T08:30:00+07:00,2025-05-17T03:41:30+07:00,2025-05-15T08:30:00+07:00,2025-05-17T07:55:59+07:00,2025-05-17T19:55:59+07:00,2025-05-18T11:13:26+07:00,COMPLETED,20,1534.82,6.3861,1850.224,1906.148,962.43,30.069,257.278,FUEL202505,19841.36,20385.61,8217.46,True,Synthetic cost model; fuel unit-price benchmark from EPPO,True
T00106,R_UTH,LINEHAUL,V021,H_UBP,H_UTH,20250515_UTH,2025-05-15T09:00:00+07:00,2025-05-16T11:26:05+07:00,2025-05-15T09:00:00+07:00,2025-05-15T18:54:20+07:00,2025-05-16T06:54:20+07:00,2025-05-16T14:27:24+07:00,COMPLETED,20,1450.91,6.3425,811.254,837.077,425.381,14.27,158.607,FUEL202505,12172.79,12866.3,5065.91,True,Synthetic cost model; fuel unit-price benchmark from EPPO,True
T00107,R_BKK,LINEHAUL,V018,H_UBP,H_BKK,20250515_BKK,2025-05-15T12:30:00+07:00,2025-05-16T21:21:53+07:00,2025-05-15T12:30:00+07:00,2025-05-15T23:06:04+07:00,2025-05-16T11:06:04+07:00,2025-05-16T21:06:35+07:00,COMPLETED,19,1140.4,5.0307,1209.891,1240.461,633.353,19.166,215.829,FUEL202505,17570.62,17534.4,6893.58,True,Synthetic cost model; fuel unit-price benchmark from EPPO,True
T00108,R_CNX,LINEHAUL,V005,H_UBP,H_CNX,20250516_CNX,2025-05-16T11:00:00+07:00,2025-05-18T06:11:30+07:00,2025-05-16T11:00:00+07:00,2025-05-17T05:28:04+07:00,2025-05-17T17:28:04+07:00,2025-05-18T09:26:53+07:00,COMPLETED,18,1153.27,5.014,1850.224,1855.225,926.812,31.049,259.785,FUEL202505,19760.56,20398.65,8297.53,True,Synthetic cost model; fuel unit-price benchmark from EPPO,True
T00109,R_RET,LINEHAUL,V014,H_UBP,H_RET,20250517_RET,2025-05-17T12:15:00+07:00,2025-05-18T03:09:04+07:00,2025-05-17T12:15:00+07:00,2025-05-17T15:56:52+07:00,2025-05-17T23:56:52+07:00,2025-05-18T03:25:58+07:00,COMPLETED,20,1284.32,6.0357,344.211,349.456,175.338,5.588,66.443,FUEL202505,5614.3,5767.6,2122.19,True,Synthetic cost model; fuel unit-price benchmark from EPPO,True
T00110,R_UTH,LINEHAUL,V002,H_UBP,H_UTH,20250517_UTH,2025-05-17T14:00:00+07:00,2025-05-18T16:26:05+07:00,2025-05-17T14:00:00+07:00,2025-05-17T23:05:42+07:00,2025-05-18T11:05:42+07:00,2025-05-18T18:01:19+07:00,COMPLETED,18,1333.4,5.9443,811.254,819.494,412.966,13.439,112.561,FUEL202505,9370.23,9595.57,3595.2,True,Synthetic cost model; fuel unit-price benchmark from EPPO,True
T00111,R_UTH,LINEHAUL,V013,H_UBP,H_UTH,20250517_UTH,2025-05-17T16:45:00+07:00,2025-05-18T19:11:05+07:00,2025-05-17T16:45:00+07:00,2025-05-18T00:52:34+07:00,2025-05-18T12:52:34+07:00,2025-05-18T19:48:50+07:00,COMPLETED,17,1187.89,5.0238,811.254,829.097,419.312,12.808,148.378,FUEL202505,12044.39,12098.32,4739.19,True,Synthetic cost model; fuel unit-price benchmark from EPPO,True
T00112,R_CNX,LINEHAUL,V024,H_UBP,H_CNX,20250518_CNX,2025-05-18T11:30:00+07:00,2025-05-20T06:41:30+07:00,2025-05-18T11:30:00+07:00,2025-05-19T04:32:04+07:00,2025-05-19T16:32:04+07:00,2025-05-20T07:54:48+07:00,COMPLETED,20,1380.22,6.2828,1850.224,1922.946,969.653,30.353,375.751,FUEL202505,25961.79,27635.45,12001.49,True,Synthetic cost model; fuel unit-price benchmark from EPPO,True
T00113,R_CNX,LINEHAUL,V017,H_UBP,H_CNX,20250518_CNX,2025-05-18T16:00:00+07:00,2025-05-20T11:11:30+07:00,2025-05-18T16:00:00+07:00,2025-05-19T09:02:28+07:00,2025-05-19T21:02:28+07:00,2025-05-20T13:25:42+07:00,COMPLETED,19,1329.67,6.0352,1850.224,1876.783,941.099,30.328,341.085,FUEL202505,25918.99,26277.59,10894.25,True,Synthetic cost model; fuel unit-price benchmark from EPPO,True
T00114,R_KKC,LINEHAUL,V003,H_UBP,H_KKC,20250518_KKC,2025-05-18T18:45:00+07:00,2025-05-19T13:22:19+07:00,2025-05-18T18:45:00+07:00,2025-05-19T02:13:16+07:00,2025-05-19T10:13:16+07:00,2025-05-19T15:33:34+07:00,COMPLETED,19,1791.7,8.1939,574.88,579.141,291.139,9.566,80.075,FUEL202505,6686.74,6858.78,2557.6,True,Synthetic cost model; fuel unit-price benchmark from EPPO,True
T00115,R_UTH,LINEHAUL,V016,H_UBP,H_UTH,20250518_UTH,2025-05-18T19:00:00+07:00,2025-05-19T21:26:05+07:00,2025-05-18T19:00:00+07:00,2025-05-19T04:12:41+07:00,2025-05-19T16:12:41+07:00,2025-05-19T23:50:13+07:00,COMPLETED,20,1434.74,6.262,811.254,818.776,408.863,13.849,154.664,FUEL202505,12172.79,12579.8,4939.97,True,Synthetic cost model; fuel unit-price benchmark from EPPO,True
T00116,R_RET,LINEHAUL,V018,H_UBP,H_RET,20250519_RET,2025-05-19T12:15:00+07:00,2025-05-20T03:09:04+07:00,2025-05-19T12:15:00+07:00,2025-05-19T17:52:32+07:00,2025-05-20T01:52:32+07:00,2025-05-20T05:21:07+07:00,COMPLETED,18,925.37,4.0031,344.211,349.483,174.917,5.825,60.67,FUEL202505,5528.7,5542.74,1937.8,True,Synthetic cost model; fuel unit-price benchmark from EPPO,True
T00117,R_NMA,LINEHAUL,V008,H_UBP,H_NMA,20250519_NMA,2025-05-19T16:45:00+07:00,2025-05-20T14:18:22+07:00,2025-05-19T16:45:00+07:00,2025-05-20T01:16:28+07:00,2025-05-20T09:16:28+07:00,2025-05-20T16:16:10+07:00,COMPLETED,20,1572.82,7.1679,756.817,768.836,380.303,12.541,106.03,FUEL202505,8546.62,8803.16,3386.6,True,Synthetic cost model; fuel unit-price benchmark from EPPO,True
T00118,R_BKK,LINEHAUL,V007,H_UBP,H_BKK,20250520_BKK,2025-05-20T15:45:00+07:00,2025-05-22T00:36:53+07:00,2025-05-20T15:45:00+07:00,2025-05-21T04:38:26+07:00,2025-05-21T16:38:26+07:00,2025-05-22T03:00:56+07:00,COMPLETED,20,1305.01,5.8474,1209.891,1253.245,634.348,20.168,164.008,FUEL202505,13587.64,13918.25,5238.42,True,Synthetic cost model; fuel unit-price benchmark from EPPO,True
T00119,R_KKC,LINEHAUL,V005,H_UBP,H_KKC,20250520_KKC,2025-05-20T18:45:00+07:00,2025-05-21T13:22:19+07:00,2025-05-20T18:45:00+07:00,2025-05-21T01:07:26+07:00,2025-05-21T09:07:26+07:00,2025-05-21T14:14:52+07:00,COMPLETED,20,1514.57,6.7727,574.88,581.432,288.078,9.331,79.157,FUEL202505,6727.14,6836.86,2528.27,True,Synthetic cost model; fuel unit-price benchmark from EPPO,True
T00120,R_CNX,LINEHAUL,V004,H_UBP,H_CNX,20250521_CNX,2025-05-21T09:45:00+07:00,2025-05-23T04:56:30+07:00,2025-05-21T09:45:00+07:00,2025-05-22T02:50:05+07:00,2025-05-22T14:50:05+07:00,2025-05-23T07:36:32+07:00,COMPLETED,20,1260.16,6.1946,1850.224,1910.253,960.469,31.373,263.119,FUEL202505,19841.36,20806.25,8404.02,True,Synthetic cost model; fuel unit-price benchmark from EPPO,True
T00121,R_SSK,LINEHAUL,V011,H_UBP,H_SSK,20250521_SSK,2025-05-21T10:15:00+07:00,2025-05-21T21:49:33+07:00,2025-05-21T10:15:00+07:00,2025-05-22T12:31:05+07:00,2025-05-22T20:31:05+07:00,2025-05-22T22:18:45+07:00,COMPLETED,20,1400.75,6.9208,138.032,142.831,70.984,2.295,21.866,FUEL202505,2358.4,2494.98,698.4,True,Synthetic cost model; fuel unit-price benchmark from EPPO,True
T00122,R_KSN,LINEHAUL,V021,H_UBP,H_KSN,20250521_KSN,2025-05-21T16:30:00+07:00,2025-05-22T08:57:41+07:00,2025-05-21T16:30:00+07:00,2025-05-21T21:51:27+07:00,2025-05-22T05:51:27+07:00,2025-05-22T10:05:26+07:00,COMPLETED,20,1478.12,6.53,440.891,449.621,226.175,7.284,85.174,FUEL202505,6897.41,7128.73,2720.46,True,Synthetic cost model; fuel unit-price benchmark from EPPO,True
T00123,R_CNX,LINEHAUL,V024,H_UBP,H_CNX,20250522_CNX,2025-05-22T08:45:00+07:00,2025-05-24T03:56:30+07:00,2025-05-22T08:45:00+07:00,2025-05-23T03:09:03+07:00,2025-05-23T15:09:03+07:00,2025-05-24T06:30:28+07:00,COMPLETED,20,1450.13,6.5842,1850.224,1916.373,968.958,31.031,369.694,FUEL202505,25961.79,27542.02,11808.03,True,Synthetic cost model; fuel unit-price benchmark from EPPO,True
T00124,R_LPT,LINEHAUL,V010,H_UBP,H_LPT,20250522_LPT,2025-05-22T09:15:00+07:00,2025-05-24T01:18:04+07:00,2025-05-22T09:15:00+07:00,2025-05-23T00:09:42+07:00,2025-05-23T12:09:42+07:00,2025-05-24T02:42:47+07:00,COMPLETED,20,1644.94,6.9289,1655.481,1713.943,867.641,27.545,249.218,FUEL202505,17893.81,19122.44,7960.02,True,Synthetic cost model; fuel unit-price benchmark from EPPO,True
T00125,R_BKK,LINEHAUL,V023,H_UBP,H_BKK,20250522_BKK,2025-05-22T12:15:00+07:00,2025-05-23T21:06:53+07:00,2025-05-22T12:15:00+07:00,2025-05-22T23:02:43+07:00,2025-05-23T11:02:43+07:00,2025-05-23T21:35:55+07:00,COMPLETED,19,1183.48,5.4802,1209.891,1218.62,606.586,19.513,235.237,FUEL202505,17570.62,18034.06,7513.47,True,Synthetic cost model; fuel unit-price benchmark from EPPO,True
T00126,R_RYG,LINEHAUL,V001,H_UBP,H_RYG,20250522_RYG,2025-05-22T15:45:00+07:00,2025-05-24T02:28:30+07:00,2025-05-22T15:45:00+07:00,2025-05-23T04:43:05+07:00,2025-05-23T16:43:05+07:00,2025-05-24T03:49:25+07:00,COMPLETED,20,1642.17,7.3355,1325.236,1373.888,692.002,21.747,197.792,FUEL202505,14741.16,15573.81,6317.48,True,Synthetic cost model; fuel unit-price benchmark from EPPO,True
T00127,R_BKK,LINEHAUL,V002,H_UBP,H_BKK,20250522_BKK,2025-05-22T16:15:00+07:00,2025-05-24T01:06:53+07:00,2025-05-22T16:15:00+07:00,2025-05-23T05:25:14+07:00,2025-05-23T17:25:14+07:00,2025-05-24T03:53:34+07:00,COMPLETED,20,1109.31,5.1457,1209.891,1236.517,630.434,20.538,170.622,FUEL202505,13587.64,14079.58,5449.67,True,Synthetic cost model; fuel unit-price benchmark from EPPO,True
T00128,R_UTH,LINEHAUL,V005,H_UBP,H_UTH,20250522_UTH,2025-05-22T16:30:00+07:00,2025-05-23T18:56:05+07:00,2025-05-22T16:30:00+07:00,2025-05-23T01:41:49+07:00,2025-05-23T13:41:49+07:00,2025-05-23T21:14:47+07:00,COMPLETED,20,1221.98,5.3083,811.254,839.103,424.268,13.517,115.212,FUEL202505,9451.03,9833.13,3679.87,True,Synthetic cost model; fuel unit-price benchmark from EPPO,True
T00129,R_KKC,LINEHAUL,V019,H_UBP,H_KKC,20250522_KKC,2025-05-22T19:15:00+07:00,2025-05-23T13:52:19+07:00,2025-05-22T19:15:00+07:00,2025-05-23T01:46:22+07:00,2025-05-23T09:46:22+07:00,2025-05-23T15:22:53+07:00,COMPLETED,20,1465.72,6.8058,574.88,584.654,293.454,9.665,112.029,FUEL202505,8675.68,9033.09,3578.21,True,Synthetic cost model; fuel unit-price benchmark from EPPO,True
T00130,R_CNX,LINEHAUL,V008,H_UBP,H_CNX,20250523_CNX,2025-05-23T10:15:00+07:00,2025-05-25T05:26:30+07:00,2025-05-23T10:15:00+07:00,2025-05-24T03:18:11+07:00,2025-05-24T15:18:11+07:00,2025-05-25T07:41:50+07:00,COMPLETED,20,1676.44,8.378,1850.224,1904.864,958.749,30.81,263.366,FUEL202505,19841.36,20702.27,8411.91,True,Synthetic cost model; fuel unit-price benchmark from EPPO,True
T00131,R_LPT,LINEHAUL,V011,H_UBP,H_LPT,20250523_LPT,2025-05-23T16:00:00+07:00,2025-05-25T08:03:04+07:00,2025-05-23T16:00:00+07:00,2025-05-24T07:34:40+07:00,2025-05-24T19:34:40+07:00,2025-05-25T09:55:43+07:00,COMPLETED,19,1046.95,4.7357,1655.481,1704.593,862.859,28.454,257.425,FUEL202505,17853.41,19470.63,8222.15,True,Synthetic cost model; fuel unit-price benchmark from EPPO,True
T00132,R_CNX,LINEHAUL,V004,H_UBP,H_CNX,20250524_CNX,2025-05-24T11:15:00+07:00,2025-05-26T06:26:30+07:00,2025-05-24T11:15:00+07:00,2025-05-25T04:04:17+07:00,2025-05-25T16:04:17+07:00,2025-05-26T07:41:08+07:00,COMPLETED,18,1477.9,6.2984,1850.224,1897.16,960.503,30.0,264.515,FUEL202505,19760.56,20497.29,8448.61,True,Synthetic cost model; fuel unit-price benchmark from EPPO,True
T00133,R_UTH,LINEHAUL,V012,H_UBP,H_UTH,20250524_UTH,2025-05-24T14:15:00+07:00,2025-05-25T16:41:05+07:00,2025-05-24T14:15:00+07:00,2025-05-24T23:50:37+07:00,2025-05-25T11:50:37+07:00,2025-05-25T19:11:03+07:00,COMPLETED,20,1509.85,6.6602,811.254,832.503,421.123,13.549,114.487,FUEL202505,9451.03,9795.58,3656.71,True,Synthetic cost model; fuel unit-price benchmark from EPPO,True
T00134,R_CNX,LINEHAUL,V017,H_UBP,H_CNX,20250524_CNX,2025-05-24T15:45:00+07:00,2025-05-26T10:56:30+07:00,2025-05-24T15:45:00+07:00,2025-05-25T10:39:43+07:00,2025-05-25T22:39:43+07:00,2025-05-26T13:46:25+07:00,COMPLETED,20,1719.39,7.256,1850.224,1893.227,960.573,30.687,348.125,FUEL202505,25961.79,26685.75,11119.11,True,Synthetic cost model; fuel unit-price benchmark from EPPO,True
T00135,R_CNX,LINEHAUL,V020,H_UBP,H_CNX,20250524_CNX,2025-05-24T19:00:00+07:00,2025-05-26T14:11:30+07:00,2025-05-24T19:00:00+07:00,2025-05-25T12:36:00+07:00,2025-05-26T00:36:00+07:00,2025-05-26T15:46:16+07:00,COMPLETED,20,1448.89,6.1419,1850.224,1888.931,960.558,30.962,393.529,FUEL202505,25961.79,28169.44,12569.32,True,Synthetic cost model; fuel unit-price benchmark from EPPO,True
T00136,R_RYG,LINEHAUL,V015,H_UBP,H_RYG,20250525_RYG,2025-05-25T12:15:00+07:00,2025-05-26T22:58:30+07:00,2025-05-25T12:15:00+07:00,2025-05-26T00:50:34+07:00,2025-05-26T12:50:34+07:00,2025-05-26T23:46:23+07:00,COMPLETED,19,1767.19,8.5193,1325.236,1340.85,673.337,21.625,257.863,FUEL202505,19101.46,19696.48,8236.14,True,Synthetic cost model; fuel unit-price benchmark from EPPO,True
T00137,R_KKC,LINEHAUL,V010,H_UBP,H_KKC,20250526_KKC,2025-05-26T10:45:00+07:00,2025-05-27T05:22:19+07:00,2025-05-26T10:45:00+07:00,2025-05-26T16:16:59+07:00,2025-05-27T00:16:59+07:00,2025-05-27T05:55:48+07:00,COMPLETED,19,1350.59,6.4289,574.88,581.578,287.843,9.493,82.905,FUEL202505,6686.74,6944.15,2647.99,True,Synthetic cost model; fuel unit-price benchmark from EPPO,True
T00138,R_CNX,LINEHAUL,V023,H_UBP,H_CNX,20250526_CNX,2025-05-26T14:45:00+07:00,2025-05-28T09:56:30+07:00,2025-05-26T14:45:00+07:00,2025-05-27T07:11:47+07:00,2025-05-27T19:11:47+07:00,2025-05-28T11:52:50+07:00,COMPLETED,19,1528.82,6.9953,1850.224,1889.437,941.963,30.698,362.925,FUEL202505,25918.99,27101.22,11591.82,True,Synthetic cost model; fuel unit-price benchmark from EPPO,True
T00139,R_KSN,LINEHAUL,V009,H_UBP,H_KSN,20250526_KSN,2025-05-26T15:15:00+07:00,2025-05-27T07:42:41+07:00,2025-05-26T15:15:00+07:00,2025-05-26T20:20:18+07:00,2025-05-27T04:20:18+07:00,2025-05-27T08:46:47+07:00,COMPLETED,19,1387.19,6.3531,440.891,455.385,231.613,7.424,66.461,FUEL202505,5346.78,5688.62,2122.76,True,Synthetic cost model; fuel unit-price benchmark from EPPO,True
T00140,R_SSK,LINEHAUL,V002,H_UBP,H_SSK,20250527_SSK,2025-05-27T13:15:00+07:00,2025-05-28T00:49:33+07:00,2025-05-27T13:15:00+07:00,2025-05-27T16:42:06+07:00,2025-05-28T00:42:06+07:00,2025-05-28T02:30:17+07:00,COMPLETED,20,1410.98,6.8315,138.032,139.769,68.739,2.288,19.207,FUEL202505,2358.4,2399.78,613.47,True,Synthetic cost model; fuel unit-price benchmark from EPPO,True
T00141,R_NMA,LINEHAUL,V019,H_UBP,H_NMA,20250527_NMA,2025-05-27T15:45:00+07:00,2025-05-28T13:18:22+07:00,2025-05-27T15:45:00+07:00,2025-05-28T00:29:36+07:00,2025-05-28T08:29:36+07:00,2025-05-28T15:25:59+07:00,COMPLETED,19,1424.13,6.3603,756.817,772.12,391.446,12.777,151.134,FUEL202505,11047.51,11655.31,4827.22,True,Synthetic cost model; fuel unit-price benchmark from EPPO,True
T00142,R_NMA,LINEHAUL,V006,H_UBP,H_NMA,20250527_NMA,2025-05-27T17:00:00+07:00,2025-05-28T14:33:22+07:00,2025-05-27T17:00:00+07:00,2025-05-28T01:21:41+07:00,2025-05-28T09:21:41+07:00,2025-05-28T16:05:31+07:00,COMPLETED,20,1183.54,5.2227,756.817,782.66,395.243,12.629,107.261,FUEL202505,8546.62,8898.82,3425.92,True,Synthetic cost model; fuel unit-price benchmark from EPPO,True
T00143,R_NMA,LINEHAUL,V014,H_UBP,H_NMA,20250528_NMA,2025-05-28T10:45:00+07:00,2025-05-29T08:18:22+07:00,2025-05-28T10:45:00+07:00,2025-05-28T19:20:51+07:00,2025-05-29T03:20:51+07:00,2025-05-29T10:07:16+07:00,COMPLETED,20,1269.66,5.4369,756.817,767.141,387.177,12.36,145.878,FUEL202505,11090.31,11429.14,4659.34,True,Synthetic cost model; fuel unit-price benchmark from EPPO,True
T00144,R_BKK,LINEHAUL,V017,H_UBP,H_BKK,20250528_BKK,2025-05-28T11:00:00+07:00,2025-05-29T19:51:53+07:00,2025-05-28T11:00:00+07:00,2025-05-28T23:15:00+07:00,2025-05-29T11:15:00+07:00,2025-05-29T21:58:48+07:00,COMPLETED,19,1625.44,7.5185,1209.891,1236.285,627.058,19.851,225.359,FUEL202505,17570.62,17986.17,7197.97,True,Synthetic cost model; fuel unit-price benchmark from EPPO,True
T00145,R_NMA,LINEHAUL,V022,H_UBP,H_NMA,20250528_NMA,2025-05-28T11:30:00+07:00,2025-05-29T09:03:22+07:00,2025-05-28T11:30:00+07:00,2025-05-28T19:12:04+07:00,2025-05-29T03:12:04+07:00,2025-05-29T10:16:25+07:00,COMPLETED,20,1306.94,5.6994,756.817,771.674,392.611,13.241,149.837,FUEL202505,11090.31,11742.9,4785.79,True,Synthetic cost model; fuel unit-price benchmark from EPPO,True
T00146,R_CNX,LINEHAUL,V001,H_UBP,H_CNX,20250528_CNX,2025-05-28T12:00:00+07:00,2025-05-30T07:11:30+07:00,2025-05-28T12:00:00+07:00,2025-05-29T04:15:01+07:00,2025-05-29T16:15:01+07:00,2025-05-30T08:22:18+07:00,COMPLETED,20,1503.09,6.8694,1850.224,1888.345,954.278,30.859,261.744,FUEL202505,19841.36,20609.25,8360.1,True,Synthetic cost model; fuel unit-price benchmark from EPPO,True
T00147,R_KKC,LINEHAUL,V008,H_UBP,H_KKC,20250528_KKC,2025-05-28T12:45:00+07:00,2025-05-29T07:22:19+07:00,2025-05-28T12:45:00+07:00,2025-05-28T19:03:02+07:00,2025-05-29T03:03:02+07:00,2025-05-29T08:24:37+07:00,COMPLETED,20,1507.59,6.5569,574.88,588.727,298.669,9.429,82.3,FUEL202505,6727.14,6975.73,2628.66,True,Synthetic cost model; fuel unit-price benchmark from EPPO,True
T00148,R_KKC,LINEHAUL,V010,H_UBP,H_KKC,20250528_KKC,2025-05-28T13:00:00+07:00,2025-05-29T07:37:19+07:00,2025-05-28T13:00:00+07:00,2025-05-28T19:20:51+07:00,2025-05-29T03:20:51+07:00,2025-05-29T08:39:16+07:00,COMPLETED,20,1370.42,6.0172,574.88,584.253,290.089,9.685,84.452,FUEL202505,6727.14,7074.53,2697.4,True,Synthetic cost model; fuel unit-price benchmark from EPPO,True
T00149,R_SSK,LINEHAUL,V009,H_UBP,H_SSK,20250528_SSK,2025-05-28T14:15:00+07:00,2025-05-29T01:49:33+07:00,2025-05-28T14:15:00+07:00,2025-05-28T17:13:00+07:00,2025-05-29T01:13:00+07:00,2025-05-29T02:54:56+07:00,COMPLETED,20,1532.37,6.5481,138.032,142.143,71.271,2.212,21.239,FUEL202505,2358.4,2458.8,678.37,True,Synthetic cost model; fuel unit-price benchmark from EPPO,True
T00150,R_LPT,LINEHAUL,V021,H_UBP,H_LPT,20250529_LPT,2025-05-29T10:00:00+07:00,2025-05-31T02:03:04+07:00,2025-05-29T10:00:00+07:00,2025-05-30T02:43:04+07:00,2025-05-30T14:43:04+07:00,2025-05-31T05:28:08+07:00,COMPLETED,19,1152.82,5.1717,1655.481,1692.069,861.751,28.363,319.799,FUEL202505,23334.39,24411.68,10214.38,True,Synthetic cost model; fuel unit-price benchmark from EPPO,True
T00151,R_BKK,LINEHAUL,V007,H_UBP,H_BKK,20250529_BKK,2025-05-29T12:45:00+07:00,2025-05-30T21:36:53+07:00,2025-05-29T12:45:00+07:00,2025-05-30T01:41:05+07:00,2025-05-30T13:41:05+07:00,2025-05-31T00:12:13+07:00,COMPLETED,20,1465.08,6.8268,1209.891,1219.803,610.872,20.381,163.487,FUEL202505,13587.64,13810.9,5221.77,True,Synthetic cost model; fuel unit-price benchmark from EPPO,True
T00152,R_UTH,LINEHAUL,V009,H_UBP,H_UTH,20250529_UTH,2025-05-29T17:15:00+07:00,2025-05-30T19:41:05+07:00,2025-05-29T17:15:00+07:00,2025-05-30T01:24:13+07:00,2025-05-30T13:24:13+07:00,2025-05-30T20:52:31+07:00,COMPLETED,20,1581.89,7.1016,811.254,812.215,407.191,13.52,117.34,FUEL202505,9451.03,9820.9,3747.84,True,Synthetic cost model; fuel unit-price benchmark from EPPO,True
T00153,R_BKK,LINEHAUL,V019,H_UBP,H_BKK,20250530_BKK,2025-05-30T09:30:00+07:00,2025-05-31T18:21:53+07:00,2025-05-30T09:30:00+07:00,2025-05-30T20:26:34+07:00,2025-05-31T08:26:34+07:00,2025-05-31T19:00:19+07:00,COMPLETED,19,880.86,3.6603,1209.891,1254.977,633.087,20.076,236.227,FUEL202505,17570.62,18441.54,7545.09,True,Synthetic cost model; fuel unit-price benchmark from EPPO,True
T00154,R_BKK,LINEHAUL,V012,H_UBP,H_BKK,20250530_BKK,2025-05-30T12:45:00+07:00,2025-05-31T21:36:53+07:00,2025-05-30T12:45:00+07:00,2025-05-30T23:46:48+07:00,2025-05-31T11:46:48+07:00,2025-05-31T22:01:16+07:00,COMPLETED,19,1454.48,6.648,1209.891,1224.127,612.461,19.79,163.668,FUEL202505,13547.24,13727.76,5227.56,True,Synthetic cost model; fuel unit-price benchmark from EPPO,True
T00155,R_SSK,LINEHAUL,V010,H_UBP,H_SSK,20250530_SSK,2025-05-30T14:00:00+07:00,2025-05-31T01:34:33+07:00,2025-05-30T14:00:00+07:00,2025-05-30T17:47:57+07:00,2025-05-31T01:47:57+07:00,2025-05-31T03:32:29+07:00,COMPLETED,20,1280.19,6.4198,138.032,140.056,69.507,2.232,19.943,FUEL202505,2358.4,2414.6,636.98,True,Synthetic cost model; fuel unit-price benchmark from EPPO,True
T00156,R_CNX,LINEHAUL,V003,H_UBP,H_CNX,20250601_CNX,2025-06-01T09:30:00+07:00,2025-06-03T04:41:30+07:00,2025-06-01T09:30:00+07:00,2025-06-02T03:45:11+07:00,2025-06-02T15:45:11+07:00,2025-06-03T07:26:18+07:00,COMPLETED,19,1407.19,6.3923,1850.224,1910.309,962.209,31.228,262.336,FUEL202506,19800.96,20716.32,8379.01,True,Synthetic cost model; fuel unit-price benchmark from EPPO,True
T00157,R_CNX,LINEHAUL,V021,H_UBP,H_CNX,20250601_CNX,2025-06-01T10:00:00+07:00,2025-06-03T05:11:30+07:00,2025-06-01T10:00:00+07:00,2025-06-02T03:12:03+07:00,2025-06-02T15:12:03+07:00,2025-06-03T07:11:45+07:00,COMPLETED,20,1289.6,5.4132,1850.224,1903.099,967.498,31.258,352.452,FUEL202506,25961.79,26976.03,11257.32,True,Synthetic cost model; fuel unit-price benchmark from EPPO,True
T00158,R_NMA,LINEHAUL,V005,H_UBP,H_NMA,20250601_NMA,2025-06-01T12:00:00+07:00,2025-06-02T09:33:22+07:00,2025-06-01T12:00:00+07:00,2025-06-01T20:35:01+07:00,2025-06-02T04:35:01+07:00,2025-06-02T11:14:11+07:00,COMPLETED,19,1565.27,6.9698,756.817,763.833,381.19,11.949,104.1,FUEL202506,8506.22,8585.43,3324.95,True,Synthetic cost model; fuel unit-price benchmark from EPPO,True
T00159,R_KSN,LINEHAUL,V016,H_UBP,H_KSN,20250601_KSN,2025-06-01T18:00:00+07:00,2025-06-02T10:27:41+07:00,2025-06-01T18:00:00+07:00,2025-06-01T22:25:19+07:00,2025-06-02T06:25:19+07:00,2025-06-02T10:38:50+07:00,COMPLETED,20,1496.1,6.8601,440.891,449.026,222.716,7.221,87.099,FUEL202506,6897.41,7175.58,2781.94,True,Synthetic cost model; fuel unit-price benchmark from EPPO,True
T00160,R_CNX,LINEHAUL,V024,H_UBP,H_CNX,20250601_CNX,2025-06-01T18:00:00+07:00,2025-06-03T13:11:30+07:00,2025-06-01T18:00:00+07:00,2025-06-02T10:49:27+07:00,2025-06-02T22:49:27+07:00,2025-06-03T14:25:50+07:00,COMPLETED,20,1081.93,5.3782,1850.224,1897.411,965.513,30.297,364.932,FUEL202506,25961.79,27167.02,11655.93,True,Synthetic cost model; fuel unit-price benchmark from EPPO,True
T00161,R_SSK,LINEHAUL,V004,H_UBP,H_SSK,20250602_SSK,2025-06-02T08:30:00+07:00,2025-06-02T20:04:33+07:00,2025-06-02T08:30:00+07:00,2025-06-02T22:52:34+07:00,2025-06-03T06:52:34+07:00,2025-06-03T08:35:49+07:00,COMPLETED,20,1423.47,6.7398,138.032,140.141,68.453,2.214,19.746,FUEL202506,2358.4,2405.42,630.69,True,Synthetic cost model; fuel unit-price benchmark from EPPO,True
T00162,R_KKC,LINEHAUL,V015,H_UBP,H_KKC,20250602_KKC,2025-06-02T11:00:00+07:00,2025-06-03T05:37:19+07:00,2025-06-02T11:00:00+07:00,2025-06-03T16:54:56+07:00,2025-06-04T00:54:56+07:00,2025-06-04T06:11:47+07:00,COMPLETED,20,1408.12,5.8514,574.88,595.379,301.533,9.832,118.26,FUEL202506,8675.68,9310.94,3777.22,True,Synthetic cost model; fuel unit-price benchmark from EPPO,True
T00163,R_CNX,LINEHAUL,V010,H_UBP,H_CNX,20250602_CNX,2025-06-02T11:30:00+07:00,2025-06-04T06:41:30+07:00,2025-06-02T11:30:00+07:00,2025-06-03T05:18:16+07:00,2025-06-03T17:18:16+07:00,2025-06-04T09:11:06+07:00,COMPLETED,20,1382.28,6.0832,1850.224,1890.541,948.529,30.632,273.468,FUEL202506,19841.36,20951.62,8734.57,True,Synthetic cost model; fuel unit-price benchmark from EPPO,True
T00164,R_SSK,LINEHAUL,V019,H_UBP,H_SSK,20250602_SSK,2025-06-02T13:30:00+07:00,2025-06-03T01:04:33+07:00,2025-06-02T13:30:00+07:00,2025-06-02T16:57:01+07:00,2025-06-03T00:57:01+07:00,2025-06-03T02:47:06+07:00,COMPLETED,20,1268.45,5.9386,138.032,141.142,69.174,2.358,27.92,FUEL202506,2877.93,3006.72,891.76,True,Synthetic cost model; fuel unit-price benchmark from EPPO,True
T00165,R_CNX,LINEHAUL,V017,H_UBP,H_CNX,20250602_CNX,2025-06-02T15:15:00+07:00,2025-06-04T10:26:30+07:00,2025-06-02T15:15:00+07:00,2025-06-03T07:50:21+07:00,2025-06-03T19:50:21+07:00,2025-06-04T11:36:23+07:00,COMPLETED,19,1068.75,4.6125,1850.224,1879.882,951.038,30.653,340.987,FUEL202506,25918.99,26349.85,10891.12,True,Synthetic cost model; fuel unit-price benchmark from EPPO,True
T00166,R_BKK,LINEHAUL,V011,H_UBP,H_BKK,20250602_BKK,2025-06-02T15:15:00+07:00,2025-06-04T00:06:53+07:00,2025-06-02T15:15:00+07:00,2025-06-03T03:31:39+07:00,2025-06-03T15:31:39+07:00,2025-06-04T01:55:23+07:00,COMPLETED,20,1291.67,5.4033,1209.891,1236.226,618.553,19.61,191.467,FUEL202506,13587.64,14646.72,6115.46,True,Synthetic cost model; fuel unit-price benchmark from EPPO,True
T00167,R_LPT,LINEHAUL,V014,H_UBP,H_LPT,20250602_LPT,2025-06-02T17:45:00+07:00,2025-06-04T09:48:04+07:00,2025-06-02T17:45:00+07:00,2025-06-03T08:45:43+07:00,2025-06-03T20:45:43+07:00,2025-06-04T10:42:34+07:00,COMPLETED,20,1340.98,5.7544,1655.481,1673.175,843.223,27.483,315.878,FUEL202506,23377.19,24078.92,10089.14,True,Synthetic cost model; fuel unit-price benchmark from EPPO,True
T00168,R_LPT,LINEHAUL,V002,H_UBP,H_LPT,20250603_LPT,2025-06-03T14:30:00+07:00,2025-06-05T06:33:04+07:00,2025-06-03T14:30:00+07:00,2025-06-04T05:59:26+07:00,2025-06-04T17:59:26+07:00,2025-06-05T08:39:38+07:00,COMPLETED,19,1632.78,7.5298,1655.481,1686.546,843.124,27.701,232.82,FUEL202506,17853.41,18502.69,7436.27,True,Synthetic cost model; fuel unit-price benchmark from EPPO,True
T00169,R_CNX,LINEHAUL,V008,H_UBP,H_CNX,20250604_CNX,2025-06-04T09:00:00+07:00,2025-06-06T04:11:30+07:00,2025-06-04T09:00:00+07:00,2025-06-05T03:07:31+07:00,2025-06-05T15:07:31+07:00,2025-06-06T06:16:19+07:00,COMPLETED,20,1340.07,5.9298,1850.224,1881.749,954.716,30.068,268.064,FUEL202506,19841.36,20656.76,8561.96,True,Synthetic cost model; fuel unit-price benchmark from EPPO,True
T00170,R_SSK,LINEHAUL,V004,H_UBP,H_SSK,20250604_SSK,2025-06-04T10:00:00+07:00,2025-06-04T21:34:33+07:00,2025-06-04T10:00:00+07:00,2025-06-04T13:08:10+07:00,2025-06-04T21:08:10+07:00,2025-06-04T22:54:16+07:00,COMPLETED,20,1498.21,6.8523,138.032,140.666,69.601,2.35,19.864,FUEL202506,2358.4,2433.91,634.46,True,Synthetic cost model; fuel unit-price benchmark from EPPO,True
T00171,R_UTH,LINEHAUL,V016,H_UBP,H_UTH,20250604_UTH,2025-06-04T13:00:00+07:00,2025-06-05T15:26:05+07:00,2025-06-04T13:00:00+07:00,2025-06-04T21:13:05+07:00,2025-06-05T09:13:05+07:00,2025-06-05T16:53:59+07:00,COMPLETED,20,1802.56,8.9152,811.254,829.441,414.919,13.482,159.216,FUEL202506,12172.79,12702.43,5085.36,True,Synthetic cost model; fuel unit-price benchmark from EPPO,True
T00172,R_CNX,LINEHAUL,V018,H_UBP,H_CNX,20250604_CNX,2025-06-04T13:30:00+07:00,2025-06-06T08:41:30+07:00,2025-06-04T13:30:00+07:00,2025-06-05T06:15:44+07:00,2025-06-05T18:15:44+07:00,2025-06-06T10:05:31+07:00,COMPLETED,19,1217.31,5.665,1850.224,1916.526,967.112,31.062,345.479,FUEL202506,25918.99,26732.24,11034.6,True,Synthetic cost model; fuel unit-price benchmark from EPPO,True
T00173,R_CNX,LINEHAUL,V003,H_UBP,H_CNX,20250604_CNX,2025-06-04T14:00:00+07:00,2025-06-06T09:11:30+07:00,2025-06-04T14:00:00+07:00,2025-06-05T08:03:56+07:00,2025-06-05T20:03:56+07:00,2025-06-06T11:40:48+07:00,COMPLETED,19,1485.22,6.2741,1850.224,1899.882,963.883,31.525,270.834,FUEL202506,19800.96,21006.87,8650.44,True,Synthetic cost model; fuel unit-price benchmark from EPPO,True
T00174,R_CNX,LINEHAUL,V006,H_UBP,H_CNX,20250604_CNX,2025-06-04T15:00:00+07:00,2025-06-06T10:11:30+07:00,2025-06-04T15:00:00+07:00,2025-06-05T08:54:40+07:00,2025-06-05T20:54:40+07:00,2025-06-06T13:19:26+07:00,COMPLETED,20,1251.96,5.3156,1850.224,1873.511,941.381,31.455,260.584,FUEL202506,19841.36,20628.96,8323.05,True,Synthetic cost model; fuel unit-price benchmark from EPPO,True
T00175,R_BKK,LINEHAUL,V021,H_UBP,H_BKK,20250605_BKK,2025-06-05T15:45:00+07:00,2025-06-07T00:36:53+07:00,2025-06-05T15:45:00+07:00,2025-06-06T02:21:50+07:00,2025-06-06T14:21:50+07:00,2025-06-07T01:20:40+07:00,COMPLETED,19,1425.84,6.3221,1209.891,1213.15,605.937,19.763,224.841,FUEL202506,17570.62,17745.01,7181.42,True,Synthetic cost model; fuel unit-price benchmark from EPPO,True
T00176,R_CNX,LINEHAUL,V004,H_UBP,H_CNX,20250605_CNX,2025-06-05T16:45:00+07:00,2025-06-07T11:56:30+07:00,2025-06-05T16:45:00+07:00,2025-06-06T09:17:32+07:00,2025-06-06T21:17:32+07:00,2025-06-07T13:51:36+07:00,COMPLETED,20,1485.62,7.1353,1850.224,1905.113,960.011,31.351,265.588,FUEL202506,19841.36,20865.91,8482.88,True,Synthetic cost model; fuel unit-price benchmark from EPPO,True
T00177,R_CNX,LINEHAUL,V007,H_UBP,H_CNX,20250605_CNX,2025-06-05T17:30:00+07:00,2025-06-07T12:41:30+07:00,2025-06-05T17:30:00+07:00,2025-06-06T10:21:16+07:00,2025-06-06T22:21:16+07:00,2025-06-07T14:21:29+07:00,COMPLETED,19,1192.53,5.4819,1850.224,1865.321,928.277,30.78,248.701,FUEL202506,19800.96,20069.63,7943.51,True,Synthetic cost model; fuel unit-price benchmark from EPPO,True
T00178,R_CNX,LINEHAUL,V012,H_UBP,H_CNX,20250606_CNX,2025-06-06T11:00:00+07:00,2025-06-08T06:11:30+07:00,2025-06-06T11:00:00+07:00,2025-06-07T03:00:32+07:00,2025-06-07T15:00:32+07:00,2025-06-08T07:31:21+07:00,COMPLETED,20,1581.68,7.9849,1850.224,1861.427,926.163,30.536,249.395,FUEL202506,19841.36,20079.17,7965.68,True,Synthetic cost model; fuel unit-price benchmark from EPPO,True
T00179,R_CNX,LINEHAUL,V013,H_UBP,H_CNX,20250606_CNX,2025-06-06T13:30:00+07:00,2025-06-08T08:41:30+07:00,2025-06-06T13:30:00+07:00,2025-06-07T05:48:05+07:00,2025-06-07T17:48:05+07:00,2025-06-08T09:26:27+07:00,COMPLETED,19,1386.01,6.1193,1850.224,1875.935,936.565,29.734,331.893,FUEL202506,25918.99,25867.41,10600.66,True,Synthetic cost model; fuel unit-price benchmark from EPPO,True
T00180,R_BKK,LINEHAUL,V009,H_UBP,H_BKK,20250606_BKK,2025-06-06T17:00:00+07:00,2025-06-08T01:51:53+07:00,2025-06-06T17:00:00+07:00,2025-06-07T04:23:08+07:00,2025-06-07T16:23:08+07:00,2025-06-08T03:04:09+07:00,COMPLETED,19,1189.44,5.6018,1209.891,1230.363,613.42,19.836,182.652,FUEL202506,13547.24,14333.07,5833.9,True,Synthetic cost model; fuel unit-price benchmark from EPPO,True
T00181,R_BKK,LINEHAUL,V015,H_UBP,H_BKK,20250607_BKK,2025-06-07T08:30:00+07:00,2025-06-08T17:21:53+07:00,2025-06-07T08:30:00+07:00,2025-06-07T19:27:56+07:00,2025-06-08T07:27:56+07:00,2025-06-08T18:16:41+07:00,COMPLETED,19,1342.85,6.0524,1209.891,1227.217,604.762,20.143,232.082,FUEL202506,17570.62,18148.57,7412.7,True,Synthetic cost model; fuel unit-price benchmark from EPPO,True
T00182,R_NMA,LINEHAUL,V024,H_UBP,H_NMA,20250607_NMA,2025-06-07T13:45:00+07:00,2025-06-08T11:18:22+07:00,2025-06-07T13:45:00+07:00,2025-06-07T21:13:42+07:00,2025-06-08T05:13:42+07:00,2025-06-08T12:01:51+07:00,COMPLETED,20,1479.66,6.2769,756.817,767.238,387.002,12.181,146.127,FUEL202506,11090.31,11403.63,4667.3,True,Synthetic cost model; fuel unit-price benchmark from EPPO,True
T00183,R_KKC,LINEHAUL,V003,H_UBP,H_KKC,20250607_KKC,2025-06-07T17:00:00+07:00,2025-06-08T11:37:19+07:00,2025-06-07T17:00:00+07:00,2025-06-07T22:28:02+07:00,2025-06-08T06:28:02+07:00,2025-06-08T12:02:58+07:00,COMPLETED,20,1854.33,8.6161,574.88,585.566,289.926,9.478,82.747,FUEL202506,6727.14,6988.85,2642.94,True,Synthetic cost model; fuel unit-price benchmark from EPPO,True
T00184,R_BKK,LINEHAUL,V001,H_UBP,H_BKK,20250608_BKK,2025-06-08T10:15:00+07:00,2025-06-09T19:06:53+07:00,2025-06-08T10:15:00+07:00,2025-06-08T22:36:06+07:00,2025-06-09T10:36:06+07:00,2025-06-09T21:43:54+07:00,COMPLETED,20,1500.49,6.7485,1209.891,1229.945,615.767,20.791,170.415,FUEL202506,13587.64,14189.18,5443.06,True,Synthetic cost model; fuel unit-price benchmark from EPPO,True
T00185,R_CNX,LINEHAUL,V011,H_UBP,H_CNX,20250608_CNX,2025-06-08T12:15:00+07:00,2025-06-10T07:26:30+07:00,2025-06-08T12:15:00+07:00,2025-06-09T04:48:19+07:00,2025-06-09T16:48:19+07:00,2025-06-10T08:50:27+07:00,COMPLETED,20,1138.33,5.0252,1850.224,1886.589,947.601,30.399,285.297,FUEL202506,19841.36,21277.98,9112.39,True,Synthetic cost model; fuel unit-price benchmark from EPPO,True
T00186,R_SSK,LINEHAUL,V015,H_UBP,H_SSK,20250609_SSK,2025-06-09T09:00:00+07:00,2025-06-09T20:34:33+07:00,2025-06-09T09:00:00+07:00,2025-06-10T18:19:20+07:00,2025-06-11T02:19:20+07:00,2025-06-11T04:02:00+07:00,COMPLETED,19,1882.19,8.6423,138.032,138.8,68.515,2.267,26.919,FUEL202506,2835.13,2904.53,859.79,True,Synthetic cost model; fuel unit-price benchmark from EPPO,True
T00187,R_BKK,LINEHAUL,V013,H_UBP,H_BKK,20250609_BKK,2025-06-09T16:00:00+07:00,2025-06-11T00:51:53+07:00,2025-06-09T16:00:00+07:00,2025-06-10T04:17:40+07:00,2025-06-10T16:17:40+07:00,2025-06-11T02:31:33+07:00,COMPLETED,19,1092.73,5.0385,1209.891,1223.525,613.356,19.738,215.945,FUEL202506,17570.62,17509.91,6897.28,True,Synthetic cost model; fuel unit-price benchmark from EPPO,True
T00188,R_CNX,LINEHAUL,V012,H_UBP,H_CNX,20250609_CNX,2025-06-09T18:45:00+07:00,2025-06-11T13:56:30+07:00,2025-06-09T18:45:00+07:00,2025-06-10T13:12:49+07:00,2025-06-11T01:12:49+07:00,2025-06-11T17:30:58+07:00,COMPLETED,20,1620.38,6.9935,1850.224,1901.541,969.583,32.284,267.997,FUEL202506,19841.36,21090.79,8559.82,True,Synthetic cost model; fuel unit-price benchmark from EPPO,True
T00189,R_RYG,LINEHAUL,V019,H_UBP,H_RYG,20250610_RYG,2025-06-10T08:30:00+07:00,2025-06-11T19:13:30+07:00,2025-06-10T08:30:00+07:00,2025-06-10T22:19:04+07:00,2025-06-11T10:19:04+07:00,2025-06-11T21:51:43+07:00,COMPLETED,20,1294.74,5.8466,1325.236,1353.703,675.765,22.465,258.979,FUEL202506,19144.26,20012.58,8271.79,True,Synthetic cost model; fuel unit-price benchmark from EPPO,True
T00190,R_CNX,LINEHAUL,V024,H_UBP,H_CNX,20250610_CNX,2025-06-10T11:30:00+07:00,2025-06-12T06:41:30+07:00,2025-06-10T11:30:00+07:00,2025-06-11T05:27:55+07:00,2025-06-11T17:27:55+07:00,2025-06-12T09:29:48+07:00,COMPLETED,20,1036.25,5.0389,1850.224,1909.118,967.596,30.822,367.009,FUEL202506,25961.79,27384.61,11722.27,True,Synthetic cost model; fuel unit-price benchmark from EPPO,True
T00191,R_CNX,LINEHAUL,V021,H_UBP,H_CNX,20250610_CNX,2025-06-10T18:15:00+07:00,2025-06-12T13:26:30+07:00,2025-06-10T18:15:00+07:00,2025-06-11T12:55:07+07:00,2025-06-12T00:55:07+07:00,2025-06-12T17:21:23+07:00,COMPLETED,17,1225.55,5.8711,1850.224,1887.015,957.99,32.116,349.269,FUEL202506,25833.39,26838.15,11155.65,True,Synthetic cost model; fuel unit-price benchmark from EPPO,True
T00192,R_CNX,LINEHAUL,V022,H_UBP,H_CNX,20250610_CNX,2025-06-10T18:30:00+07:00,2025-06-12T13:41:30+07:00,2025-06-10T18:30:00+07:00,2025-06-11T11:41:49+07:00,2025-06-11T23:41:49+07:00,2025-06-12T14:51:37+07:00,COMPLETED,20,1158.53,5.0627,1850.224,1883.749,956.324,29.823,357.531,FUEL202506,25961.79,26780.44,11419.54,True,Synthetic cost model; fuel unit-price benchmark from EPPO,True
T00193,R_NMA,LINEHAUL,V006,H_UBP,H_NMA,20250611_NMA,2025-06-11T08:45:00+07:00,2025-06-12T06:18:22+07:00,2025-06-11T08:45:00+07:00,2025-06-11T16:42:28+07:00,2025-06-12T00:42:28+07:00,2025-06-12T07:28:26+07:00,COMPLETED,20,1267.74,5.568,756.817,774.631,388.265,12.798,104.032,FUEL202506,8546.62,8800.32,3322.78,True,Synthetic cost model; fuel unit-price benchmark from EPPO,True
T00194,R_CNX,LINEHAUL,V002,H_UBP,H_CNX,20250611_CNX,2025-06-11T11:15:00+07:00,2025-06-13T06:26:30+07:00,2025-06-11T11:15:00+07:00,2025-06-12T04:09:37+07:00,2025-06-12T16:09:37+07:00,2025-06-13T08:41:15+07:00,COMPLETED,20,1719.63,8.0967,1850.224,1891.446,952.632,30.985,267.307,FUEL202506,19841.36,20817.53,8537.79,True,Synthetic cost model; fuel unit-price benchmark from EPPO,True
T00195,R_RYG,LINEHAUL,V003,H_UBP,H_RYG,20250611_RYG,2025-06-11T14:00:00+07:00,2025-06-13T00:43:30+07:00,2025-06-11T14:00:00+07:00,2025-06-12T02:40:43+07:00,2025-06-12T14:40:43+07:00,2025-06-13T02:20:27+07:00,COMPLETED,19,1397.94,6.4595,1325.236,1362.955,686.177,22.235,187.136,FUEL202506,14700.76,15223.98,5977.12,True,Synthetic cost model; fuel unit-price benchmark from EPPO,True
T00196,R_BKK,LINEHAUL,V023,H_UBP,H_BKK,20250611_BKK,2025-06-11T17:30:00+07:00,2025-06-13T02:21:53+07:00,2025-06-11T17:30:00+07:00,2025-06-12T04:24:51+07:00,2025-06-12T16:24:51+07:00,2025-06-13T02:42:33+07:00,COMPLETED,19,1509.23,7.3277,1209.891,1245.867,634.184,19.772,236.272,FUEL202506,17570.62,18306.73,7546.53,True,Synthetic cost model; fuel unit-price benchmark from EPPO,True
T00197,R_SSK,LINEHAUL,V017,H_UBP,H_SSK,20250612_SSK,2025-06-12T10:15:00+07:00,2025-06-12T21:49:33+07:00,2025-06-12T10:15:00+07:00,2025-06-12T12:14:52+07:00,2025-06-12T20:14:52+07:00,2025-06-12T22:01:49+07:00,COMPLETED,20,1348.87,6.2761,138.032,141.327,70.762,2.294,25.887,FUEL202506,2877.93,2930.56,826.83,True,Synthetic cost model; fuel unit-price benchmark from EPPO,True
T00198,R_KSN,LINEHAUL,V005,H_UBP,H_KSN,20250612_KSN,2025-06-12T14:15:00+07:00,2025-06-13T06:42:41+07:00,2025-06-12T14:15:00+07:00,2025-06-12T19:51:17+07:00,2025-06-13T03:51:17+07:00,2025-06-13T08:20:07+07:00,COMPLETED,20,1324.92,6.403,440.891,449.413,223.918,7.354,63.114,FUEL202506,5387.18,5592.34,2015.86,True,Synthetic cost model; fuel unit-price benchmark from EPPO,True
T00199,R_NMA,LINEHAUL,V011,H_UBP,H_NMA,20250612_NMA,2025-06-12T17:15:00+07:00,2025-06-13T14:48:22+07:00,2025-06-12T17:15:00+07:00,2025-06-13T13:38:38+07:00,2025-06-13T21:38:38+07:00,2025-06-14T04:32:07+07:00,COMPLETED,19,1751.84,8.1338,756.817,784.946,397.645,12.532,124.421,FUEL202506,8506.22,9396.92,3974.01,True,Synthetic cost model; fuel unit-price benchmark from EPPO,True
T00200,R_RYG,LINEHAUL,V007,H_UBP,H_RYG,20250613_RYG,2025-06-13T09:30:00+07:00,2025-06-14T20:13:30+07:00,2025-06-13T09:30:00+07:00,2025-06-15T01:34:07+07:00,2025-06-15T13:34:07+07:00,2025-06-16T00:53:00+07:00,COMPLETED,19,1430.04,6.5767,1325.236,1348.492,670.801,21.162,180.551,FUEL202506,14700.76,14807.08,5766.8,True,Synthetic cost model; fuel unit-price benchmark from EPPO,True
T00201,R_CNX,LINEHAUL,V022,H_UBP,H_CNX,20250613_CNX,2025-06-13T10:45:00+07:00,2025-06-15T05:56:30+07:00,2025-06-13T10:45:00+07:00,2025-06-14T03:37:20+07:00,2025-06-14T15:37:20+07:00,2025-06-15T07:00:37+07:00,COMPLETED,20,1593.4,7.3696,1850.224,1875.42,933.524,30.501,352.548,FUEL202506,25961.79,26713.4,11260.38,True,Synthetic cost model; fuel unit-price benchmark from EPPO,True
T00202,R_KKC,LINEHAUL,V016,H_UBP,H_KKC,20250613_KKC,2025-06-13T19:15:00+07:00,2025-06-14T13:52:19+07:00,2025-06-13T19:15:00+07:00,2025-06-14T01:41:07+07:00,2025-06-14T09:41:07+07:00,2025-06-14T15:07:57+07:00,COMPLETED,19,1186.91,5.1446,574.88,590.421,296.76,9.692,112.753,FUEL202506,8632.88,9043.91,3601.33,True,Synthetic cost model; fuel unit-price benchmark from EPPO,True
T00203,R_KKC,LINEHAUL,V012,H_UBP,H_KKC,20250614_KKC,2025-06-14T11:15:00+07:00,2025-06-15T05:52:19+07:00,2025-06-14T11:15:00+07:00,2025-06-14T17:45:01+07:00,2025-06-15T01:45:01+07:00,2025-06-15T07:20:43+07:00,COMPLETED,20,1555.38,7.3083,574.88,580.004,289.438,9.545,78.699,FUEL202506,6727.14,6854.24,2513.65,True,Synthetic cost model; fuel unit-price benchmark from EPPO,True
T00204,R_RET,LINEHAUL,V017,H_UBP,H_RET,20250614_RET,2025-06-14T13:45:00+07:00,2025-06-15T04:39:04+07:00,2025-06-14T13:45:00+07:00,2025-06-14T18:37:29+07:00,2025-06-15T02:37:29+07:00,2025-06-15T06:03:01+07:00,COMPLETED,20,1545.71,6.8263,344.211,346.061,173.537,5.521,63.501,FUEL202506,5614.3,5645.86,2028.22,True,Synthetic cost model; fuel unit-price benchmark from EPPO,True
T00205,R_KKC,LINEHAUL,V008,H_UBP,H_KKC,20250615_KKC,2025-06-15T09:15:00+07:00,2025-06-16T03:52:19+07:00,2025-06-15T09:15:00+07:00,2025-06-15T15:04:04+07:00,2025-06-15T23:04:04+07:00,2025-06-16T04:21:35+07:00,COMPLETED,19,1512.58,6.7798,574.88,588.27,295.067,9.487,81.085,FUEL202506,6686.74,6905.09,2589.85,True,Synthetic cost model; fuel unit-price benchmark from EPPO,True
T00206,R_KSN,LINEHAUL,V011,H_UBP,H_KSN,20250615_KSN,2025-06-15T13:45:00+07:00,2025-06-16T06:12:41+07:00,2025-06-15T13:45:00+07:00,2025-06-15T19:24:45+07:00,2025-06-16T03:24:45+07:00,2025-06-16T07:46:19+07:00,COMPLETED,19,1165.13,4.9121,440.891,446.242,225.904,7.612,68.459,FUEL202506,5346.78,5756.88,2186.58,True,Synthetic cost model; fuel unit-price benchmark from EPPO,True
T00207,R_UTH,LINEHAUL,V024,H_UBP,H_UTH,20250615_UTH,2025-06-15T14:30:00+07:00,2025-06-16T16:56:05+07:00,2025-06-15T14:30:00+07:00,2025-06-15T23:15:25+07:00,2025-06-16T11:15:25+07:00,2025-06-16T18:34:57+07:00,COMPLETED,18,1379.43,6.114,811.254,839.777,426.256,13.867,167.732,FUEL202506,12087.19,13007.55,5357.36,True,Synthetic cost model; fuel unit-price benchmark from EPPO,True
T00208,R_KKC,LINEHAUL,V005,H_UBP,H_KKC,20250615_KKC,2025-06-15T16:00:00+07:00,2025-06-16T10:37:19+07:00,2025-06-15T16:00:00+07:00,2025-06-15T22:22:37+07:00,2025-06-16T06:22:37+07:00,2025-06-16T11:57:11+07:00,COMPLETED,20,1259.89,5.385,574.88,595.532,301.138,10.067,81.824,FUEL202506,6727.14,7089.37,2613.46,True,Synthetic cost model; fuel unit-price benchmark from EPPO,True
T00209,R_RET,LINEHAUL,V013,H_UBP,H_RET,20250615_RET,2025-06-15T16:30:00+07:00,2025-06-16T07:24:04+07:00,2025-06-15T16:30:00+07:00,2025-06-15T21:31:30+07:00,2025-06-16T05:31:30+07:00,2025-06-16T09:05:01+07:00,COMPLETED,20,1404.57,6.1615,344.211,347.548,173.636,5.833,62.296,FUEL202506,5614.3,5673.27,1989.73,True,Synthetic cost model; fuel unit-price benchmark from EPPO,True
T00210,R_CNX,LINEHAUL,V003,H_UBP,H_CNX,20250615_CNX,2025-06-15T19:15:00+07:00,2025-06-17T14:26:30+07:00,2025-06-15T19:15:00+07:00,2025-06-16T11:38:58+07:00,2025-06-16T23:38:58+07:00,2025-06-17T15:06:00+07:00,COMPLETED,19,1849.73,8.0977,1850.224,1876.245,936.129,29.253,256.228,FUEL202506,19800.96,20083.2,8183.92,True,Synthetic cost model; fuel unit-price benchmark from EPPO,True
T00211,R_SSK,LINEHAUL,V017,H_UBP,H_SSK,20250616_SSK,2025-06-16T08:30:00+07:00,2025-06-16T20:04:33+07:00,2025-06-16T08:30:00+07:00,2025-06-16T10:50:08+07:00,2025-06-16T18:50:08+07:00,2025-06-16T20:32:55+07:00,COMPLETED,20,1533.47,6.7759,138.032,141.938,71.014,2.257,25.495,FUEL202506,2877.93,2913.65,814.31,True,Synthetic cost model; fuel unit-price benchmark from EPPO,True
T00212,R_RET,LINEHAUL,V022,H_UBP,H_RET,20250616_RET,2025-06-16T09:45:00+07:00,2025-06-17T00:39:04+07:00,2025-06-16T09:45:00+07:00,2025-06-16T14:08:50+07:00,2025-06-16T22:08:50+07:00,2025-06-17T01:41:07+07:00,COMPLETED,20,1415.23,6.5644,344.211,355.897,180.368,5.764,68.62,FUEL202506,5614.3,5898.82,2191.72,True,Synthetic cost model; fuel unit-price benchmark from EPPO,True
T00213,R_CNX,LINEHAUL,V014,H_UBP,H_CNX,20250616_CNX,2025-06-16T11:30:00+07:00,2025-06-18T06:41:30+07:00,2025-06-16T11:30:00+07:00,2025-06-17T05:20:55+07:00,2025-06-17T17:20:55+07:00,2025-06-18T08:33:20+07:00,COMPLETED,19,1342.97,6.5981,1850.224,1879.882,933.092,30.621,357.441,FUEL202506,25918.99,26869.28,11416.67,True,Synthetic cost model; fuel unit-price benchmark from EPPO,True
T00214,R_KKC,LINEHAUL,V016,H_UBP,H_KKC,20250616_KKC,2025-06-16T16:45:00+07:00,2025-06-17T11:22:19+07:00,2025-06-16T16:45:00+07:00,2025-06-16T23:34:14+07:00,2025-06-17T07:34:14+07:00,2025-06-17T13:00:00+07:00,COMPLETED,20,1376.82,6.3068,574.88,582.284,290.212,9.513,113.725,FUEL202506,8675.68,9047.87,3632.38,True,Synthetic cost model; fuel unit-price benchmark from EPPO,True
T00215,R_RET,LINEHAUL,V008,H_UBP,H_RET,20250616_RET,2025-06-16T18:30:00+07:00,2025-06-17T09:24:04+07:00,2025-06-16T18:30:00+07:00,2025-06-16T23:22:09+07:00,2025-06-17T07:22:09+07:00,2025-06-17T10:50:52+07:00,COMPLETED,20,1520.45,6.7837,344.211,349.729,177.022,5.731,48.895,FUEL202506,4420.32,4563.1,1561.71,True,Synthetic cost model; fuel unit-price benchmark from EPPO,True
T00216,R_CNX,LINEHAUL,V020,H_UBP,H_CNX,20250616_CNX,2025-06-16T19:00:00+07:00,2025-06-18T14:11:30+07:00,2025-06-16T19:00:00+07:00,2025-06-18T18:55:47+07:00,2025-06-19T06:55:47+07:00,2025-06-19T23:43:02+07:00,COMPLETED,19,1291.73,5.634,1850.224,1883.307,941.147,31.596,391.514,FUEL202506,25918.99,28157.92,12504.96,True,Synthetic cost model; fuel unit-price benchmark from EPPO,True
T00217,R_CNX,LINEHAUL,V002,H_UBP,H_CNX,20250617_CNX,2025-06-17T13:30:00+07:00,2025-06-19T08:41:30+07:00,2025-06-17T13:30:00+07:00,2025-06-18T05:30:14+07:00,2025-06-18T17:30:14+07:00,2025-06-19T09:13:39+07:00,COMPLETED,20,1935.74,9.0366,1850.224,1898.838,945.485,29.984,269.225,FUEL202506,19841.36,20730.88,8599.05,True,Synthetic cost model; fuel unit-price benchmark from EPPO,True
T00218,R_CNX,LINEHAUL,V003,H_UBP,H_CNX,20250618_CNX,2025-06-18T08:45:00+07:00,2025-06-20T03:56:30+07:00,2025-06-18T08:45:00+07:00,2025-06-19T02:37:07+07:00,2025-06-19T14:37:07+07:00,2025-06-20T07:11:55+07:00,COMPLETED,20,1327.12,5.5141,1850.224,1874.249,925.532,31.652,262.313,FUEL202506,19841.36,20719.83,8378.28,True,Synthetic cost model; fuel unit-price benchmark from EPPO,True
T00219,R_RET,LINEHAUL,V018,H_UBP,H_RET,20250618_RET,2025-06-18T11:00:00+07:00,2025-06-19T01:54:04+07:00,2025-06-18T11:00:00+07:00,2025-06-18T16:15:46+07:00,2025-06-19T00:15:46+07:00,2025-06-19T03:42:54+07:00,COMPLETED,19,1303.03,5.6531,344.211,352.249,177.793,5.607,61.358,FUEL202506,5571.5,5578.2,1959.77,True,Synthetic cost model; fuel unit-price benchmark from EPPO,True
T00220,R_SSK,LINEHAUL,V017,H_UBP,H_SSK,20250618_SSK,2025-06-18T15:45:00+07:00,2025-06-19T03:19:33+07:00,2025-06-18T15:45:00+07:00,2025-06-18T19:36:43+07:00,2025-06-19T03:36:43+07:00,2025-06-19T05:22:34+07:00,COMPLETED,20,1386.9,6.7291,138.032,141.801,70.345,2.309,25.972,FUEL202506,2877.93,2938.15,829.55,True,Synthetic cost model; fuel unit-price benchmark from EPPO,True
T00221,R_CNX,LINEHAUL,V007,H_UBP,H_CNX,20250618_CNX,2025-06-18T19:00:00+07:00,2025-06-20T14:11:30+07:00,2025-06-18T19:00:00+07:00,2025-06-19T11:21:47+07:00,2025-06-19T23:21:47+07:00,2025-06-20T15:49:06+07:00,COMPLETED,19,1259.36,5.8126,1850.224,1897.231,958.982,31.256,253.469,FUEL202506,19800.96,20398.67,8095.8,True,Synthetic cost model; fuel unit-price benchmark from EPPO,True
T00222,R_KSN,LINEHAUL,V021,H_UBP,H_KSN,20250619_KSN,2025-06-19T12:00:00+07:00,2025-06-20T04:27:41+07:00,2025-06-19T12:00:00+07:00,2025-06-19T16:22:43+07:00,2025-06-20T00:22:43+07:00,2025-06-20T04:28:28+07:00,COMPLETED,20,1394.61,6.3129,440.891,451.561,226.441,7.053,85.467,FUEL202506,6897.41,7102.75,2729.82,True,Synthetic cost model; fuel unit-price benchmark from EPPO,True
T00223,R_CNX,LINEHAUL,V019,H_UBP,H_CNX,20250619_CNX,2025-06-19T15:45:00+07:00,2025-06-21T10:56:30+07:00,2025-06-19T15:45:00+07:00,2025-06-20T10:02:46+07:00,2025-06-20T22:02:46+07:00,2025-06-21T14:13:45+07:00,COMPLETED,20,1561.49,7.2078,1850.224,1906.289,959.489,31.264,370.566,FUEL202506,25961.79,27569.71,11835.88,True,Synthetic cost model; fuel unit-price benchmark from EPPO,True
T00224,R_KKC,LINEHAUL,V010,H_UBP,H_KKC,20250621_KKC,2025-06-21T12:45:00+07:00,2025-06-22T07:22:19+07:00,2025-06-21T12:45:00+07:00,2025-06-21T19:28:28+07:00,2025-06-22T03:28:28+07:00,2025-06-22T08:41:44+07:00,COMPLETED,20,1743.48,8.0251,574.88,592.351,296.881,9.704,85.071,FUEL202506,6727.14,7121.84,2717.17,True,Synthetic cost model; fuel unit-price benchmark from EPPO,True
T00225,R_RYG,LINEHAUL,V003,H_UBP,H_RYG,20250621_RYG,2025-06-21T17:00:00+07:00,2025-06-23T03:43:30+07:00,2025-06-21T17:00:00+07:00,2025-06-22T05:15:05+07:00,2025-06-22T17:15:05+07:00,2025-06-23T04:40:47+07:00,COMPLETED,19,1342.36,5.9886,1325.236,1346.637,663.642,21.891,187.055,FUEL202506,14700.76,15149.87,5974.54,True,Synthetic cost model; fuel unit-price benchmark from EPPO,True
T00226,R_CNX,LINEHAUL,V008,H_UBP,H_CNX,20250622_CNX,2025-06-22T18:15:00+07:00,2025-06-24T13:26:30+07:00,2025-06-22T18:15:00+07:00,2025-06-23T12:09:59+07:00,2025-06-24T00:09:59+07:00,2025-06-24T16:39:08+07:00,COMPLETED,20,1617.85,8.1949,1850.224,1863.766,932.993,31.785,266.609,FUEL202506,19841.36,20848.23,8515.49,True,Synthetic cost model; fuel unit-price benchmark from EPPO,True
T00227,R_KKC,LINEHAUL,V017,H_UBP,H_KKC,20250623_KKC,2025-06-23T12:30:00+07:00,2025-06-24T07:07:19+07:00,2025-06-23T12:30:00+07:00,2025-06-23T19:13:20+07:00,2025-06-24T03:13:20+07:00,2025-06-24T08:45:56+07:00,COMPLETED,18,1178.22,5.1331,574.88,591.841,296.19,9.634,108.245,FUEL202506,8590.08,8852.23,3457.35,True,Synthetic cost model; fuel unit-price benchmark from EPPO,True
T00228,R_CNX,LINEHAUL,V004,H_UBP,H_CNX,20250623_CNX,2025-06-23T13:30:00+07:00,2025-06-25T08:41:30+07:00,2025-06-23T13:30:00+07:00,2025-06-24T06:53:36+07:00,2025-06-24T18:53:36+07:00,2025-06-25T11:00:29+07:00,COMPLETED,19,1758.08,7.4731,1850.224,1885.538,952.191,31.102,258.544,FUEL202506,19800.96,20499.43,8257.9,True,Synthetic cost model; fuel unit-price benchmark from EPPO,True
T00229,R_CNX,LINEHAUL,V021,H_UBP,H_CNX,20250623_CNX,2025-06-23T13:30:00+07:00,2025-06-25T08:41:30+07:00,2025-06-23T13:30:00+07:00,2025-06-24T05:29:42+07:00,2025-06-24T17:29:42+07:00,2025-06-25T08:58:43+07:00,COMPLETED,20,1178.08,5.174,1850.224,1886.773,945.461,29.503,348.979,FUEL202506,25961.79,26459.82,11146.39,True,Synthetic cost model; fuel unit-price benchmark from EPPO,True
T00230,R_RET,LINEHAUL,V011,H_UBP,H_RET,20250623_RET,2025-06-23T18:00:00+07:00,2025-06-24T08:54:04+07:00,2025-06-23T18:00:00+07:00,2025-06-23T21:50:18+07:00,2025-06-24T05:50:18+07:00,2025-06-24T09:23:27+07:00,COMPLETED,20,1206.09,5.4684,344.211,350.468,174.329,5.674,54.928,FUEL202506,4420.32,4748.42,1754.4,True,Synthetic cost model; fuel unit-price benchmark from EPPO,True
T00231,R_RYG,LINEHAUL,V007,H_UBP,H_RYG,20250624_RYG,2025-06-24T10:30:00+07:00,2025-06-25T21:13:30+07:00,2025-06-24T10:30:00+07:00,2025-06-24T23:08:20+07:00,2025-06-25T11:08:20+07:00,2025-06-25T22:51:14+07:00,COMPLETED,19,1636.86,7.4065,1325.236,1348.306,677.706,21.701,183.856,FUEL202506,14700.76,15114.91,5872.36,True,Synthetic cost model; fuel unit-price benchmark from EPPO,True
T00232,R_BKK,LINEHAUL,V012,H_UBP,H_BKK,20250624_BKK,2025-06-24T10:30:00+07:00,2025-06-25T19:21:53+07:00,2025-06-24T10:30:00+07:00,2025-06-24T21:45:48+07:00,2025-06-25T09:45:48+07:00,2025-06-25T20:46:40+07:00,COMPLETED,19,1346.99,6.186,1209.891,1229.092,621.363,20.381,166.236,FUEL202506,13547.24,13974.93,5309.58,True,Synthetic cost model; fuel unit-price benchmark from EPPO,True
T00233,R_CNX,LINEHAUL,V013,H_UBP,H_CNX,20250624_CNX,2025-06-24T13:45:00+07:00,2025-06-26T08:56:30+07:00,2025-06-24T13:45:00+07:00,2025-06-25T07:29:54+07:00,2025-06-25T19:29:54+07:00,2025-06-26T12:10:11+07:00,COMPLETED,19,929.28,4.051,1850.224,1883.666,931.69,31.078,343.283,FUEL202506,25918.99,26520.68,10964.46,True,Synthetic cost model; fuel unit-price benchmark from EPPO,True
T00234,R_BKK,LINEHAUL,V011,H_UBP,H_BKK,20250625_BKK,2025-06-25T08:45:00+07:00,2025-06-26T17:36:53+07:00,2025-06-25T08:45:00+07:00,2025-06-25T21:05:39+07:00,2025-06-26T09:05:39+07:00,2025-06-26T20:11:26+07:00,COMPLETED,20,1586.32,6.6948,1209.891,1243.843,631.796,20.994,189.678,FUEL202506,13587.64,14802.78,6058.32,True,Synthetic cost model; fuel unit-price benchmark from EPPO,True
T00235,R_KSN,LINEHAUL,V010,H_UBP,H_KSN,20250625_KSN,2025-06-25T10:00:00+07:00,2025-06-26T02:27:41+07:00,2025-06-25T10:00:00+07:00,2025-06-26T08:20:38+07:00,2025-06-26T16:20:38+07:00,2025-06-26T20:27:03+07:00,COMPLETED,19,1210.68,5.6596,440.891,450.74,226.816,7.077,65.521,FUEL202506,5346.78,5585.67,2092.74,True,Synthetic cost model; fuel unit-price benchmark from EPPO,True
T00236,R_NMA,LINEHAUL,V024,H_UBP,H_NMA,20250625_NMA,2025-06-25T13:30:00+07:00,2025-06-26T11:03:22+07:00,2025-06-25T13:30:00+07:00,2025-06-25T21:17:42+07:00,2025-06-26T05:17:42+07:00,2025-06-26T11:50:44+07:00,COMPLETED,20,1609.48,7.3805,756.817,762.332,383.796,12.064,148.438,FUEL202506,11090.31,11433.58,4741.11,True,Synthetic cost model; fuel unit-price benchmark from EPPO,True
T00237,R_BKK,LINEHAUL,V014,H_UBP,H_BKK,20250625_BKK,2025-06-25T18:15:00+07:00,2025-06-27T03:06:53+07:00,2025-06-25T18:15:00+07:00,2025-06-26T07:12:30+07:00,2025-06-26T19:12:30+07:00,2025-06-27T05:36:12+07:00,COMPLETED,20,1404.33,6.47,1209.891,1243.858,624.164,20.034,231.784,FUEL202506,17613.42,18232.51,7403.18,True,Synthetic cost model; fuel unit-price benchmark from EPPO,True
T00238,R_KKC,LINEHAUL,V004,H_UBP,H_KKC,20250626_KKC,2025-06-26T15:30:00+07:00,2025-06-27T10:07:19+07:00,2025-06-26T15:30:00+07:00,2025-06-26T21:43:13+07:00,2025-06-27T05:43:13+07:00,2025-06-27T10:53:35+07:00,COMPLETED,20,1218.86,5.7897,574.88,589.778,300.193,9.298,80.115,FUEL202506,6727.14,6886.84,2558.87,True,Synthetic cost model; fuel unit-price benchmark from EPPO,True
T00239,R_KSN,LINEHAUL,V015,H_UBP,H_KSN,20250627_KSN,2025-06-27T13:45:00+07:00,2025-06-28T06:12:41+07:00,2025-06-27T13:45:00+07:00,2025-06-27T19:19:33+07:00,2025-06-28T03:19:33+07:00,2025-06-28T07:43:04+07:00,COMPLETED,20,1295.39,5.8778,440.891,449.503,225.592,7.432,84.989,FUEL202506,6897.41,7150.43,2714.55,True,Synthetic cost model; fuel unit-price benchmark from EPPO,True
T00240,R_CNX,LINEHAUL,V020,H_UBP,H_CNX,20250627_CNX,2025-06-27T16:30:00+07:00,2025-06-29T11:41:30+07:00,2025-06-27T16:30:00+07:00,2025-06-28T08:22:30+07:00,2025-06-28T20:22:30+07:00,2025-06-29T12:20:57+07:00,COMPLETED,19,1303.14,5.5657,1850.224,1890.942,946.324,30.114,388.031,FUEL202506,25918.99,27798.68,12393.71,True,Synthetic cost model; fuel unit-price benchmark from EPPO,True
T00241,R_LPT,LINEHAUL,V007,H_UBP,H_LPT,20250628_LPT,2025-06-28T09:15:00+07:00,2025-06-30T01:18:04+07:00,2025-06-28T09:15:00+07:00,2025-06-29T00:18:32+07:00,2025-06-29T12:18:32+07:00,2025-06-30T02:39:48+07:00,COMPLETED,20,1277.36,5.6939,1655.481,1678.976,840.665,27.871,221.308,FUEL202506,17893.81,18181.56,7068.58,True,Synthetic cost model; fuel unit-price benchmark from EPPO,True
T00242,R_BKK,LINEHAUL,V013,H_UBP,H_BKK,20250628_BKK,2025-06-28T10:45:00+07:00,2025-06-29T19:36:53+07:00,2025-06-28T10:45:00+07:00,2025-06-29T07:43:13+07:00,2025-06-29T19:43:13+07:00,2025-06-30T06:09:05+07:00,COMPLETED,19,1296.67,6.1525,1209.891,1235.728,614.826,20.019,225.966,FUEL202506,17570.62,18002.73,7217.35,True,Synthetic cost model; fuel unit-price benchmark from EPPO,True
T00243,R_CNX,LINEHAUL,V001,H_UBP,H_CNX,20250628_CNX,2025-06-28T17:15:00+07:00,2025-06-30T12:26:30+07:00,2025-06-28T17:15:00+07:00,2025-06-29T10:40:04+07:00,2025-06-29T22:40:04+07:00,2025-06-30T14:22:56+07:00,COMPLETED,20,1381.84,5.9952,1850.224,1888.684,950.184,30.944,270.581,FUEL202506,19841.36,20906.91,8642.36,True,Synthetic cost model; fuel unit-price benchmark from EPPO,True
T00244,R_CNX,LINEHAUL,V012,H_UBP,H_CNX,20250629_CNX,2025-06-29T09:00:00+07:00,2025-07-01T04:11:30+07:00,2025-06-29T09:00:00+07:00,2025-06-30T01:27:20+07:00,2025-06-30T13:27:20+07:00,2025-07-01T05:21:54+07:00,COMPLETED,19,1684.0,7.8368,1850.224,1890.248,940.571,29.965,257.041,FUEL202506,19800.96,20272.28,8209.89,True,Synthetic cost model; fuel unit-price benchmark from EPPO,True
T00245,R_CNX,LINEHAUL,V011,H_UBP,H_CNX,20250629_CNX,2025-06-29T10:15:00+07:00,2025-07-01T05:26:30+07:00,2025-06-29T10:15:00+07:00,2025-06-30T02:03:26+07:00,2025-06-30T14:03:26+07:00,2025-07-01T05:17:38+07:00,COMPLETED,20,1503.77,6.5366,1850.224,1899.618,950.311,29.401,289.082,FUEL202506,19841.36,21268.27,9233.28,True,Synthetic cost model; fuel unit-price benchmark from EPPO,True
T00246,R_KSN,LINEHAUL,V002,H_UBP,H_KSN,20250629_KSN,2025-06-29T11:15:00+07:00,2025-06-30T03:42:41+07:00,2025-06-29T11:15:00+07:00,2025-06-29T16:13:56+07:00,2025-06-30T00:13:56+07:00,2025-06-30T04:26:38+07:00,COMPLETED,19,1188.71,5.1673,440.891,449.322,226.17,7.292,62.398,FUEL202506,5346.78,5518.26,1992.99,True,Synthetic cost model; fuel unit-price benchmark from EPPO,True
T00247,R_KKC,LINEHAUL,V003,H_UBP,H_KKC,20250629_KKC,2025-06-29T13:00:00+07:00,2025-06-30T07:37:19+07:00,2025-06-29T13:00:00+07:00,2025-06-29T19:30:49+07:00,2025-06-30T03:30:49+07:00,2025-06-30T09:04:04+07:00,COMPLETED,19,1267.98,6.0139,574.88,579.437,288.658,9.585,78.325,FUEL202506,6686.74,6807.14,2501.7,True,Synthetic cost model; fuel unit-price benchmark from EPPO,True
T00248,R_BKK,LINEHAUL,V008,H_UBP,H_BKK,20250629_BKK,2025-06-29T13:00:00+07:00,2025-06-30T21:51:53+07:00,2025-06-29T13:00:00+07:00,2025-06-30T13:04:53+07:00,2025-07-01T01:04:53+07:00,2025-07-01T12:05:45+07:00,COMPLETED,20,1310.29,5.9299,1209.891,1238.5,627.01,20.298,176.308,FUEL202506,13587.64,14274.78,5631.28,True,Synthetic cost model; fuel unit-price benchmark from EPPO,True
T00249,R_CNX,LINEHAUL,V006,H_UBP,H_CNX,20250629_CNX,2025-06-29T13:30:00+07:00,2025-07-01T08:41:30+07:00,2025-06-29T13:30:00+07:00,2025-06-30T06:56:08+07:00,2025-06-30T18:56:08+07:00,2025-07-01T10:29:55+07:00,COMPLETED,20,1678.4,7.3137,1850.224,1889.515,936.362,30.409,255.498,FUEL202506,19841.36,20336.61,8160.61,True,Synthetic cost model; fuel unit-price benchmark from EPPO,True
T00250,R_BKK,LINEHAUL,V021,H_UBP,H_BKK,20250629_BKK,2025-06-29T15:15:00+07:00,2025-07-01T00:06:53+07:00,2025-06-29T15:15:00+07:00,2025-06-30T04:10:45+07:00,2025-06-30T16:10:45+07:00,2025-07-01T02:59:27+07:00,COMPLETED,18,1243.07,5.1759,1209.891,1244.353,633.396,21.074,238.649,FUEL202506,17527.82,18558.51,7622.45,True,Synthetic cost model; fuel unit-price benchmark from EPPO,True
T00251,R_BKK,LINEHAUL,V005,H_UBP,H_BKK,20250701_BKK,2025-07-01T10:15:00+07:00,2025-07-02T19:06:53+07:00,2025-07-01T10:15:00+07:00,2025-07-01T22:45:34+07:00,2025-07-02T10:45:34+07:00,2025-07-02T21:51:12+07:00,COMPLETED,19,1341.31,6.4949,1209.891,1237.905,618.764,21.12,168.058,FUEL202507,13547.24,14082.55,5367.77,True,Synthetic cost model; fuel unit-price benchmark from EPPO,True
T00252,R_RYG,LINEHAUL,V002,H_UBP,H_RYG,20250701_RYG,2025-07-01T12:45:00+07:00,2025-07-02T23:28:30+07:00,2025-07-01T12:45:00+07:00,2025-07-02T02:08:47+07:00,2025-07-02T14:08:47+07:00,2025-07-03T01:49:12+07:00,COMPLETED,20,1620.94,6.6214,1325.236,1348.688,680.953,22.546,190.286,FUEL202507,14741.16,15478.58,6077.73,True,Synthetic cost model; fuel unit-price benchmark from EPPO,True
T00253,R_RYG,LINEHAUL,V017,H_UBP,H_RYG,20250701_RYG,2025-07-01T13:15:00+07:00,2025-07-02T23:58:30+07:00,2025-07-01T13:15:00+07:00,2025-07-02T01:37:47+07:00,2025-07-02T13:37:47+07:00,2025-07-03T01:12:16+07:00,COMPLETED,19,1611.33,7.116,1325.236,1349.145,674.182,22.189,247.667,FUEL202507,19101.46,19597.25,7910.48,True,Synthetic cost model; fuel unit-price benchmark from EPPO,True
T00254,R_CNX,LINEHAUL,V019,H_UBP,H_CNX,20250701_CNX,2025-07-01T16:15:00+07:00,2025-07-03T11:26:30+07:00,2025-07-01T16:15:00+07:00,2025-07-02T09:10:45+07:00,2025-07-02T21:10:45+07:00,2025-07-03T13:47:33+07:00,COMPLETED,20,1367.37,6.2342,1850.224,1908.015,967.777,31.107,365.39,FUEL202507,25961.79,27382.2,11670.56,True,Synthetic cost model; fuel unit-price benchmark from EPPO,True
T00255,R_KSN,LINEHAUL,V013,H_UBP,H_KSN,20250701_KSN,2025-07-01T18:15:00+07:00,2025-07-02T10:42:41+07:00,2025-07-01T18:15:00+07:00,2025-07-01T23:47:34+07:00,2025-07-02T07:47:34+07:00,2025-07-02T12:03:48+07:00,COMPLETED,20,1483.34,6.4207,440.891,448.611,224.46,7.25,81.553,FUEL202507,6897.41,7002.16,2604.8,True,Synthetic cost model; fuel unit-price benchmark from EPPO,True
T00256,R_CNX,LINEHAUL,V015,H_UBP,H_CNX,20250702_CNX,2025-07-02T09:15:00+07:00,2025-07-04T04:26:30+07:00,2025-07-02T09:15:00+07:00,2025-07-03T03:43:12+07:00,2025-07-03T15:43:12+07:00,2025-07-04T06:58:31+07:00,COMPLETED,20,1277.94,5.8485,1850.224,1859.209,924.184,30.471,363.513,FUEL202507,25961.79,26986.53,11610.61,True,Synthetic cost model; fuel unit-price benchmark from EPPO,True
T00257,R_KSN,LINEHAUL,V006,H_UBP,H_KSN,20250702_KSN,2025-07-02T16:30:00+07:00,2025-07-03T08:57:41+07:00,2025-07-02T16:30:00+07:00,2025-07-02T21:51:13+07:00,2025-07-03T05:51:13+07:00,2025-07-03T10:15:11+07:00,COMPLETED,20,1365.69,5.8671,440.891,446.086,223.283,7.408,61.305,FUEL202507,5387.18,5533.69,1958.08,True,Synthetic cost model; fuel unit-price benchmark from EPPO,True
T00258,R_NMA,LINEHAUL,V009,H_UBP,H_NMA,20250703_NMA,2025-07-03T10:30:00+07:00,2025-07-04T08:03:22+07:00,2025-07-03T10:30:00+07:00,2025-07-03T19:08:34+07:00,2025-07-04T03:08:34+07:00,2025-07-04T10:05:45+07:00,COMPLETED,20,1712.18,7.9554,756.817,763.372,381.775,12.546,114.418,FUEL202507,8546.62,9055.37,3654.51,True,Synthetic cost model; fuel unit-price benchmark from EPPO,True
T00259,R_SSK,LINEHAUL,V010,H_UBP,H_SSK,20250703_SSK,2025-07-03T10:30:00+07:00,2025-07-03T22:04:33+07:00,2025-07-03T10:30:00+07:00,2025-07-03T13:40:06+07:00,2025-07-03T21:40:06+07:00,2025-07-03T23:28:30+07:00,COMPLETED,20,1545.47,6.9223,138.032,138.988,68.277,2.339,20.034,FUEL202507,2358.4,2432.41,639.89,True,Synthetic cost model; fuel unit-price benchmark from EPPO,True
T00260,R_CNX,LINEHAUL,V016,H_UBP,H_CNX,20250704_CNX,2025-07-04T10:00:00+07:00,2025-07-06T05:11:30+07:00,2025-07-04T10:00:00+07:00,2025-07-05T04:05:08+07:00,2025-07-05T16:05:08+07:00,2025-07-06T08:28:22+07:00,COMPLETED,19,1379.36,6.0639,1850.224,1903.066,951.444,31.498,376.851,FUEL202507,25918.99,27758.02,12036.62,True,Synthetic cost model; fuel unit-price benchmark from EPPO,True
T00261,R_BKK,LINEHAUL,V012,H_UBP,H_BKK,20250704_BKK,2025-07-04T10:15:00+07:00,2025-07-05T19:06:53+07:00,2025-07-04T10:15:00+07:00,2025-07-04T21:43:26+07:00,2025-07-05T09:43:26+07:00,2025-07-05T20:40:33+07:00,COMPLETED,20,1506.0,6.8645,1209.891,1221.2,605.623,20.58,165.518,FUEL202507,13587.64,13913.6,5286.64,True,Synthetic cost model; fuel unit-price benchmark from EPPO,True
T00262,R_SSK,LINEHAUL,V019,H_UBP,H_SSK,20250704_SSK,2025-07-04T15:30:00+07:00,2025-07-05T03:04:33+07:00,2025-07-04T15:30:00+07:00,2025-07-04T18:21:09+07:00,2025-07-05T02:21:09+07:00,2025-07-05T04:08:56+07:00,COMPLETED,20,1705.02,7.8101,138.032,142.041,70.883,2.41,27.637,FUEL202507,2877.93,3011.63,882.73,True,Synthetic cost model; fuel unit-price benchmark from EPPO,True
T00263,R_CNX,LINEHAUL,V013,H_UBP,H_CNX,20250704_CNX,2025-07-04T16:30:00+07:00,2025-07-06T11:41:30+07:00,2025-07-04T16:30:00+07:00,2025-07-05T10:08:33+07:00,2025-07-05T22:08:33+07:00,2025-07-06T13:49:09+07:00,COMPLETED,20,1497.26,6.2778,1850.224,1897.764,965.239,30.457,352.843,FUEL202507,25961.79,26812.77,11269.81,True,Synthetic cost model; fuel unit-price benchmark from EPPO,True
T00264,R_UTH,LINEHAUL,V002,H_UBP,H_UTH,20250704_UTH,2025-07-04T17:30:00+07:00,2025-07-05T19:56:05+07:00,2025-07-04T17:30:00+07:00,2025-07-05T03:02:05+07:00,2025-07-05T15:02:05+07:00,2025-07-05T22:37:31+07:00,COMPLETED,20,1447.18,6.4773,811.254,828.106,412.084,13.873,117.981,FUEL202507,9451.03,9949.06,3768.31,True,Synthetic cost model; fuel unit-price benchmark from EPPO,True
T00265,R_SSK,LINEHAUL,V014,H_UBP,H_SSK,20250705_SSK,2025-07-05T10:15:00+07:00,2025-07-05T21:49:33+07:00,2025-07-05T10:15:00+07:00,2025-07-05T13:52:41+07:00,2025-07-05T21:52:41+07:00,2025-07-05T23:34:21+07:00,COMPLETED,20,1212.36,5.9776,138.032,141.144,70.948,2.303,26.259,FUEL202507,2877.93,2943.35,838.71,True,Synthetic cost model; fuel unit-price benchmark from EPPO,True
T00266,R_RET,LINEHAUL,V009,H_UBP,H_RET,20250705_RET,2025-07-05T11:45:00+07:00,2025-07-06T02:39:04+07:00,2025-07-05T11:45:00+07:00,2025-07-05T17:05:02+07:00,2025-07-06T01:05:02+07:00,2025-07-06T04:35:26+07:00,COMPLETED,19,1093.96,5.6565,344.211,355.078,177.942,5.854,52.638,FUEL202507,4379.92,4679.31,1681.26,True,Synthetic cost model; fuel unit-price benchmark from EPPO,True
T00267,R_KSN,LINEHAUL,V001,H_UBP,H_KSN,20250705_KSN,2025-07-05T12:00:00+07:00,2025-07-06T04:27:41+07:00,2025-07-05T12:00:00+07:00,2025-07-05T18:00:08+07:00,2025-07-06T02:00:08+07:00,2025-07-06T06:19:32+07:00,COMPLETED,19,1551.52,6.7197,440.891,442.707,221.48,7.192,62.722,FUEL202507,5346.78,5491.71,2003.34,True,Synthetic cost model; fuel unit-price benchmark from EPPO,True
T00268,R_NMA,LINEHAUL,V015,H_UBP,H_NMA,20250705_NMA,2025-07-05T12:15:00+07:00,2025-07-06T09:48:22+07:00,2025-07-05T12:15:00+07:00,2025-07-05T19:39:26+07:00,2025-07-06T03:39:26+07:00,2025-07-06T10:19:54+07:00,COMPLETED,20,1612.78,7.141,756.817,764.767,384.244,12.673,148.873,FUEL202507,11090.31,11573.85,4755.0,True,Synthetic cost model; fuel unit-price benchmark from EPPO,True
T00269,R_BKK,LINEHAUL,V024,H_UBP,H_BKK,20250705_BKK,2025-07-05T13:00:00+07:00,2025-07-06T21:51:53+07:00,2025-07-05T13:00:00+07:00,2025-07-06T02:22:02+07:00,2025-07-06T14:22:02+07:00,2025-07-07T00:51:39+07:00,COMPLETED,19,1068.77,4.7174,1209.891,1250.463,629.971,20.657,243.68,FUEL202507,17570.62,18729.36,7783.14,True,Synthetic cost model; fuel unit-price benchmark from EPPO,True
T00270,R_CNX,LINEHAUL,V023,H_UBP,H_CNX,20250705_CNX,2025-07-05T18:00:00+07:00,2025-07-07T13:11:30+07:00,2025-07-05T18:00:00+07:00,2025-07-06T11:46:35+07:00,2025-07-06T23:46:35+07:00,2025-07-07T15:40:23+07:00,COMPLETED,19,1368.42,6.3389,1850.224,1907.2,953.845,31.243,361.182,FUEL202507,25918.99,27227.13,11536.15,True,Synthetic cost model; fuel unit-price benchmark from EPPO,True
T00271,R_BKK,LINEHAUL,V003,H_UBP,H_BKK,20250706_BKK,2025-07-06T09:15:00+07:00,2025-07-07T18:06:53+07:00,2025-07-06T09:15:00+07:00,2025-07-06T21:51:52+07:00,2025-07-07T09:51:52+07:00,2025-07-07T20:27:17+07:00,COMPLETED,19,1354.77,5.7019,1209.891,1242.983,622.84,19.879,174.189,FUEL202507,13547.24,14140.47,5563.6,True,Synthetic cost model; fuel unit-price benchmark from EPPO,True
T00272,R_BKK,LINEHAUL,V006,H_UBP,H_BKK,20250706_BKK,2025-07-06T09:15:00+07:00,2025-07-07T18:06:53+07:00,2025-07-06T09:15:00+07:00,2025-07-06T20:40:54+07:00,2025-07-07T08:40:54+07:00,2025-07-07T19:00:09+07:00,COMPLETED,19,1356.67,5.4449,1209.891,1227.157,614.957,19.977,168.631,FUEL202507,13547.24,13915.73,5386.07,True,Synthetic cost model; fuel unit-price benchmark from EPPO,True
T00273,R_CNX,LINEHAUL,V022,H_UBP,H_CNX,20250706_CNX,2025-07-06T10:30:00+07:00,2025-07-08T05:41:30+07:00,2025-07-06T10:30:00+07:00,2025-07-07T04:03:16+07:00,2025-07-07T16:03:16+07:00,2025-07-08T07:56:29+07:00,COMPLETED,20,1407.76,6.3297,1850.224,1902.054,962.191,31.836,357.065,FUEL202507,25961.79,27228.55,11404.66,True,Synthetic cost model; fuel unit-price benchmark from EPPO,True
T00274,R_UTH,LINEHAUL,V020,H_UBP,H_UTH,20250706_UTH,2025-07-06T12:15:00+07:00,2025-07-07T14:41:05+07:00,2025-07-06T12:15:00+07:00,2025-07-06T21:07:21+07:00,2025-07-07T09:07:21+07:00,2025-07-07T16:07:34+07:00,COMPLETED,20,1333.83,5.7971,811.254,823.404,411.657,13.177,169.923,FUEL202507,12172.79,12959.87,5427.34,True,Synthetic cost model; fuel unit-price benchmark from EPPO,True
T00275,R_SSK,LINEHAUL,V010,H_UBP,H_SSK,20250706_SSK,2025-07-06T16:30:00+07:00,2025-07-07T04:04:33+07:00,2025-07-06T16:30:00+07:00,2025-07-06T19:10:00+07:00,2025-07-07T03:10:00+07:00,2025-07-07T04:55:43+07:00,COMPLETED,20,1806.57,8.1558,138.032,140.394,69.097,2.299,20.602,FUEL202507,2358.4,2448.02,658.03,True,Synthetic cost model; fuel unit-price benchmark from EPPO,True
T00276,R_RET,LINEHAUL,V019,H_UBP,H_RET,20250707_RET,2025-07-07T09:30:00+07:00,2025-07-08T00:24:04+07:00,2025-07-07T09:30:00+07:00,2025-07-07T14:42:37+07:00,2025-07-07T22:42:37+07:00,2025-07-08T02:15:24+07:00,COMPLETED,19,1366.93,5.8455,344.211,350.376,176.846,5.916,68.002,FUEL202507,5571.5,5840.81,2171.98,True,Synthetic cost model; fuel unit-price benchmark from EPPO,True
T00277,R_BKK,LINEHAUL,V009,H_UBP,H_BKK,20250707_BKK,2025-07-07T10:45:00+07:00,2025-07-08T19:36:53+07:00,2025-07-07T10:45:00+07:00,2025-07-07T22:52:35+07:00,2025-07-08T10:52:35+07:00,2025-07-08T21:25:28+07:00,COMPLETED,18,1242.13,5.7031,1209.891,1236.838,629.838,20.415,177.684,FUEL202507,13506.84,14259.98,5675.23,True,Synthetic cost model; fuel unit-price benchmark from EPPO,True
T00278,R_LPT,LINEHAUL,V002,H_UBP,H_LPT,20250707_LPT,2025-07-07T14:30:00+07:00,2025-07-09T06:33:04+07:00,2025-07-07T14:30:00+07:00,2025-07-08T05:28:58+07:00,2025-07-08T17:28:58+07:00,2025-07-09T07:52:03+07:00,COMPLETED,18,1369.37,6.3894,1655.481,1688.716,845.106,27.908,237.052,FUEL202507,17813.01,18639.16,7571.44,True,Synthetic cost model; fuel unit-price benchmark from EPPO,True
T00279,R_CNX,LINEHAUL,V005,H_UBP,H_CNX,20250707_CNX,2025-07-07T16:30:00+07:00,2025-07-09T11:41:30+07:00,2025-07-07T16:30:00+07:00,2025-07-08T10:36:57+07:00,2025-07-08T22:36:57+07:00,2025-07-09T14:24:23+07:00,COMPLETED,20,1311.93,5.9012,1850.224,1871.247,931.838,30.867,260.69,FUEL202507,19841.36,20525.51,8326.44,True,Synthetic cost model; fuel unit-price benchmark from EPPO,True
T00280,R_KSN,LINEHAUL,V011,H_UBP,H_KSN,20250707_KSN,2025-07-07T17:00:00+07:00,2025-07-08T09:27:41+07:00,2025-07-07T17:00:00+07:00,2025-07-07T22:07:51+07:00,2025-07-08T06:07:51+07:00,2025-07-08T10:16:42+07:00,COMPLETED,20,1182.32,4.9465,440.891,449.989,227.888,7.192,69.603,FUEL202507,5387.18,5773.76,2223.12,True,Synthetic cost model; fuel unit-price benchmark from EPPO,True
T00281,R_CNX,LINEHAUL,V007,H_UBP,H_CNX,20250708_CNX,2025-07-08T09:00:00+07:00,2025-07-10T04:11:30+07:00,2025-07-08T09:00:00+07:00,2025-07-09T00:58:42+07:00,2025-07-09T12:58:42+07:00,2025-07-10T05:16:19+07:00,COMPLETED,20,1708.03,7.9362,1850.224,1854.995,924.988,30.531,241.195,FUEL202507,19841.36,19796.94,7703.77,True,Synthetic cost model; fuel unit-price benchmark from EPPO,True
T00282,R_BKK,LINEHAUL,V010,H_UBP,H_BKK,20250708_BKK,2025-07-08T10:00:00+07:00,2025-07-09T18:51:53+07:00,2025-07-08T10:00:00+07:00,2025-07-08T21:45:47+07:00,2025-07-09T09:45:47+07:00,2025-07-09T20:49:29+07:00,COMPLETED,19,1248.02,5.1282,1209.891,1220.471,613.253,20.885,176.132,FUEL202507,13547.24,14229.87,5625.66,True,Synthetic cost model; fuel unit-price benchmark from EPPO,True
T00283,R_BKK,LINEHAUL,V021,H_UBP,H_BKK,20250708_BKK,2025-07-08T19:15:00+07:00,2025-07-10T04:06:53+07:00,2025-07-08T19:15:00+07:00,2025-07-09T08:20:22+07:00,2025-07-09T20:20:22+07:00,2025-07-10T07:04:52+07:00,COMPLETED,20,1886.79,8.6856,1209.891,1242.239,628.512,20.818,234.392,FUEL202507,17613.42,18525.08,7486.48,True,Synthetic cost model; fuel unit-price benchmark from EPPO,True
T00284,R_CNX,LINEHAUL,V019,H_UBP,H_CNX,20250709_CNX,2025-07-09T16:45:00+07:00,2025-07-11T11:56:30+07:00,2025-07-09T16:45:00+07:00,2025-07-10T09:31:17+07:00,2025-07-10T21:31:17+07:00,2025-07-11T12:59:16+07:00,COMPLETED,19,1336.35,6.284,1850.224,1882.515,941.886,30.338,367.982,FUEL202507,25918.99,27163.93,11753.35,True,Synthetic cost model; fuel unit-price benchmark from EPPO,True
T00285,R_SSK,LINEHAUL,V015,H_UBP,H_SSK,20250709_SSK,2025-07-09T17:30:00+07:00,2025-07-10T05:04:33+07:00,2025-07-09T17:30:00+07:00,2025-07-09T20:25:20+07:00,2025-07-10T04:25:20+07:00,2025-07-10T06:09:49+07:00,COMPLETED,19,1482.85,6.3825,138.032,141.065,68.993,2.268,27.61,FUEL202507,2835.13,2936.64,881.86,True,Synthetic cost model; fuel unit-price benchmark from EPPO,True
T00286,R_RYG,LINEHAUL,V013,H_UBP,H_RYG,20250709_RYG,2025-07-09T19:00:00+07:00,2025-07-11T05:43:30+07:00,2025-07-09T19:00:00+07:00,2025-07-10T07:45:55+07:00,2025-07-10T19:45:55+07:00,2025-07-11T06:56:08+07:00,COMPLETED,20,1126.37,4.8184,1325.236,1348.961,672.611,21.346,241.212,FUEL202507,19144.26,19263.71,7704.31,True,Synthetic cost model; fuel unit-price benchmark from EPPO,True
T00287,R_CNX,LINEHAUL,V001,H_UBP,H_CNX,20250710_CNX,2025-07-10T09:15:00+07:00,2025-07-12T04:26:30+07:00,2025-07-10T09:15:00+07:00,2025-07-12T00:31:22+07:00,2025-07-12T12:31:22+07:00,2025-07-13T04:12:02+07:00,COMPLETED,19,1435.4,5.9608,1850.224,1882.54,942.674,30.266,260.536,FUEL202507,19800.96,20411.94,8321.52,True,Synthetic cost model; fuel unit-price benchmark from EPPO,True
T00288,R_BKK,LINEHAUL,V016,H_UBP,H_BKK,20250710_BKK,2025-07-10T09:15:00+07:00,2025-07-11T18:06:53+07:00,2025-07-10T09:15:00+07:00,2025-07-10T21:02:25+07:00,2025-07-11T09:02:25+07:00,2025-07-11T19:12:40+07:00,COMPLETED,20,1432.76,6.4261,1209.891,1222.43,616.512,19.665,238.993,FUEL202507,17613.42,18284.42,7633.44,True,Synthetic cost model; fuel unit-price benchmark from EPPO,True
T00289,R_BKK,LINEHAUL,V004,H_UBP,H_BKK,20250710_BKK,2025-07-10T09:30:00+07:00,2025-07-11T18:21:53+07:00,2025-07-10T09:30:00+07:00,2025-07-10T22:42:50+07:00,2025-07-11T10:42:50+07:00,2025-07-11T21:01:13+07:00,COMPLETED,19,1620.03,6.6187,1209.891,1248.071,634.199,20.416,174.507,FUEL202507,13547.24,14184.59,5573.75,True,Synthetic cost model; fuel unit-price benchmark from EPPO,True
T00290,R_RYG,LINEHAUL,V017,H_UBP,H_RYG,20250710_RYG,2025-07-10T10:30:00+07:00,2025-07-11T21:13:30+07:00,2025-07-10T10:30:00+07:00,2025-07-10T23:09:37+07:00,2025-07-11T11:09:37+07:00,2025-07-11T22:43:28+07:00,COMPLETED,20,1656.56,7.6918,1325.236,1353.151,684.957,22.609,248.651,FUEL202507,19144.26,19708.54,7941.91,True,Synthetic cost model; fuel unit-price benchmark from EPPO,True
T00291,R_CNX,LINEHAUL,V022,H_UBP,H_CNX,20250710_CNX,2025-07-10T15:15:00+07:00,2025-07-12T10:26:30+07:00,2025-07-10T15:15:00+07:00,2025-07-11T07:33:51+07:00,2025-07-11T19:33:51+07:00,2025-07-12T11:27:30+07:00,COMPLETED,20,1390.36,5.9677,1850.224,1890.721,947.528,30.602,359.458,FUEL202507,25961.79,27020.58,11481.09,True,Synthetic cost model; fuel unit-price benchmark from EPPO,True
T00292,R_CNX,LINEHAUL,V005,H_UBP,H_CNX,20250710_CNX,2025-07-10T16:15:00+07:00,2025-07-12T11:26:30+07:00,2025-07-10T16:15:00+07:00,2025-07-11T10:02:36+07:00,2025-07-11T22:02:36+07:00,2025-07-12T13:14:03+07:00,COMPLETED,19,1460.7,7.0108,1850.224,1879.809,937.574,29.637,259.071,FUEL202507,19800.96,20250.1,8274.73,True,Synthetic cost model; fuel unit-price benchmark from EPPO,True
T00293,R_KKC,LINEHAUL,V024,H_UBP,H_KKC,20250710_KKC,2025-07-10T16:45:00+07:00,2025-07-11T11:22:19+07:00,2025-07-10T16:45:00+07:00,2025-07-10T23:20:18+07:00,2025-07-11T07:20:18+07:00,2025-07-11T12:48:31+07:00,COMPLETED,20,1666.61,7.2844,574.88,586.951,297.687,9.579,117.53,FUEL202507,8675.68,9202.54,3753.91,True,Synthetic cost model; fuel unit-price benchmark from EPPO,True
T00294,R_BKK,LINEHAUL,V009,H_UBP,H_BKK,20250711_BKK,2025-07-11T09:00:00+07:00,2025-07-12T17:51:53+07:00,2025-07-11T09:00:00+07:00,2025-07-12T09:19:44+07:00,2025-07-12T21:19:44+07:00,2025-07-13T08:28:10+07:00,COMPLETED,20,1156.09,5.356,1209.891,1247.656,631.9,21.084,182.796,FUEL202507,13587.64,14602.45,5838.5,True,Synthetic cost model; fuel unit-price benchmark from EPPO,True
T00295,R_CNX,LINEHAUL,V012,H_UBP,H_CNX,20250711_CNX,2025-07-11T11:15:00+07:00,2025-07-13T06:26:30+07:00,2025-07-11T11:15:00+07:00,2025-07-12T05:29:55+07:00,2025-07-12T17:29:55+07:00,2025-07-13T08:59:58+07:00,COMPLETED,20,1303.59,6.1559,1850.224,1871.356,929.392,30.363,252.754,FUEL202507,19841.36,20186.75,8072.96,True,Synthetic cost model; fuel unit-price benchmark from EPPO,True
T00296,R_CNX,LINEHAUL,V006,H_UBP,H_CNX,20250711_CNX,2025-07-11T17:00:00+07:00,2025-07-13T12:11:30+07:00,2025-07-11T17:00:00+07:00,2025-07-12T11:05:41+07:00,2025-07-12T23:05:41+07:00,2025-07-13T14:20:10+07:00,COMPLETED,19,1229.6,5.5603,1850.224,1901.04,950.637,29.975,255.118,FUEL202507,19800.96,20244.87,8148.47,True,Synthetic cost model; fuel unit-price benchmark from EPPO,True
T00297,R_RET,LINEHAUL,V003,H_UBP,H_RET,20250711_RET,2025-07-11T18:30:00+07:00,2025-07-12T09:24:04+07:00,2025-07-11T18:30:00+07:00,2025-07-11T23:51:44+07:00,2025-07-12T07:51:44+07:00,2025-07-12T11:21:06+07:00,COMPLETED,19,1605.66,6.749,344.211,348.451,173.902,5.64,47.381,FUEL202507,4379.92,4455.06,1513.35,True,Synthetic cost model; fuel unit-price benchmark from EPPO,True
T00298,R_KKC,LINEHAUL,V019,H_UBP,H_KKC,20250712_KKC,2025-07-12T18:30:00+07:00,2025-07-13T13:07:19+07:00,2025-07-12T18:30:00+07:00,2025-07-13T01:06:51+07:00,2025-07-13T09:06:51+07:00,2025-07-13T14:41:16+07:00,COMPLETED,19,1174.5,5.6957,574.88,586.921,297.564,9.637,112.209,FUEL202507,8632.88,9000.65,3583.96,True,Synthetic cost model; fuel unit-price benchmark from EPPO,True
T00299,R_SSK,LINEHAUL,V021,H_UBP,H_SSK,20250713_SSK,2025-07-13T13:15:00+07:00,2025-07-14T00:49:33+07:00,2025-07-13T13:15:00+07:00,2025-07-13T16:47:24+07:00,2025-07-14T00:47:24+07:00,2025-07-14T02:33:01+07:00,COMPLETED,20,1500.4,6.6588,138.032,139.101,68.665,2.26,25.993,FUEL202507,2877.93,2917.68,830.22,True,Synthetic cost model; fuel unit-price benchmark from EPPO,True
T00300,R_SSK,LINEHAUL,V011,H_UBP,H_SSK,20250713_SSK,2025-07-13T15:00:00+07:00,2025-07-14T02:34:33+07:00,2025-07-13T15:00:00+07:00,2025-07-13T18:01:35+07:00,2025-07-14T02:01:35+07:00,2025-07-14T03:51:55+07:00,COMPLETED,19,1575.7,6.9961,138.032,142.322,70.285,2.344,21.849,FUEL202507,2318.0,2460.86,697.86,True,Synthetic cost model; fuel unit-price benchmark from EPPO,True
T00301,R_CNX,LINEHAUL,V018,H_UBP,H_CNX,20250714_CNX,2025-07-14T09:15:00+07:00,2025-07-16T04:26:30+07:00,2025-07-14T09:15:00+07:00,2025-07-15T01:19:10+07:00,2025-07-15T13:19:10+07:00,2025-07-16T04:36:25+07:00,COMPLETED,19,1426.79,6.3569,1850.224,1893.081,964.081,29.93,334.707,FUEL202507,25918.99,26069.94,10690.54,True,Synthetic cost model; fuel unit-price benchmark from EPPO,True
T00302,R_CNX,LINEHAUL,V012,H_UBP,H_CNX,20250714_CNX,2025-07-14T11:30:00+07:00,2025-07-16T06:41:30+07:00,2025-07-14T11:30:00+07:00,2025-07-15T04:56:18+07:00,2025-07-15T16:56:18+07:00,2025-07-16T09:08:08+07:00,COMPLETED,19,1310.58,6.0466,1850.224,1895.125,967.305,31.357,259.796,FUEL202507,19800.96,20611.61,8297.88,True,Synthetic cost model; fuel unit-price benchmark from EPPO,True
T00303,R_UTH,LINEHAUL,V004,H_UBP,H_UTH,20250714_UTH,2025-07-14T14:45:00+07:00,2025-07-15T17:11:05+07:00,2025-07-14T14:45:00+07:00,2025-07-15T00:04:47+07:00,2025-07-15T12:04:47+07:00,2025-07-15T19:25:05+07:00,COMPLETED,20,1567.48,6.7061,811.254,825.167,409.864,13.678,112.686,FUEL202507,9451.03,9737.98,3599.19,True,Synthetic cost model; fuel unit-price benchmark from EPPO,True
T00304,R_UTH,LINEHAUL,V022,H_UBP,H_UTH,20250715_UTH,2025-07-15T09:00:00+07:00,2025-07-16T11:26:05+07:00,2025-07-15T09:00:00+07:00,2025-07-15T18:01:07+07:00,2025-07-16T06:01:07+07:00,2025-07-16T13:31:09+07:00,COMPLETED,19,1341.21,6.0177,811.254,835.423,422.87,13.992,158.799,FUEL202507,12129.99,12769.64,5072.04,True,Synthetic cost model; fuel unit-price benchmark from EPPO,True
T00305,R_CNX,LINEHAUL,V009,H_UBP,H_CNX,20250715_CNX,2025-07-15T12:15:00+07:00,2025-07-17T07:26:30+07:00,2025-07-15T12:15:00+07:00,2025-07-16T04:32:58+07:00,2025-07-16T16:32:58+07:00,2025-07-17T08:42:46+07:00,COMPLETED,20,1003.44,4.6028,1850.224,1852.934,924.436,30.763,264.993,FUEL202507,19841.36,20590.44,8463.88,True,Synthetic cost model; fuel unit-price benchmark from EPPO,True
T00306,R_KSN,LINEHAUL,V015,H_UBP,H_KSN,20250715_KSN,2025-07-15T18:30:00+07:00,2025-07-16T10:57:41+07:00,2025-07-15T18:30:00+07:00,2025-07-15T22:52:55+07:00,2025-07-16T06:52:55+07:00,2025-07-16T11:15:34+07:00,COMPLETED,19,1457.95,6.6105,440.891,453.303,229.501,7.357,86.962,FUEL202507,6854.61,7173.13,2777.57,True,Synthetic cost model; fuel unit-price benchmark from EPPO,True
T00307,R_KKC,LINEHAUL,V011,H_UBP,H_KKC,20250716_KKC,2025-07-16T13:45:00+07:00,2025-07-17T08:22:19+07:00,2025-07-16T13:45:00+07:00,2025-07-16T20:10:02+07:00,2025-07-17T04:10:02+07:00,2025-07-17T09:25:25+07:00,COMPLETED,20,1457.69,6.0722,574.88,595.438,301.451,9.584,90.579,FUEL202507,6727.14,7286.76,2893.09,True,Synthetic cost model; fuel unit-price benchmark from EPPO,True
T00308,R_CNX,LINEHAUL,V002,H_UBP,H_CNX,20250716_CNX,2025-07-16T15:00:00+07:00,2025-07-18T10:11:30+07:00,2025-07-16T15:00:00+07:00,2025-07-17T07:44:50+07:00,2025-07-17T19:44:50+07:00,2025-07-18T11:45:50+07:00,COMPLETED,19,1375.88,5.916,1850.224,1896.056,945.315,30.54,262.629,FUEL202507,19800.96,20565.97,8388.37,True,Synthetic cost model; fuel unit-price benchmark from EPPO,True
T00309,R_KKC,LINEHAUL,V021,H_UBP,H_KKC,20250716_KKC,2025-07-16T17:15:00+07:00,2025-07-17T11:52:19+07:00,2025-07-16T17:15:00+07:00,2025-07-17T00:37:43+07:00,2025-07-17T08:37:43+07:00,2025-07-17T14:00:47+07:00,COMPLETED,20,1417.67,6.2955,574.88,581.98,288.386,9.405,107.834,FUEL202507,8675.68,8837.87,3444.22,True,Synthetic cost model; fuel unit-price benchmark from EPPO,True
T00310,R_BKK,LINEHAUL,V007,H_UBP,H_BKK,20250716_BKK,2025-07-16T18:30:00+07:00,2025-07-18T03:21:53+07:00,2025-07-16T18:30:00+07:00,2025-07-17T07:08:28+07:00,2025-07-17T19:08:28+07:00,2025-07-18T05:29:51+07:00,COMPLETED,19,1309.99,5.9706,1209.891,1241.069,621.688,19.945,160.267,FUEL202507,13547.24,13680.0,5118.93,True,Synthetic cost model; fuel unit-price benchmark from EPPO,True
T00311,R_CNX,LINEHAUL,V024,H_UBP,H_CNX,20250717_CNX,2025-07-17T10:00:00+07:00,2025-07-19T05:11:30+07:00,2025-07-17T10:00:00+07:00,2025-07-18T03:48:42+07:00,2025-07-18T15:48:42+07:00,2025-07-19T07:52:53+07:00,COMPLETED,20,1190.71,5.3944,1850.224,1875.808,937.122,31.177,360.965,FUEL202507,25961.79,27112.41,11529.22,True,Synthetic cost model; fuel unit-price benchmark from EPPO,True
T00312,R_KKC,LINEHAUL,V004,H_UBP,H_KKC,20250717_KKC,2025-07-17T10:15:00+07:00,2025-07-18T04:52:19+07:00,2025-07-17T10:15:00+07:00,2025-07-17T16:52:19+07:00,2025-07-18T00:52:19+07:00,2025-07-18T06:08:41+07:00,COMPLETED,20,1784.06,8.242,574.88,583.919,289.584,9.363,82.902,FUEL202507,6727.14,6969.4,2647.89,True,Synthetic cost model; fuel unit-price benchmark from EPPO,True
T00313,R_CNX,LINEHAUL,V017,H_UBP,H_CNX,20250717_CNX,2025-07-17T10:30:00+07:00,2025-07-19T05:41:30+07:00,2025-07-17T10:30:00+07:00,2025-07-18T03:21:22+07:00,2025-07-18T15:21:22+07:00,2025-07-19T06:45:08+07:00,COMPLETED,20,1191.89,5.7065,1850.224,1918.666,968.532,30.49,343.698,FUEL202507,25961.79,26618.87,10977.71,True,Synthetic cost model; fuel unit-price benchmark from EPPO,True
T00314,R_CNX,LINEHAUL,V003,H_UBP,H_CNX,20250717_CNX,2025-07-17T18:15:00+07:00,2025-07-19T13:26:30+07:00,2025-07-17T18:15:00+07:00,2025-07-18T11:19:54+07:00,2025-07-18T23:19:54+07:00,2025-07-19T15:20:21+07:00,COMPLETED,19,1601.3,7.1508,1850.224,1875.103,947.189,30.115,258.425,FUEL202507,19800.96,20296.54,8254.09,True,Synthetic cost model; fuel unit-price benchmark from EPPO,True
T00315,R_CNX,LINEHAUL,V005,H_UBP,H_CNX,20250717_CNX,2025-07-17T19:15:00+07:00,2025-07-19T14:26:30+07:00,2025-07-17T19:15:00+07:00,2025-07-18T12:48:06+07:00,2025-07-19T00:48:06+07:00,2025-07-19T16:42:18+07:00,COMPLETED,19,1586.12,7.2052,1850.224,1854.52,926.803,30.629,256.174,FUEL202507,19800.96,20250.26,8182.2,True,Synthetic cost model; fuel unit-price benchmark from EPPO,True
T00316,R_KKC,LINEHAUL,V008,H_UBP,H_KKC,20250718_KKC,2025-07-18T09:45:00+07:00,2025-07-19T04:22:19+07:00,2025-07-18T09:45:00+07:00,2025-07-18T16:14:52+07:00,2025-07-19T00:14:52+07:00,2025-07-19T05:54:02+07:00,COMPLETED,18,1335.37,6.0633,574.88,586.455,292.392,9.651,81.659,FUEL202507,6646.34,6905.42,2608.19,True,Synthetic cost model; fuel unit-price benchmark from EPPO,True
T00317,R_CNX,LINEHAUL,V009,H_UBP,H_CNX,20250718_CNX,2025-07-18T11:45:00+07:00,2025-07-20T06:56:30+07:00,2025-07-18T11:45:00+07:00,2025-07-19T03:50:15+07:00,2025-07-19T15:50:15+07:00,2025-07-20T06:58:22+07:00,COMPLETED,19,1370.19,5.8996,1850.224,1874.797,943.994,29.49,279.374,FUEL202507,19800.96,20858.58,8923.21,True,Synthetic cost model; fuel unit-price benchmark from EPPO,True
T00318,R_CNX,LINEHAUL,V010,H_UBP,H_CNX,20250719_CNX,2025-07-19T14:45:00+07:00,2025-07-21T09:56:30+07:00,2025-07-19T14:45:00+07:00,2025-07-20T08:50:52+07:00,2025-07-20T20:50:52+07:00,2025-07-21T13:01:29+07:00,COMPLETED,20,1474.26,6.8961,1850.224,1876.622,950.144,30.982,264.801,FUEL202507,19841.36,20692.51,8457.74,True,Synthetic cost model; fuel unit-price benchmark from EPPO,True
T00319,R_UTH,LINEHAUL,V020,H_UBP,H_UTH,20250719_UTH,2025-07-19T18:15:00+07:00,2025-07-20T20:41:05+07:00,2025-07-19T18:15:00+07:00,2025-07-20T03:36:31+07:00,2025-07-20T15:36:31+07:00,2025-07-20T23:14:04+07:00,COMPLETED,20,1200.47,5.13,811.254,838.556,425.555,13.711,168.403,FUEL202507,12172.79,13079.59,5378.79,True,Synthetic cost model; fuel unit-price benchmark from EPPO,True
T00320,R_BKK,LINEHAUL,V015,H_UBP,H_BKK,20250720_BKK,2025-07-20T13:45:00+07:00,2025-07-21T22:36:53+07:00,2025-07-20T13:45:00+07:00,2025-07-21T01:39:44+07:00,2025-07-21T13:39:44+07:00,2025-07-22T00:33:15+07:00,COMPLETED,20,1410.32,6.5038,1209.891,1247.42,632.046,20.495,239.213,FUEL202507,17613.42,18628.24,7640.46,True,Synthetic cost model; fuel unit-price benchmark from EPPO,True
T00321,R_UTH,LINEHAUL,V003,H_UBP,H_UTH,20250720_UTH,2025-07-20T14:45:00+07:00,2025-07-21T17:11:05+07:00,2025-07-20T14:45:00+07:00,2025-07-20T22:43:32+07:00,2025-07-21T10:43:32+07:00,2025-07-21T18:04:09+07:00,COMPLETED,20,1388.02,6.2536,811.254,834.315,424.099,13.918,115.514,FUEL202507,9451.03,9896.45,3689.52,True,Synthetic cost model; fuel unit-price benchmark from EPPO,True
T00322,R_KSN,LINEHAUL,V001,H_UBP,H_KSN,20250720_KSN,2025-07-20T16:00:00+07:00,2025-07-21T08:27:41+07:00,2025-07-20T16:00:00+07:00,2025-07-20T21:37:36+07:00,2025-07-21T05:37:36+07:00,2025-07-21T09:56:29+07:00,COMPLETED,19,1235.57,5.8619,440.891,453.601,231.273,7.687,62.594,FUEL202507,5346.78,5604.41,1999.25,True,Synthetic cost model; fuel unit-price benchmark from EPPO,True
T00323,R_CNX,LINEHAUL,V005,H_UBP,H_CNX,20250720_CNX,2025-07-20T17:45:00+07:00,2025-07-22T12:56:30+07:00,2025-07-20T17:45:00+07:00,2025-07-21T10:49:00+07:00,2025-07-21T22:49:00+07:00,2025-07-22T14:45:52+07:00,COMPLETED,20,1286.0,5.688,1850.224,1875.693,939.643,30.457,261.263,FUEL202507,19841.36,20487.57,8344.74,True,Synthetic cost model; fuel unit-price benchmark from EPPO,True
T00324,R_LPT,LINEHAUL,V004,H_UBP,H_LPT,20250721_LPT,2025-07-21T11:30:00+07:00,2025-07-23T03:33:04+07:00,2025-07-21T11:30:00+07:00,2025-07-22T02:34:50+07:00,2025-07-22T14:34:50+07:00,2025-07-23T05:09:10+07:00,COMPLETED,19,1212.43,5.8659,1655.481,1678.467,848.501,27.034,236.14,FUEL202507,17853.41,18471.05,7542.31,True,Synthetic cost model; fuel unit-price benchmark from EPPO,True
T00325,R_RYG,LINEHAUL,V014,H_UBP,H_RYG,20250721_RYG,2025-07-21T14:00:00+07:00,2025-07-23T00:43:30+07:00,2025-07-21T14:00:00+07:00,2025-07-22T03:44:24+07:00,2025-07-22T15:44:24+07:00,2025-07-23T02:49:26+07:00,COMPLETED,19,1564.62,6.5989,1325.236,1343.402,680.218,21.525,250.735,FUEL202507,19101.46,19515.8,8008.48,True,Synthetic cost model; fuel unit-price benchmark from EPPO,True
T00326,R_CNX,LINEHAUL,V019,H_UBP,H_CNX,20250721_CNX,2025-07-21T14:00:00+07:00,2025-07-23T09:11:30+07:00,2025-07-21T14:00:00+07:00,2025-07-22T05:58:11+07:00,2025-07-22T17:58:11+07:00,2025-07-23T09:41:28+07:00,COMPLETED,19,1191.87,5.4979,1850.224,1858.996,929.483,29.644,355.35,FUEL202507,25918.99,26525.04,11349.88,True,Synthetic cost model; fuel unit-price benchmark from EPPO,True
T00327,R_BKK,LINEHAUL,V020,H_UBP,H_BKK,20250722_BKK,2025-07-22T09:00:00+07:00,2025-07-23T17:51:53+07:00,2025-07-22T09:00:00+07:00,2025-07-22T20:12:02+07:00,2025-07-23T08:12:02+07:00,2025-07-23T19:24:05+07:00,COMPLETED,19,1883.37,8.4928,1209.891,1235.656,614.194,20.984,252.755,FUEL202507,17570.62,18999.43,8072.99,True,Synthetic cost model; fuel unit-price benchmark from EPPO,True
T00328,R_BKK,LINEHAUL,V018,H_UBP,H_BKK,20250722_BKK,2025-07-22T11:45:00+07:00,2025-07-23T20:36:53+07:00,2025-07-22T11:45:00+07:00,2025-07-22T22:48:53+07:00,2025-07-23T10:48:53+07:00,2025-07-23T21:10:28+07:00,COMPLETED,20,1307.39,5.7082,1209.891,1246.778,628.656,19.959,217.177,FUEL202507,17613.42,17796.04,6936.63,True,Synthetic cost model; fuel unit-price benchmark from EPPO,True
T00329,R_CNX,LINEHAUL,V024,H_UBP,H_CNX,20250722_CNX,2025-07-22T13:15:00+07:00,2025-07-24T08:26:30+07:00,2025-07-22T13:15:00+07:00,2025-07-23T08:01:27+07:00,2025-07-23T20:01:27+07:00,2025-07-24T11:37:43+07:00,COMPLETED,19,1142.04,5.6864,1850.224,1902.569,954.968,30.995,361.309,FUEL202507,25918.99,27163.75,11540.21,True,Synthetic cost model; fuel unit-price benchmark from EPPO,True
T00330,R_CNX,LINEHAUL,V012,H_UBP,H_CNX,20250722_CNX,2025-07-22T15:15:00+07:00,2025-07-24T10:26:30+07:00,2025-07-22T15:15:00+07:00,2025-07-24T09:08:04+07:00,2025-07-24T21:08:04+07:00,2025-07-25T13:08:58+07:00,COMPLETED,20,1401.46,6.5026,1850.224,1894.671,962.319,30.628,253.176,FUEL202507,19841.36,20315.16,8086.44,True,Synthetic cost model; fuel unit-price benchmark from EPPO,True
T00331,R_SSK,LINEHAUL,V023,H_UBP,H_SSK,20250723_SSK,2025-07-23T08:45:00+07:00,2025-07-23T20:19:33+07:00,2025-07-23T08:45:00+07:00,2025-07-23T11:06:18+07:00,2025-07-23T19:06:18+07:00,2025-07-23T20:53:00+07:00,COMPLETED,19,1507.09,6.8936,138.032,140.645,69.599,2.359,27.576,FUEL202507,2835.13,2951.12,880.78,True,Synthetic cost model; fuel unit-price benchmark from EPPO,True
T00332,R_BKK,LINEHAUL,V008,H_UBP,H_BKK,20250723_BKK,2025-07-23T12:15:00+07:00,2025-07-24T21:06:53+07:00,2025-07-23T12:15:00+07:00,2025-07-25T01:40:03+07:00,2025-07-25T13:40:03+07:00,2025-07-26T00:40:49+07:00,COMPLETED,20,1470.36,6.5378,1209.891,1215.729,606.405,19.782,168.765,FUEL202507,13587.64,13904.97,5390.35,True,Synthetic cost model; fuel unit-price benchmark from EPPO,True
T00333,R_BKK,LINEHAUL,V009,H_UBP,H_BKK,20250723_BKK,2025-07-23T13:00:00+07:00,2025-07-24T21:51:53+07:00,2025-07-23T13:00:00+07:00,2025-07-23T23:40:55+07:00,2025-07-24T11:40:55+07:00,2025-07-24T22:37:26+07:00,COMPLETED,20,1399.73,6.3813,1209.891,1239.352,633.746,20.208,182.45,FUEL202507,13587.64,14423.98,5827.45,True,Synthetic cost model; fuel unit-price benchmark from EPPO,True
T00334,R_UTH,LINEHAUL,V005,H_UBP,H_UTH,20250723_UTH,2025-07-23T14:15:00+07:00,2025-07-24T16:41:05+07:00,2025-07-23T14:15:00+07:00,2025-07-23T21:38:58+07:00,2025-07-24T09:38:58+07:00,2025-07-24T16:51:47+07:00,COMPLETED,20,1205.12,5.2379,811.254,821.375,406.805,13.15,115.07,FUEL202507,9451.03,9712.97,3675.34,True,Synthetic cost model; fuel unit-price benchmark from EPPO,True
T00335,R_UTH,LINEHAUL,V007,H_UBP,H_UTH,20250723_UTH,2025-07-23T15:00:00+07:00,2025-07-24T17:26:05+07:00,2025-07-23T15:00:00+07:00,2025-07-23T23:05:57+07:00,2025-07-24T11:05:57+07:00,2025-07-24T18:30:25+07:00,COMPLETED,20,1595.69,6.9465,811.254,825.731,416.436,13.959,110.979,FUEL202507,9451.03,9732.82,3544.67,True,Synthetic cost model; fuel unit-price benchmark from EPPO,True
T00336,R_RET,LINEHAUL,V014,H_UBP,H_RET,20250723_RET,2025-07-23T16:45:00+07:00,2025-07-24T07:39:04+07:00,2025-07-23T16:45:00+07:00,2025-07-23T21:36:55+07:00,2025-07-24T05:36:55+07:00,2025-07-24T09:08:52+07:00,COMPLETED,20,1296.72,5.9364,344.211,351.731,175.364,5.692,65.995,FUEL202507,5614.3,5783.04,2107.88,True,Synthetic cost model; fuel unit-price benchmark from EPPO,True
T00337,R_UTH,LINEHAUL,V006,H_UBP,H_UTH,20250723_UTH,2025-07-23T17:00:00+07:00,2025-07-24T19:26:05+07:00,2025-07-23T17:00:00+07:00,2025-07-24T20:57:02+07:00,2025-07-25T08:57:02+07:00,2025-07-25T16:06:05+07:00,COMPLETED,19,1325.42,5.7868,811.254,825.113,413.368,13.285,113.318,FUEL202507,9410.63,9650.79,3619.38,True,Synthetic cost model; fuel unit-price benchmark from EPPO,True
T00338,R_CNX,LINEHAUL,V016,H_UBP,H_CNX,20250724_CNX,2025-07-24T13:00:00+07:00,2025-07-26T08:11:30+07:00,2025-07-24T13:00:00+07:00,2025-07-25T06:50:10+07:00,2025-07-25T18:50:10+07:00,2025-07-26T11:35:41+07:00,COMPLETED,20,1664.87,8.2462,1850.224,1900.557,954.337,31.32,372.253,FUEL202507,25961.79,27608.94,11889.76,True,Synthetic cost model; fuel unit-price benchmark from EPPO,True
T00339,R_KSN,LINEHAUL,V019,H_UBP,H_KSN,20250724_KSN,2025-07-24T13:00:00+07:00,2025-07-25T05:27:41+07:00,2025-07-24T13:00:00+07:00,2025-07-24T19:27:39+07:00,2025-07-25T03:27:39+07:00,2025-07-25T07:45:40+07:00,COMPLETED,20,1616.11,7.3342,440.891,450.859,226.821,7.46,88.368,FUEL202507,6897.41,7269.6,2822.47,True,Synthetic cost model; fuel unit-price benchmark from EPPO,True
T00340,R_CNX,LINEHAUL,V003,H_UBP,H_CNX,20250724_CNX,2025-07-24T14:30:00+07:00,2025-07-26T09:41:30+07:00,2025-07-24T14:30:00+07:00,2025-07-25T08:18:51+07:00,2025-07-25T20:18:51+07:00,2025-07-26T11:51:59+07:00,COMPLETED,20,1214.4,5.7466,1850.224,1921.526,970.183,31.678,268.712,FUEL202507,19841.36,21070.57,8582.66,True,Synthetic cost model; fuel unit-price benchmark from EPPO,True
T00341,R_KKC,LINEHAUL,V023,H_UBP,H_KKC,20250724_KKC,2025-07-24T17:00:00+07:00,2025-07-25T11:37:19+07:00,2025-07-24T17:00:00+07:00,2025-07-24T23:47:50+07:00,2025-07-25T07:47:50+07:00,2025-07-25T13:15:43+07:00,COMPLETED,20,1483.02,6.8828,574.88,582.792,292.486,9.609,114.317,FUEL202507,8675.68,9087.33,3651.28,True,Synthetic cost model; fuel unit-price benchmark from EPPO,True
T00342,R_CNX,LINEHAUL,V022,H_UBP,H_CNX,20250724_CNX,2025-07-24T17:15:00+07:00,2025-07-26T12:26:30+07:00,2025-07-24T17:15:00+07:00,2025-07-25T10:33:21+07:00,2025-07-25T22:33:21+07:00,2025-07-26T14:37:17+07:00,COMPLETED,20,2045.97,8.4175,1850.224,1884.442,934.226,30.36,367.838,FUEL202507,25961.79,27214.67,11748.75,True,Synthetic cost model; fuel unit-price benchmark from EPPO,True
T00343,R_CNX,LINEHAUL,V015,H_UBP,H_CNX,20250725_CNX,2025-07-25T09:00:00+07:00,2025-07-27T04:11:30+07:00,2025-07-25T09:00:00+07:00,2025-07-26T01:42:59+07:00,2025-07-26T13:42:59+07:00,2025-07-27T06:20:03+07:00,COMPLETED,19,1442.38,6.5714,1850.224,1899.371,955.037,30.906,364.267,FUEL202507,25918.99,27227.25,11634.69,True,Synthetic cost model; fuel unit-price benchmark from EPPO,True
T00344,R_KKC,LINEHAUL,V020,H_UBP,H_KKC,20250725_KKC,2025-07-25T09:30:00+07:00,2025-07-26T04:07:19+07:00,2025-07-25T09:30:00+07:00,2025-07-25T14:55:59+07:00,2025-07-25T22:55:59+07:00,2025-07-26T04:19:47+07:00,COMPLETED,20,1616.93,6.7858,574.88,582.495,289.628,9.422,121.407,FUEL202507,8675.68,9276.92,3877.74,True,Synthetic cost model; fuel unit-price benchmark from EPPO,True
T00345,R_CNX,LINEHAUL,V024,H_UBP,H_CNX,20250725_CNX,2025-07-25T11:30:00+07:00,2025-07-27T06:41:30+07:00,2025-07-25T11:30:00+07:00,2025-07-26T06:34:29+07:00,2025-07-26T18:34:29+07:00,2025-07-27T10:20:10+07:00,COMPLETED,20,1414.8,6.7125,1850.224,1914.102,967.19,31.664,369.138,FUEL202507,25961.79,27634.46,11790.27,True,Synthetic cost model; fuel unit-price benchmark from EPPO,True
T00346,R_KSN,LINEHAUL,V021,H_UBP,H_KSN,20250725_KSN,2025-07-25T13:00:00+07:00,2025-07-26T05:27:41+07:00,2025-07-25T13:00:00+07:00,2025-07-25T18:05:01+07:00,2025-07-26T02:05:01+07:00,2025-07-26T06:17:36+07:00,COMPLETED,19,1600.2,7.002,440.891,454.464,228.52,7.33,87.375,FUEL202507,6854.61,7186.38,2790.76,True,Synthetic cost model; fuel unit-price benchmark from EPPO,True
T00347,R_KSN,LINEHAUL,V006,H_UBP,H_KSN,20250726_KSN,2025-07-26T12:00:00+07:00,2025-07-27T04:27:41+07:00,2025-07-26T12:00:00+07:00,2025-07-26T17:31:39+07:00,2025-07-27T01:31:39+07:00,2025-07-27T05:54:13+07:00,COMPLETED,20,1456.43,6.6802,440.891,445.945,221.921,7.53,60.89,FUEL202507,5387.18,5540.69,1944.83,True,Synthetic cost model; fuel unit-price benchmark from EPPO,True
T00348,R_SSK,LINEHAUL,V002,H_UBP,H_SSK,20250726_SSK,2025-07-26T17:00:00+07:00,2025-07-27T04:34:33+07:00,2025-07-26T17:00:00+07:00,2025-07-26T20:43:16+07:00,2025-07-27T04:43:16+07:00,2025-07-27T06:25:51+07:00,COMPLETED,19,1550.91,6.5828,138.032,140.321,68.456,2.224,19.324,FUEL202507,2318.0,2353.91,617.21,True,Synthetic cost model; fuel unit-price benchmark from EPPO,True
T00349,R_UTH,LINEHAUL,V023,H_UBP,H_UTH,20250726_UTH,2025-07-26T19:15:00+07:00,2025-07-27T21:41:05+07:00,2025-07-26T19:15:00+07:00,2025-07-28T03:33:14+07:00,2025-07-28T15:33:14+07:00,2025-07-28T23:08:15+07:00,COMPLETED,20,1365.11,5.8187,811.254,836.06,425.075,13.746,163.922,FUEL202507,12172.79,12932.05,5235.67,True,Synthetic cost model; fuel unit-price benchmark from EPPO,True
T00350,R_UTH,LINEHAUL,V013,H_UBP,H_UTH,20250727_UTH,2025-07-27T12:30:00+07:00,2025-07-28T14:56:05+07:00,2025-07-27T12:30:00+07:00,2025-07-27T20:12:31+07:00,2025-07-28T08:12:31+07:00,2025-07-28T15:07:21+07:00,COMPLETED,20,1480.79,6.1984,811.254,823.382,418.086,13.087,148.942,FUEL202507,12172.79,12272.69,4757.21,True,Synthetic cost model; fuel unit-price benchmark from EPPO,True
T00351,R_BKK,LINEHAUL,V001,H_UBP,H_BKK,20250727_BKK,2025-07-27T16:45:00+07:00,2025-07-29T01:36:53+07:00,2025-07-27T16:45:00+07:00,2025-07-28T05:10:46+07:00,2025-07-28T17:10:46+07:00,2025-07-29T04:19:32+07:00,COMPLETED,19,1456.82,6.9397,1209.891,1236.198,614.588,20.652,174.781,FUEL202507,13547.24,14222.67,5582.51,True,Synthetic cost model; fuel unit-price benchmark from EPPO,True
T00352,R_RET,LINEHAUL,V009,H_UBP,H_RET,20250728_RET,2025-07-28T11:15:00+07:00,2025-07-29T02:09:04+07:00,2025-07-28T11:15:00+07:00,2025-07-28T16:45:54+07:00,2025-07-29T00:45:54+07:00,2025-07-29T04:14:25+07:00,COMPLETED,20,1739.57,7.6023,344.211,348.641,173.188,5.65,52.26,FUEL202507,4420.32,4653.57,1669.18,True,Synthetic cost model; fuel unit-price benchmark from EPPO,True
T00353,R_KSN,LINEHAUL,V012,H_UBP,H_KSN,20250728_KSN,2025-07-28T18:30:00+07:00,2025-07-29T10:57:41+07:00,2025-07-28T18:30:00+07:00,2025-07-29T14:51:30+07:00,2025-07-29T22:51:30+07:00,2025-07-30T02:56:04+07:00,COMPLETED,20,2105.13,9.7126,440.891,454.211,230.755,7.364,61.469,FUEL202507,5387.18,5555.91,1963.32,True,Synthetic cost model; fuel unit-price benchmark from EPPO,True
T00354,R_CNX,LINEHAUL,V002,H_UBP,H_CNX,20250729_CNX,2025-07-29T11:30:00+07:00,2025-07-31T06:41:30+07:00,2025-07-29T11:30:00+07:00,2025-07-30T05:35:34+07:00,2025-07-30T17:35:34+07:00,2025-07-31T10:36:29+07:00,COMPLETED,20,1756.45,8.0735,1850.224,1906.379,953.205,31.987,273.245,FUEL202507,19841.36,21222.38,8727.45,True,Synthetic cost model; fuel unit-price benchmark from EPPO,True
T00355,R_NMA,LINEHAUL,V014,H_UBP,H_NMA,20250730_NMA,2025-07-30T11:00:00+07:00,2025-07-31T08:33:22+07:00,2025-07-30T11:00:00+07:00,2025-07-30T18:09:19+07:00,2025-07-31T02:09:19+07:00,2025-07-31T09:17:59+07:00,COMPLETED,20,1323.26,5.59,756.817,762.27,380.188,12.44,144.944,FUEL202507,11090.31,11393.11,4629.51,True,Synthetic cost model; fuel unit-price benchmark from EPPO,True
T00356,R_BKK,LINEHAUL,V004,H_UBP,H_BKK,20250730_BKK,2025-07-30T14:45:00+07:00,2025-07-31T23:36:53+07:00,2025-07-30T14:45:00+07:00,2025-07-31T01:54:36+07:00,2025-07-31T13:54:36+07:00,2025-08-01T00:32:11+07:00,COMPLETED,20,1089.2,4.7365,1209.891,1254.29,632.525,20.365,171.321,FUEL202507,13587.64,14171.41,5471.99,True,Synthetic cost model; fuel unit-price benchmark from EPPO,True
T00357,R_CNX,LINEHAUL,V017,H_UBP,H_CNX,20250730_CNX,2025-07-30T15:15:00+07:00,2025-08-01T10:26:30+07:00,2025-07-30T15:15:00+07:00,2025-07-31T09:09:44+07:00,2025-07-31T21:09:44+07:00,2025-08-01T12:41:12+07:00,COMPLETED,19,1135.42,5.0035,1850.224,1884.513,934.102,30.954,341.78,FUEL202507,25918.99,26452.73,10916.45,True,Synthetic cost model; fuel unit-price benchmark from EPPO,True
T00358,R_CNX,LINEHAUL,V021,H_UBP,H_CNX,20250731_CNX,2025-07-31T10:15:00+07:00,2025-08-02T05:26:30+07:00,2025-07-31T10:15:00+07:00,2025-08-01T03:20:52+07:00,2025-08-01T15:20:52+07:00,2025-08-02T08:11:35+07:00,COMPLETED,20,1115.96,5.0042,1850.224,1882.881,929.557,31.802,347.963,FUEL202507,25961.79,26847.08,11113.94,True,Synthetic cost model; fuel unit-price benchmark from EPPO,True
T00359,R_UTH,LINEHAUL,V016,H_UBP,H_UTH,20250731_UTH,2025-07-31T12:45:00+07:00,2025-08-01T15:11:05+07:00,2025-07-31T12:45:00+07:00,2025-07-31T21:12:25+07:00,2025-08-01T09:12:25+07:00,2025-08-01T16:16:31+07:00,COMPLETED,18,1223.08,5.5269,811.254,813.766,408.284,13.193,158.769,FUEL202507,12087.19,12478.78,5071.08,True,Synthetic cost model; fuel unit-price benchmark from EPPO,True
T00360,R_CNX,LINEHAUL,V006,H_UBP,H_CNX,20250731_CNX,2025-07-31T17:15:00+07:00,2025-08-02T12:26:30+07:00,2025-07-31T17:15:00+07:00,2025-08-01T11:32:27+07:00,2025-08-01T23:32:27+07:00,2025-08-02T15:47:41+07:00,COMPLETED,19,1064.74,4.7556,1850.224,1870.083,927.523,31.299,250.182,FUEL202507,19800.96,20219.57,7990.81,True,Synthetic cost model; fuel unit-price benchmark from EPPO,True
T00361,R_CNX,LINEHAUL,V011,H_UBP,H_CNX,20250801_CNX,2025-08-01T08:45:00+07:00,2025-08-03T03:56:30+07:00,2025-08-01T08:45:00+07:00,2025-08-02T01:39:56+07:00,2025-08-02T13:39:56+07:00,2025-08-03T05:38:16+07:00,COMPLETED,20,1192.13,5.1911,1850.224,1889.205,941.343,29.927,288.186,FUEL202508,19841.36,21297.9,9204.66,True,Synthetic cost model; fuel unit-price benchmark from EPPO,True
T00362,R_CNX,LINEHAUL,V008,H_UBP,H_CNX,20250801_CNX,2025-08-01T10:15:00+07:00,2025-08-03T05:26:30+07:00,2025-08-01T10:15:00+07:00,2025-08-02T04:50:43+07:00,2025-08-02T16:50:43+07:00,2025-08-03T08:06:48+07:00,COMPLETED,20,1269.27,5.6826,1850.224,1885.539,947.768,30.714,260.899,FUEL202508,19841.36,20549.07,8333.11,True,Synthetic cost model; fuel unit-price benchmark from EPPO,True
T00363,R_CNX,LINEHAUL,V022,H_UBP,H_CNX,20250801_CNX,2025-08-01T10:45:00+07:00,2025-08-03T05:56:30+07:00,2025-08-01T10:45:00+07:00,2025-08-02T04:03:00+07:00,2025-08-02T16:03:00+07:00,2025-08-03T07:36:31+07:00,COMPLETED,18,967.73,4.221,1850.224,1867.211,940.668,29.846,356.598,FUEL202508,25876.19,26596.56,11389.74,True,Synthetic cost model; fuel unit-price benchmark from EPPO,True
T00364,R_RET,LINEHAUL,V012,H_UBP,H_RET,20250801_RET,2025-08-01T11:30:00+07:00,2025-08-02T02:24:04+07:00,2025-08-01T11:30:00+07:00,2025-08-01T16:19:09+07:00,2025-08-02T00:19:09+07:00,2025-08-02T03:41:00+07:00,COMPLETED,20,1105.18,4.9859,344.211,352.831,180.604,5.867,49.268,FUEL202508,4420.32,4607.53,1573.62,True,Synthetic cost model; fuel unit-price benchmark from EPPO,True
T00365,R_CNX,LINEHAUL,V013,H_UBP,H_CNX,20250801_CNX,2025-08-01T13:30:00+07:00,2025-08-03T08:41:30+07:00,2025-08-01T13:30:00+07:00,2025-08-02T06:47:02+07:00,2025-08-02T18:47:02+07:00,2025-08-03T11:10:04+07:00,COMPLETED,20,1328.36,5.767,1850.224,1878.65,942.874,31.867,339.255,FUEL202508,25961.79,26562.67,10835.8,True,Synthetic cost model; fuel unit-price benchmark from EPPO,True
T00366,R_CNX,LINEHAUL,V024,H_UBP,H_CNX,20250802_CNX,2025-08-02T14:15:00+07:00,2025-08-04T09:26:30+07:00,2025-08-02T14:15:00+07:00,2025-08-03T07:40:23+07:00,2025-08-03T19:40:23+07:00,2025-08-04T11:23:31+07:00,COMPLETED,20,1496.8,7.1045,1850.224,1893.006,939.328,30.088,368.064,FUEL202508,25961.79,27207.82,11755.96,True,Synthetic cost model; fuel unit-price benchmark from EPPO,True
T00367,R_CNX,LINEHAUL,V009,H_UBP,H_CNX,20250802_CNX,2025-08-02T14:30:00+07:00,2025-08-04T09:41:30+07:00,2025-08-02T14:30:00+07:00,2025-08-03T07:49:01+07:00,2025-08-03T19:49:01+07:00,2025-08-04T10:51:09+07:00,COMPLETED,20,1501.86,6.4846,1850.224,1863.485,933.811,29.377,274.586,FUEL202508,19841.36,20692.77,8770.28,True,Synthetic cost model; fuel unit-price benchmark from EPPO,True
T00368,R_UTH,LINEHAUL,V016,H_UBP,H_UTH,20250802_UTH,2025-08-02T15:45:00+07:00,2025-08-03T18:11:05+07:00,2025-08-02T15:45:00+07:00,2025-08-03T16:58:39+07:00,2025-08-04T04:58:39+07:00,2025-08-04T12:05:28+07:00,COMPLETED,19,1339.54,6.0337,811.254,821.006,406.778,12.872,160.256,FUEL202508,12129.99,12539.83,5118.58,True,Synthetic cost model; fuel unit-price benchmark from EPPO,True
T00369,R_CNX,LINEHAUL,V019,H_UBP,H_CNX,20250802_CNX,2025-08-02T16:45:00+07:00,2025-08-04T11:56:30+07:00,2025-08-02T16:45:00+07:00,2025-08-04T15:10:27+07:00,2025-08-05T03:10:27+07:00,2025-08-05T19:22:53+07:00,COMPLETED,20,1466.97,6.9288,1850.224,1873.916,938.862,30.205,361.939,FUEL202508,25961.79,26950.53,11560.33,True,Synthetic cost model; fuel unit-price benchmark from EPPO,True
T00370,R_CNX,LINEHAUL,V015,H_UBP,H_CNX,20250802_CNX,2025-08-02T18:15:00+07:00,2025-08-04T13:26:30+07:00,2025-08-02T18:15:00+07:00,2025-08-03T10:56:13+07:00,2025-08-03T22:56:13+07:00,2025-08-04T14:50:30+07:00,COMPLETED,20,1385.29,6.1506,1850.224,1894.902,948.386,30.502,366.1,FUEL202508,25961.79,27232.11,11693.23,True,Synthetic cost model; fuel unit-price benchmark from EPPO,True
T00371,R_UTH,LINEHAUL,V005,H_UBP,H_UTH,20250802_UTH,2025-08-02T18:15:00+07:00,2025-08-03T20:41:05+07:00,2025-08-02T18:15:00+07:00,2025-08-03T02:14:33+07:00,2025-08-03T14:14:33+07:00,2025-08-03T21:26:27+07:00,COMPLETED,20,1241.96,5.6004,811.254,837.127,420.911,13.082,117.448,FUEL202508,9451.03,9824.63,3751.29,True,Synthetic cost model; fuel unit-price benchmark from EPPO,True
T00372,R_CNX,LINEHAUL,V003,H_UBP,H_CNX,20250803_CNX,2025-08-03T10:15:00+07:00,2025-08-05T05:26:30+07:00,2025-08-03T10:15:00+07:00,2025-08-04T03:24:29+07:00,2025-08-04T15:24:29+07:00,2025-08-05T07:29:40+07:00,COMPLETED,20,1677.42,7.0992,1850.224,1882.125,944.526,30.476,265.329,FUEL202508,19841.36,20639.91,8474.61,True,Synthetic cost model; fuel unit-price benchmark from EPPO,True
T00373,R_KSN,LINEHAUL,V001,H_UBP,H_KSN,20250803_KSN,2025-08-03T13:30:00+07:00,2025-08-04T05:57:41+07:00,2025-08-03T13:30:00+07:00,2025-08-03T19:31:15+07:00,2025-08-04T03:31:15+07:00,2025-08-04T07:45:02+07:00,COMPLETED,20,1837.64,8.475,440.891,451.194,228.185,7.246,62.092,FUEL202508,5387.18,5546.69,1983.22,True,Synthetic cost model; fuel unit-price benchmark from EPPO,True
T00374,R_CNX,LINEHAUL,V002,H_UBP,H_CNX,20250803_CNX,2025-08-03T13:30:00+07:00,2025-08-05T08:41:30+07:00,2025-08-03T13:30:00+07:00,2025-08-04T07:52:39+07:00,2025-08-04T19:52:39+07:00,2025-08-05T11:50:10+07:00,COMPLETED,20,1422.59,6.4904,1850.224,1902.177,952.958,31.52,267.288,FUEL202508,19841.36,20940.08,8537.18,True,Synthetic cost model; fuel unit-price benchmark from EPPO,True
T00375,R_CNX,LINEHAUL,V004,H_UBP,H_CNX,20250803_CNX,2025-08-03T14:00:00+07:00,2025-08-05T09:11:30+07:00,2025-08-03T14:00:00+07:00,2025-08-04T08:16:04+07:00,2025-08-04T20:16:04+07:00,2025-08-05T11:35:03+07:00,COMPLETED,18,1003.29,4.4111,1850.224,1911.053,969.841,30.699,264.21,FUEL202508,19760.56,20647.98,8438.87,True,Synthetic cost model; fuel unit-price benchmark from EPPO,True
T00376,R_CNX,LINEHAUL,V006,H_UBP,H_CNX,20250804_CNX,2025-08-04T10:00:00+07:00,2025-08-06T05:11:30+07:00,2025-08-04T10:00:00+07:00,2025-08-05T03:22:56+07:00,2025-08-05T15:22:56+07:00,2025-08-06T06:49:25+07:00,COMPLETED,20,1115.48,4.9819,1850.224,1876.414,934.31,30.444,256.655,FUEL202508,19841.36,20340.28,8197.56,True,Synthetic cost model; fuel unit-price benchmark from EPPO,True
T00377,R_KSN,LINEHAUL,V013,H_UBP,H_KSN,20250804_KSN,2025-08-04T10:45:00+07:00,2025-08-05T03:12:41+07:00,2025-08-04T10:45:00+07:00,2025-08-04T15:49:06+07:00,2025-08-04T23:49:06+07:00,2025-08-05T04:04:10+07:00,COMPLETED,19,1271.38,5.8487,440.891,450.93,225.82,7.495,82.463,FUEL202508,6854.61,7045.2,2633.87,True,Synthetic cost model; fuel unit-price benchmark from EPPO,True
T00378,R_KSN,LINEHAUL,V011,H_UBP,H_KSN,20250804_KSN,2025-08-04T13:30:00+07:00,2025-08-05T05:57:41+07:00,2025-08-04T13:30:00+07:00,2025-08-04T19:48:03+07:00,2025-08-05T03:48:03+07:00,2025-08-05T07:54:22+07:00,COMPLETED,20,1652.67,7.8338,440.891,451.525,227.873,7.275,70.426,FUEL202508,5387.18,5818.71,2249.41,True,Synthetic cost model; fuel unit-price benchmark from EPPO,True
T00379,R_RET,LINEHAUL,V018,H_UBP,H_RET,20250805_RET,2025-08-05T11:00:00+07:00,2025-08-06T01:54:04+07:00,2025-08-05T11:00:00+07:00,2025-08-05T16:43:12+07:00,2025-08-06T00:43:12+07:00,2025-08-06T04:03:36+07:00,COMPLETED,19,1644.77,7.8159,344.211,353.335,179.946,5.758,62.247,FUEL202508,5571.5,5640.11,1988.17,True,Synthetic cost model; fuel unit-price benchmark from EPPO,True
T00380,R_SSK,LINEHAUL,V016,H_UBP,H_SSK,20250805_SSK,2025-08-05T11:30:00+07:00,2025-08-05T23:04:33+07:00,2025-08-05T11:30:00+07:00,2025-08-05T14:16:17+07:00,2025-08-05T22:16:17+07:00,2025-08-06T00:02:29+07:00,COMPLETED,19,1868.08,8.3126,138.032,140.477,69.642,2.367,26.974,FUEL202508,2835.13,2932.53,861.55,True,Synthetic cost model; fuel unit-price benchmark from EPPO,True
T00381,R_BKK,LINEHAUL,V010,H_UBP,H_BKK,20250805_BKK,2025-08-05T12:45:00+07:00,2025-08-06T21:36:53+07:00,2025-08-05T12:45:00+07:00,2025-08-05T23:27:54+07:00,2025-08-06T11:27:54+07:00,2025-08-06T22:32:43+07:00,COMPLETED,20,1518.4,6.7663,1209.891,1221.391,609.579,20.232,174.678,FUEL202508,13587.64,14144.4,5579.22,True,Synthetic cost model; fuel unit-price benchmark from EPPO,True
T00382,R_BKK,LINEHAUL,V020,H_UBP,H_BKK,20250805_BKK,2025-08-05T16:00:00+07:00,2025-08-07T00:51:53+07:00,2025-08-05T16:00:00+07:00,2025-08-06T03:25:55+07:00,2025-08-06T15:25:55+07:00,2025-08-07T02:12:33+07:00,COMPLETED,20,1494.32,6.4166,1209.891,1240.136,618.748,19.715,252.855,FUEL202508,17613.42,18898.94,8076.19,True,Synthetic cost model; fuel unit-price benchmark from EPPO,True
T00383,R_SSK,LINEHAUL,V002,H_UBP,H_SSK,20250806_SSK,2025-08-06T08:30:00+07:00,2025-08-06T20:04:33+07:00,2025-08-06T08:30:00+07:00,2025-08-06T10:47:52+07:00,2025-08-06T18:47:52+07:00,2025-08-06T20:33:59+07:00,COMPLETED,20,1436.46,6.5681,138.032,141.71,70.99,2.273,19.654,FUEL202508,2358.4,2417.22,627.75,True,Synthetic cost model; fuel unit-price benchmark from EPPO,True
T00384,R_KSN,LINEHAUL,V005,H_UBP,H_KSN,20250806_KSN,2025-08-06T11:00:00+07:00,2025-08-07T03:27:41+07:00,2025-08-06T11:00:00+07:00,2025-08-06T16:20:20+07:00,2025-08-07T00:20:20+07:00,2025-08-07T04:37:50+07:00,COMPLETED,20,1393.94,6.1749,440.891,451.729,229.083,7.391,62.22,FUEL202508,5387.18,5577.0,1987.31,True,Synthetic cost model; fuel unit-price benchmark from EPPO,True
T00385,R_CNX,LINEHAUL,V015,H_UBP,H_CNX,20250806_CNX,2025-08-06T13:15:00+07:00,2025-08-08T08:26:30+07:00,2025-08-06T13:15:00+07:00,2025-08-07T06:10:06+07:00,2025-08-07T18:10:06+07:00,2025-08-08T09:41:36+07:00,COMPLETED,20,1629.04,7.3508,1850.224,1893.652,951.063,29.919,371.551,FUEL202508,25961.79,27290.05,11867.34,True,Synthetic cost model; fuel unit-price benchmark from EPPO,True
T00386,R_LPT,LINEHAUL,V018,H_UBP,H_LPT,20250807_LPT,2025-08-07T12:00:00+07:00,2025-08-09T04:03:04+07:00,2025-08-07T12:00:00+07:00,2025-08-08T03:23:26+07:00,2025-08-08T15:23:26+07:00,2025-08-09T05:08:07+07:00,COMPLETED,20,1612.84,7.2407,1655.481,1677.188,839.545,26.69,296.821,FUEL202508,23377.19,23337.13,9480.46,True,Synthetic cost model; fuel unit-price benchmark from EPPO,True
T00387,R_CNX,LINEHAUL,V017,H_UBP,H_CNX,20250807_CNX,2025-08-07T12:30:00+07:00,2025-08-09T07:41:30+07:00,2025-08-07T12:30:00+07:00,2025-08-08T23:42:36+07:00,2025-08-09T11:42:36+07:00,2025-08-10T02:53:13+07:00,COMPLETED,19,1326.8,6.4793,1850.224,1862.231,933.661,29.16,338.43,FUEL202508,25918.99,25906.83,10809.45,True,Synthetic cost model; fuel unit-price benchmark from EPPO,True
T00388,R_CNX,LINEHAUL,V023,H_UBP,H_CNX,20250807_CNX,2025-08-07T12:30:00+07:00,2025-08-09T07:41:30+07:00,2025-08-07T12:30:00+07:00,2025-08-08T06:17:23+07:00,2025-08-08T18:17:23+07:00,2025-08-09T10:05:04+07:00,COMPLETED,20,1737.78,7.414,1850.224,1883.694,953.759,30.316,367.581,FUEL202508,25961.79,27194.8,11740.54,True,Synthetic cost model; fuel unit-price benchmark from EPPO,True
T00389,R_UTH,LINEHAUL,V004,H_UBP,H_UTH,20250808_UTH,2025-08-08T09:00:00+07:00,2025-08-09T11:26:05+07:00,2025-08-08T09:00:00+07:00,2025-08-08T18:38:48+07:00,2025-08-09T06:38:48+07:00,2025-08-09T13:43:38+07:00,COMPLETED,18,1048.65,4.8487,811.254,820.087,406.961,13.385,113.344,FUEL202508,9370.23,9613.07,3620.21,True,Synthetic cost model; fuel unit-price benchmark from EPPO,True
T00390,R_CNX,LINEHAUL,V009,H_UBP,H_CNX,20250808_CNX,2025-08-08T09:00:00+07:00,2025-08-10T04:11:30+07:00,2025-08-08T09:00:00+07:00,2025-08-09T01:46:15+07:00,2025-08-09T13:46:15+07:00,2025-08-10T04:49:07+07:00,COMPLETED,20,1381.46,6.2074,1850.224,1883.125,956.256,30.238,280.807,FUEL202508,19841.36,21096.86,8968.98,True,Synthetic cost model; fuel unit-price benchmark from EPPO,True
T00391,R_BKK,LINEHAUL,V019,H_UBP,H_BKK,20250808_BKK,2025-08-08T11:30:00+07:00,2025-08-09T20:21:53+07:00,2025-08-08T11:30:00+07:00,2025-08-08T23:23:45+07:00,2025-08-09T11:23:45+07:00,2025-08-09T21:51:36+07:00,COMPLETED,20,1383.06,6.1019,1209.891,1230.709,622.462,20.172,235.7,FUEL202508,17613.42,18377.29,7528.26,True,Synthetic cost model; fuel unit-price benchmark from EPPO,True
T00392,R_CNX,LINEHAUL,V022,H_UBP,H_CNX,20250808_CNX,2025-08-08T12:45:00+07:00,2025-08-10T07:56:30+07:00,2025-08-08T12:45:00+07:00,2025-08-10T05:19:51+07:00,2025-08-10T17:19:51+07:00,2025-08-11T09:46:08+07:00,COMPLETED,20,1677.05,7.3212,1850.224,1883.758,930.813,31.269,366.468,FUEL202508,25961.79,27340.64,11704.99,True,Synthetic cost model; fuel unit-price benchmark from EPPO,True
T00393,R_RET,LINEHAUL,V013,H_UBP,H_RET,20250808_RET,2025-08-08T16:30:00+07:00,2025-08-09T07:24:04+07:00,2025-08-08T16:30:00+07:00,2025-08-08T21:22:45+07:00,2025-08-09T05:22:45+07:00,2025-08-09T08:53:55+07:00,COMPLETED,18,1056.83,5.0181,344.211,346.775,173.876,5.851,63.301,FUEL202508,5528.7,5619.79,2021.83,True,Synthetic cost model; fuel unit-price benchmark from EPPO,True
T00394,R_CNX,LINEHAUL,V007,H_UBP,H_CNX,20250808_CNX,2025-08-08T17:30:00+07:00,2025-08-10T12:41:30+07:00,2025-08-08T17:30:00+07:00,2025-08-09T12:04:08+07:00,2025-08-10T00:04:08+07:00,2025-08-10T16:49:10+07:00,COMPLETED,20,1462.29,6.191,1850.224,1905.517,952.56,32.044,255.352,FUEL202508,19841.36,20657.93,8155.94,True,Synthetic cost model; fuel unit-price benchmark from EPPO,True
T00395,R_SSK,LINEHAUL,V008,H_UBP,H_SSK,20250809_SSK,2025-08-09T09:45:00+07:00,2025-08-09T21:19:33+07:00,2025-08-09T09:45:00+07:00,2025-08-09T13:34:12+07:00,2025-08-09T21:34:12+07:00,2025-08-09T23:23:10+07:00,COMPLETED,18,1265.44,5.4129,138.032,140.191,69.389,2.361,19.384,FUEL202508,2277.6,2338.25,619.12,True,Synthetic cost model; fuel unit-price benchmark from EPPO,True
T00396,R_KKC,LINEHAUL,V010,H_UBP,H_KKC,20250809_KKC,2025-08-09T14:30:00+07:00,2025-08-10T09:07:19+07:00,2025-08-09T14:30:00+07:00,2025-08-09T22:11:01+07:00,2025-08-10T06:11:01+07:00,2025-08-10T11:34:26+07:00,COMPLETED,20,1403.55,6.3077,574.88,588.842,298.511,9.905,85.93,FUEL202508,6727.14,7172.93,2744.6,True,Synthetic cost model; fuel unit-price benchmark from EPPO,True
T00397,R_CNX,LINEHAUL,V003,H_UBP,H_CNX,20250809_CNX,2025-08-09T19:15:00+07:00,2025-08-11T14:26:30+07:00,2025-08-09T19:15:00+07:00,2025-08-10T13:33:25+07:00,2025-08-11T01:33:25+07:00,2025-08-11T17:21:03+07:00,COMPLETED,20,1448.71,6.4525,1850.224,1917.412,966.21,31.524,269.245,FUEL202508,19841.36,21048.98,8599.69,True,Synthetic cost model; fuel unit-price benchmark from EPPO,True
T00398,R_NMA,LINEHAUL,V014,H_UBP,H_NMA,20250810_NMA,2025-08-10T14:45:00+07:00,2025-08-11T12:18:22+07:00,2025-08-10T14:45:00+07:00,2025-08-10T23:13:15+07:00,2025-08-11T07:13:15+07:00,2025-08-11T13:52:44+07:00,COMPLETED,20,1536.13,7.0712,756.817,769.251,387.027,12.253,146.6,FUEL202508,11090.31,11441.09,4682.4,True,Synthetic cost model; fuel unit-price benchmark from EPPO,True
T00399,R_CNX,LINEHAUL,V016,H_UBP,H_CNX,20250810_CNX,2025-08-10T15:00:00+07:00,2025-08-12T10:11:30+07:00,2025-08-10T15:00:00+07:00,2025-08-11T07:47:52+07:00,2025-08-11T19:47:52+07:00,2025-08-12T11:37:01+07:00,COMPLETED,20,1561.89,7.2446,1850.224,1851.914,924.81,29.872,357.576,FUEL202508,25961.79,26651.04,11420.98,True,Synthetic cost model; fuel unit-price benchmark from EPPO,True
T00400,R_BKK,LINEHAUL,V013,H_UBP,H_BKK,20250810_BKK,2025-08-10T15:45:00+07:00,2025-08-12T00:36:53+07:00,2025-08-10T15:45:00+07:00,2025-08-11T03:28:52+07:00,2025-08-11T15:28:52+07:00,2025-08-12T01:56:59+07:00,COMPLETED,20,1488.42,6.0878,1209.891,1238.389,615.388,20.287,225.079,FUEL202508,17613.42,17992.81,7189.02,True,Synthetic cost model; fuel unit-price benchmark from EPPO,True
T00401,R_LPT,LINEHAUL,V017,H_UBP,H_LPT,20250810_LPT,2025-08-10T16:30:00+07:00,2025-08-12T08:33:04+07:00,2025-08-10T16:30:00+07:00,2025-08-11T07:40:00+07:00,2025-08-11T19:40:00+07:00,2025-08-12T09:45:16+07:00,COMPLETED,19,1310.5,5.7765,1655.481,1693.695,842.104,27.084,310.036,FUEL202508,23334.39,23864.04,9902.55,True,Synthetic cost model; fuel unit-price benchmark from EPPO,True
T00402,R_RYG,LINEHAUL,V020,H_UBP,H_RYG,20250810_RYG,2025-08-10T16:45:00+07:00,2025-08-12T03:28:30+07:00,2025-08-10T16:45:00+07:00,2025-08-11T05:01:53+07:00,2025-08-11T17:01:53+07:00,2025-08-12T04:04:49+07:00,COMPLETED,20,1688.81,8.2329,1325.236,1335.141,670.593,21.016,278.584,FUEL202508,19144.26,20332.83,8897.97,True,Synthetic cost model; fuel unit-price benchmark from EPPO,True
T00403,R_BKK,LINEHAUL,V019,H_UBP,H_BKK,20250811_BKK,2025-08-11T08:45:00+07:00,2025-08-12T17:36:53+07:00,2025-08-11T08:45:00+07:00,2025-08-11T21:02:37+07:00,2025-08-12T09:02:37+07:00,2025-08-12T19:59:36+07:00,COMPLETED,19,1740.67,8.0281,1209.891,1253.621,634.583,20.911,240.837,FUEL202508,17570.62,18712.97,7692.33,True,Synthetic cost model; fuel unit-price benchmark from EPPO,True
T00404,R_SSK,LINEHAUL,V010,H_UBP,H_SSK,20250811_SSK,2025-08-11T10:00:00+07:00,2025-08-11T21:34:33+07:00,2025-08-11T10:00:00+07:00,2025-08-11T12:48:54+07:00,2025-08-11T20:48:54+07:00,2025-08-11T22:31:25+07:00,COMPLETED,20,1457.85,5.877,138.032,138.723,68.19,2.225,19.555,FUEL202508,2358.4,2397.01,624.59,True,Synthetic cost model; fuel unit-price benchmark from EPPO,True
T00405,R_CNX,LINEHAUL,V006,H_UBP,H_CNX,20250811_CNX,2025-08-11T12:00:00+07:00,2025-08-13T07:11:30+07:00,2025-08-11T12:00:00+07:00,2025-08-12T03:48:24+07:00,2025-08-12T15:48:24+07:00,2025-08-13T07:43:15+07:00,COMPLETED,19,1244.51,4.9711,1850.224,1877.222,941.931,29.817,248.749,FUEL202508,19800.96,19943.12,7945.04,True,Synthetic cost model; fuel unit-price benchmark from EPPO,True
T00406,R_KSN,LINEHAUL,V007,H_UBP,H_KSN,20250811_KSN,2025-08-11T12:15:00+07:00,2025-08-12T04:42:41+07:00,2025-08-11T12:15:00+07:00,2025-08-11T18:16:07+07:00,2025-08-12T02:16:07+07:00,2025-08-12T06:27:25+07:00,COMPLETED,20,1380.24,6.8204,440.891,449.014,225.456,7.203,60.097,FUEL202508,5387.18,5468.97,1919.5,True,Synthetic cost model; fuel unit-price benchmark from EPPO,True
T00407,R_BKK,LINEHAUL,V021,H_UBP,H_BKK,20250812_BKK,2025-08-12T12:00:00+07:00,2025-08-13T20:51:53+07:00,2025-08-12T12:00:00+07:00,2025-08-13T01:04:37+07:00,2025-08-13T13:04:37+07:00,2025-08-13T23:40:00+07:00,COMPLETED,17,1039.66,4.38,1209.891,1221.76,616.25,20.459,227.561,FUEL202508,17485.02,17898.91,7268.3,True,Synthetic cost model; fuel unit-price benchmark from EPPO,True
T00408,R_RYG,LINEHAUL,V001,H_UBP,H_RYG,20250812_RYG,2025-08-12T12:30:00+07:00,2025-08-13T23:13:30+07:00,2025-08-12T12:30:00+07:00,2025-08-13T15:49:03+07:00,2025-08-14T03:49:03+07:00,2025-08-14T15:41:11+07:00,COMPLETED,19,1282.63,5.867,1325.236,1353.709,688.578,22.523,191.039,FUEL202508,14700.76,15411.75,6101.79,True,Synthetic cost model; fuel unit-price benchmark from EPPO,True
T00409,R_CNX,LINEHAUL,V012,H_UBP,H_CNX,20250812_CNX,2025-08-12T15:45:00+07:00,2025-08-14T10:56:30+07:00,2025-08-12T15:45:00+07:00,2025-08-13T09:03:28+07:00,2025-08-13T21:03:28+07:00,2025-08-14T13:11:11+07:00,COMPLETED,19,1319.92,6.2588,1850.224,1898.028,950.574,30.596,258.58,FUEL202508,19800.96,20452.09,8259.05,True,Synthetic cost model; fuel unit-price benchmark from EPPO,True
T00410,R_KKC,LINEHAUL,V002,H_UBP,H_KKC,20250812_KKC,2025-08-12T18:00:00+07:00,2025-08-13T12:37:19+07:00,2025-08-12T18:00:00+07:00,2025-08-13T00:14:05+07:00,2025-08-13T08:14:05+07:00,2025-08-13T13:28:26+07:00,COMPLETED,19,1278.01,6.0104,574.88,591.81,301.309,9.76,84.188,FUEL202508,6686.74,7061.16,2688.96,True,Synthetic cost model; fuel unit-price benchmark from EPPO,True
T00411,R_CNX,LINEHAUL,V022,H_UBP,H_CNX,20250812_CNX,2025-08-12T19:15:00+07:00,2025-08-14T14:26:30+07:00,2025-08-12T19:15:00+07:00,2025-08-13T13:03:58+07:00,2025-08-14T01:03:58+07:00,2025-08-14T17:23:37+07:00,COMPLETED,20,1456.64,7.1317,1850.224,1875.418,948.749,31.905,359.723,FUEL202508,25961.79,27209.26,11489.55,True,Synthetic cost model; fuel unit-price benchmark from EPPO,True
T00412,R_CNX,LINEHAUL,V008,H_UBP,H_CNX,20250813_CNX,2025-08-13T09:15:00+07:00,2025-08-15T04:26:30+07:00,2025-08-13T09:15:00+07:00,2025-08-14T03:07:39+07:00,2025-08-14T15:07:39+07:00,2025-08-15T07:39:48+07:00,COMPLETED,20,1390.92,5.8362,1850.224,1881.772,948.248,31.48,264.489,FUEL202508,19841.36,20782.68,8447.78,True,Synthetic cost model; fuel unit-price benchmark from EPPO,True
T00413,R_CNX,LINEHAUL,V014,H_UBP,H_CNX,20250813_CNX,2025-08-13T09:45:00+07:00,2025-08-15T04:56:30+07:00,2025-08-13T09:45:00+07:00,2025-08-14T17:19:32+07:00,2025-08-15T05:19:32+07:00,2025-08-15T21:06:05+07:00,COMPLETED,19,1419.84,6.5477,1850.224,1896.146,949.035,30.407,360.906,FUEL202508,25918.99,27010.91,11527.34,True,Synthetic cost model; fuel unit-price benchmark from EPPO,True
T00414,R_RYG,LINEHAUL,V007,H_UBP,H_RYG,20250813_RYG,2025-08-13T11:30:00+07:00,2025-08-14T22:13:30+07:00,2025-08-13T11:30:00+07:00,2025-08-14T00:22:16+07:00,2025-08-14T12:22:16+07:00,2025-08-14T23:32:47+07:00,COMPLETED,18,1593.55,7.2073,1325.236,1367.345,684.837,21.397,183.69,FUEL202508,14660.36,14963.36,5867.06,True,Synthetic cost model; fuel unit-price benchmark from EPPO,True
T00415,R_SSK,LINEHAUL,V017,H_UBP,H_SSK,20250813_SSK,2025-08-13T18:45:00+07:00,2025-08-14T06:19:33+07:00,2025-08-13T18:45:00+07:00,2025-08-13T21:59:15+07:00,2025-08-14T05:59:15+07:00,2025-08-14T07:45:39+07:00,COMPLETED,19,1691.42,7.4991,138.032,140.555,68.726,2.3,25.794,FUEL202508,2835.13,2882.55,823.86,True,Synthetic cost model; fuel unit-price benchmark from EPPO,True
T00416,R_NMA,LINEHAUL,V003,H_UBP,H_NMA,20250813_NMA,2025-08-13T19:00:00+07:00,2025-08-14T16:33:22+07:00,2025-08-13T19:00:00+07:00,2025-08-14T02:04:42+07:00,2025-08-14T10:04:42+07:00,2025-08-14T16:39:09+07:00,COMPLETED,19,1613.22,7.5978,756.817,776.638,397.357,12.105,111.045,FUEL202508,8506.22,8872.08,3546.78,True,Synthetic cost model; fuel unit-price benchmark from EPPO,True
T00417,R_SSK,LINEHAUL,V010,H_UBP,H_SSK,20250814_SSK,2025-08-14T14:45:00+07:00,2025-08-15T02:19:33+07:00,2025-08-14T14:45:00+07:00,2025-08-14T18:25:53+07:00,2025-08-15T02:25:53+07:00,2025-08-15T04:07:05+07:00,COMPLETED,20,1336.03,5.7094,138.032,138.564,68.562,2.235,19.747,FUEL202508,2358.4,2404.36,630.72,True,Synthetic cost model; fuel unit-price benchmark from EPPO,True
T00418,R_BKK,LINEHAUL,V020,H_UBP,H_BKK,20250814_BKK,2025-08-14T16:30:00+07:00,2025-08-16T01:21:53+07:00,2025-08-14T16:30:00+07:00,2025-08-15T03:58:19+07:00,2025-08-15T15:58:19+07:00,2025-08-16T02:10:38+07:00,COMPLETED,20,1447.12,6.4944,1209.891,1249.04,631.232,19.906,254.648,FUEL202508,17613.42,19010.06,8133.46,True,Synthetic cost model; fuel unit-price benchmark from EPPO,True
T00419,R_RET,LINEHAUL,V016,H_UBP,H_RET,20250814_RET,2025-08-14T17:15:00+07:00,2025-08-15T08:09:04+07:00,2025-08-14T17:15:00+07:00,2025-08-14T21:42:31+07:00,2025-08-15T05:42:31+07:00,2025-08-15T09:09:37+07:00,COMPLETED,19,1298.28,5.9045,344.211,346.035,172.492,5.602,67.538,FUEL202508,5571.5,5747.38,2157.16,True,Synthetic cost model; fuel unit-price benchmark from EPPO,True
T00420,R_CNX,LINEHAUL,V017,H_UBP,H_CNX,20250815_CNX,2025-08-15T09:00:00+07:00,2025-08-17T04:11:30+07:00,2025-08-15T09:00:00+07:00,2025-08-16T01:47:41+07:00,2025-08-16T13:47:41+07:00,2025-08-17T06:28:31+07:00,COMPLETED,20,1418.28,6.485,1850.224,1900.277,955.31,31.29,353.161,FUEL202508,25961.79,26992.21,11279.96,True,Synthetic cost model; fuel unit-price benchmark from EPPO,True
T00421,R_KSN,LINEHAUL,V005,H_UBP,H_KSN,20250815_KSN,2025-08-15T10:15:00+07:00,2025-08-16T02:42:41+07:00,2025-08-15T10:15:00+07:00,2025-08-15T16:01:37+07:00,2025-08-16T00:01:37+07:00,2025-08-16T04:27:32+07:00,COMPLETED,18,1131.55,4.7823,440.891,455.514,229.605,7.616,63.292,FUEL202508,5306.38,5580.07,2021.55,True,Synthetic cost model; fuel unit-price benchmark from EPPO,True
T00422,R_BKK,LINEHAUL,V013,H_UBP,H_BKK,20250815_BKK,2025-08-15T14:30:00+07:00,2025-08-16T23:21:53+07:00,2025-08-15T14:30:00+07:00,2025-08-16T01:18:04+07:00,2025-08-16T13:18:04+07:00,2025-08-17T00:22:23+07:00,COMPLETED,19,1652.39,7.5884,1209.891,1224.401,615.354,20.172,217.129,FUEL202508,17570.62,17604.23,6935.1,True,Synthetic cost model; fuel unit-price benchmark from EPPO,True
T00423,R_NMA,LINEHAUL,V011,H_UBP,H_NMA,20250815_NMA,2025-08-15T17:45:00+07:00,2025-08-16T15:18:22+07:00,2025-08-15T17:45:00+07:00,2025-08-16T01:09:52+07:00,2025-08-16T09:09:52+07:00,2025-08-16T15:50:54+07:00,COMPLETED,19,1130.54,5.2362,756.817,785.959,397.349,12.53,119.832,FUEL202508,8506.22,9252.96,3827.43,True,Synthetic cost model; fuel unit-price benchmark from EPPO,True
T00424,R_KSN,LINEHAUL,V004,H_UBP,H_KSN,20250816_KSN,2025-08-16T11:00:00+07:00,2025-08-17T03:27:41+07:00,2025-08-16T11:00:00+07:00,2025-08-16T16:38:02+07:00,2025-08-17T00:38:02+07:00,2025-08-17T04:45:21+07:00,COMPLETED,20,1416.02,6.2273,440.891,450.23,226.898,7.322,61.853,FUEL202508,5387.18,5549.08,1975.58,True,Synthetic cost model; fuel unit-price benchmark from EPPO,True
T00425,R_CNX,LINEHAUL,V007,H_UBP,H_CNX,20250816_CNX,2025-08-16T12:45:00+07:00,2025-08-18T07:56:30+07:00,2025-08-16T12:45:00+07:00,2025-08-17T04:27:29+07:00,2025-08-17T16:27:29+07:00,2025-08-18T08:23:03+07:00,COMPLETED,19,1787.33,7.64,1850.224,1890.084,939.987,29.853,258.247,FUEL202508,19800.96,20291.35,8248.41,True,Synthetic cost model; fuel unit-price benchmark from EPPO,True
T00426,R_KKC,LINEHAUL,V003,H_UBP,H_KKC,20250816_KKC,2025-08-16T14:30:00+07:00,2025-08-17T09:07:19+07:00,2025-08-16T14:30:00+07:00,2025-08-16T21:53:09+07:00,2025-08-17T05:53:09+07:00,2025-08-17T11:30:39+07:00,COMPLETED,20,1422.97,6.3507,574.88,580.454,288.957,9.933,81.414,FUEL202508,6727.14,7008.34,2600.36,True,Synthetic cost model; fuel unit-price benchmark from EPPO,True
T00427,R_KSN,LINEHAUL,V009,H_UBP,H_KSN,20250816_KSN,2025-08-16T17:15:00+07:00,2025-08-17T09:42:41+07:00,2025-08-16T17:15:00+07:00,2025-08-16T22:09:10+07:00,2025-08-17T06:09:10+07:00,2025-08-17T10:33:51+07:00,COMPLETED,19,1331.8,6.3273,440.891,450.759,229.082,7.512,66.259,FUEL202508,5346.78,5683.2,2116.31,True,Synthetic cost model; fuel unit-price benchmark from EPPO,True
T00428,R_BKK,LINEHAUL,V010,H_UBP,H_BKK,20250816_BKK,2025-08-16T19:15:00+07:00,2025-08-18T04:06:53+07:00,2025-08-16T19:15:00+07:00,2025-08-17T08:08:36+07:00,2025-08-17T20:08:36+07:00,2025-08-18T06:54:42+07:00,COMPLETED,19,1347.71,5.9946,1209.891,1232.028,625.892,20.432,179.629,FUEL202508,13547.24,14419.49,5737.35,True,Synthetic cost model; fuel unit-price benchmark from EPPO,True
T00429,R_UTH,LINEHAUL,V005,H_UBP,H_UTH,20250818_UTH,2025-08-18T09:00:00+07:00,2025-08-19T11:26:05+07:00,2025-08-18T09:00:00+07:00,2025-08-18T16:56:51+07:00,2025-08-19T04:56:51+07:00,2025-08-19T12:28:05+07:00,COMPLETED,20,1678.03,7.9713,811.254,836.165,422.896,13.963,114.227,FUEL202508,9451.03,9868.54,3648.41,True,Synthetic cost model; fuel unit-price benchmark from EPPO,True
T00430,R_NMA,LINEHAUL,V004,H_UBP,H_NMA,20250818_NMA,2025-08-18T10:15:00+07:00,2025-08-19T07:48:22+07:00,2025-08-18T10:15:00+07:00,2025-08-18T19:00:58+07:00,2025-08-19T03:00:58+07:00,2025-08-19T09:50:43+07:00,COMPLETED,19,1120.06,5.2439,756.817,769.838,389.742,12.302,106.643,FUEL202508,8506.22,8744.64,3406.18,True,Synthetic cost model; fuel unit-price benchmark from EPPO,True
T00431,R_CNX,LINEHAUL,V001,H_UBP,H_CNX,20250818_CNX,2025-08-18T12:45:00+07:00,2025-08-20T07:56:30+07:00,2025-08-18T12:45:00+07:00,2025-08-19T04:53:53+07:00,2025-08-19T16:53:53+07:00,2025-08-20T08:54:21+07:00,COMPLETED,19,1384.92,6.3255,1850.224,1884.369,931.637,29.846,262.523,FUEL202508,19800.96,20409.51,8384.98,True,Synthetic cost model; fuel unit-price benchmark from EPPO,True
T00432,R_BKK,LINEHAUL,V023,H_UBP,H_BKK,20250818_BKK,2025-08-18T16:00:00+07:00,2025-08-20T00:51:53+07:00,2025-08-18T16:00:00+07:00,2025-08-19T03:38:14+07:00,2025-08-19T15:38:14+07:00,2025-08-20T02:06:54+07:00,COMPLETED,20,1347.75,6.3425,1209.891,1238.684,615.876,20.34,239.436,FUEL202508,17613.42,18579.4,7647.59,True,Synthetic cost model; fuel unit-price benchmark from EPPO,True
T00433,R_CNX,LINEHAUL,V017,H_UBP,H_CNX,20250818_CNX,2025-08-18T17:15:00+07:00,2025-08-20T12:26:30+07:00,2025-08-18T17:15:00+07:00,2025-08-19T12:05:50+07:00,2025-08-20T00:05:50+07:00,2025-08-20T16:24:09+07:00,COMPLETED,19,1364.91,5.9264,1850.224,1905.901,965.803,32.195,344.721,FUEL202508,25918.99,26876.61,11010.39,True,Synthetic cost model; fuel unit-price benchmark from EPPO,True
T00434,R_CNX,LINEHAUL,V020,H_UBP,H_CNX,20250819_CNX,2025-08-19T10:15:00+07:00,2025-08-21T05:26:30+07:00,2025-08-19T10:15:00+07:00,2025-08-20T03:57:26+07:00,2025-08-20T15:57:26+07:00,2025-08-21T07:43:27+07:00,COMPLETED,19,1210.57,5.3629,1850.224,1909.651,960.857,30.457,388.501,FUEL202508,25918.99,27961.14,12408.72,True,Synthetic cost model; fuel unit-price benchmark from EPPO,True
T00435,R_CNX,LINEHAUL,V021,H_UBP,H_CNX,20250819_CNX,2025-08-19T11:15:00+07:00,2025-08-21T06:26:30+07:00,2025-08-19T11:15:00+07:00,2025-08-20T04:25:25+07:00,2025-08-20T16:25:25+07:00,2025-08-21T07:35:59+07:00,COMPLETED,19,1386.32,6.2195,1850.224,1868.68,942.257,29.43,346.298,FUEL202508,25918.99,26237.76,11060.76,True,Synthetic cost model; fuel unit-price benchmark from EPPO,True
T00436,R_CNX,LINEHAUL,V009,H_UBP,H_CNX,20250820_CNX,2025-08-20T08:30:00+07:00,2025-08-22T03:41:30+07:00,2025-08-20T08:30:00+07:00,2025-08-21T00:30:14+07:00,2025-08-21T12:30:14+07:00,2025-08-22T04:16:10+07:00,COMPLETED,20,1163.98,5.0404,1850.224,1872.73,932.379,30.175,268.55,FUEL202508,19841.36,20663.47,8577.49,True,Synthetic cost model; fuel unit-price benchmark from EPPO,True
T00437,R_BKK,LINEHAUL,V018,H_UBP,H_BKK,20250820_BKK,2025-08-20T09:30:00+07:00,2025-08-21T18:21:53+07:00,2025-08-20T09:30:00+07:00,2025-08-20T20:58:34+07:00,2025-08-21T08:58:34+07:00,2025-08-21T19:49:47+07:00,COMPLETED,19,1104.3,5.0553,1209.891,1252.709,629.194,20.232,220.755,FUEL202508,17570.62,17931.92,7050.91,True,Synthetic cost model; fuel unit-price benchmark from EPPO,True
T00438,R_CNX,LINEHAUL,V005,H_UBP,H_CNX,20250820_CNX,2025-08-20T10:15:00+07:00,2025-08-22T05:26:30+07:00,2025-08-20T10:15:00+07:00,2025-08-21T03:02:32+07:00,2025-08-21T15:02:32+07:00,2025-08-22T06:27:58+07:00,COMPLETED,20,1298.81,5.9929,1850.224,1877.765,934.337,30.306,254.713,FUEL202508,19841.36,20258.88,8135.53,True,Synthetic cost model; fuel unit-price benchmark from EPPO,True
T00439,R_RET,LINEHAUL,V004,H_UBP,H_RET,20250820_RET,2025-08-20T18:00:00+07:00,2025-08-21T08:54:04+07:00,2025-08-20T18:00:00+07:00,2025-08-20T21:43:57+07:00,2025-08-21T05:43:57+07:00,2025-08-21T09:13:04+07:00,COMPLETED,20,1268.2,6.2082,344.211,351.977,177.449,5.621,48.877,FUEL202508,4420.32,4550.6,1561.13,True,Synthetic cost model; fuel unit-price benchmark from EPPO,True
T00440,R_RET,LINEHAUL,V019,H_UBP,H_RET,20250821_RET,2025-08-21T09:30:00+07:00,2025-08-22T00:24:04+07:00,2025-08-21T09:30:00+07:00,2025-08-21T13:42:35+07:00,2025-08-21T21:42:35+07:00,2025-08-22T01:01:26+07:00,COMPLETED,20,1527.71,6.8778,344.211,354.147,179.321,5.618,68.462,FUEL202508,5614.3,5858.36,2186.68,True,Synthetic cost model; fuel unit-price benchmark from EPPO,True
T00441,R_NMA,LINEHAUL,V002,H_UBP,H_NMA,20250821_NMA,2025-08-21T13:00:00+07:00,2025-08-22T10:33:22+07:00,2025-08-21T13:00:00+07:00,2025-08-21T20:36:00+07:00,2025-08-22T04:36:00+07:00,2025-08-22T11:29:01+07:00,COMPLETED,19,1590.64,7.4197,756.817,778.204,394.343,13.036,107.404,FUEL202508,8506.22,8918.74,3430.48,True,Synthetic cost model; fuel unit-price benchmark from EPPO,True
T00442,R_NMA,LINEHAUL,V008,H_UBP,H_NMA,20250821_NMA,2025-08-21T15:45:00+07:00,2025-08-22T13:18:22+07:00,2025-08-21T15:45:00+07:00,2025-08-21T23:34:59+07:00,2025-08-22T07:34:59+07:00,2025-08-22T14:43:56+07:00,COMPLETED,19,982.11,4.2414,756.817,778.198,396.165,12.947,106.316,FUEL202508,8506.22,8869.0,3395.73,True,Synthetic cost model; fuel unit-price benchmark from EPPO,True
T00443,R_UTH,LINEHAUL,V014,H_UBP,H_UTH,20250821_UTH,2025-08-21T16:45:00+07:00,2025-08-22T19:11:05+07:00,2025-08-21T16:45:00+07:00,2025-08-22T00:59:14+07:00,2025-08-22T12:59:14+07:00,2025-08-22T20:02:16+07:00,COMPLETED,20,1056.95,4.7621,811.254,832.955,420.584,13.38,158.103,FUEL202508,12172.79,12662.97,5049.81,True,Synthetic cost model; fuel unit-price benchmark from EPPO,True
T00444,R_RYG,LINEHAUL,V023,H_UBP,H_RYG,20250821_RYG,2025-08-21T18:15:00+07:00,2025-08-23T04:58:30+07:00,2025-08-21T18:15:00+07:00,2025-08-22T07:55:29+07:00,2025-08-22T19:55:29+07:00,2025-08-23T07:38:46+07:00,COMPLETED,20,1157.72,5.1647,1325.236,1345.069,681.884,22.815,254.31,FUEL202508,19144.26,19971.08,8122.66,True,Synthetic cost model; fuel unit-price benchmark from EPPO,True
T00445,R_KKC,LINEHAUL,V001,H_UBP,H_KKC,20250822_KKC,2025-08-22T17:15:00+07:00,2025-08-23T11:52:19+07:00,2025-08-22T17:15:00+07:00,2025-08-23T00:15:42+07:00,2025-08-23T08:15:42+07:00,2025-08-23T13:37:55+07:00,COMPLETED,20,1626.75,6.9828,574.88,580.917,288.696,9.53,79.604,FUEL202508,6727.14,6883.32,2542.55,True,Synthetic cost model; fuel unit-price benchmark from EPPO,True
T00446,R_RET,LINEHAUL,V011,H_UBP,H_RET,20250822_RET,2025-08-22T18:00:00+07:00,2025-08-23T08:54:04+07:00,2025-08-22T18:00:00+07:00,2025-08-22T22:56:55+07:00,2025-08-23T06:56:55+07:00,2025-08-23T10:25:34+07:00,COMPLETED,20,1341.06,5.9694,344.211,351.019,177.108,5.751,53.28,FUEL202508,4420.32,4710.56,1701.76,True,Synthetic cost model; fuel unit-price benchmark from EPPO,True
T00447,R_CNX,LINEHAUL,V018,H_UBP,H_CNX,20250823_CNX,2025-08-23T09:15:00+07:00,2025-08-25T04:26:30+07:00,2025-08-23T09:15:00+07:00,2025-08-24T02:51:30+07:00,2025-08-24T14:51:30+07:00,2025-08-25T07:11:14+07:00,COMPLETED,20,1242.54,5.3426,1850.224,1906.071,952.394,31.458,343.48,FUEL202508,25961.79,26740.5,10970.75,True,Synthetic cost model; fuel unit-price benchmark from EPPO,True
T00448,R_CNX,LINEHAUL,V006,H_UBP,H_CNX,20250823_CNX,2025-08-23T10:30:00+07:00,2025-08-25T05:41:30+07:00,2025-08-23T10:30:00+07:00,2025-08-24T03:14:10+07:00,2025-08-24T15:14:10+07:00,2025-08-25T07:36:48+07:00,COMPLETED,18,1576.15,7.523,1850.224,1904.76,958.683,30.883,266.539,FUEL202508,19760.56,20734.85,8513.26,True,Synthetic cost model; fuel unit-price benchmark from EPPO,True
T00449,R_CNX,LINEHAUL,V024,H_UBP,H_CNX,20250823_CNX,2025-08-23T12:30:00+07:00,2025-08-25T07:41:30+07:00,2025-08-23T12:30:00+07:00,2025-08-24T05:13:49+07:00,2025-08-24T17:13:49+07:00,2025-08-25T08:07:21+07:00,COMPLETED,20,1520.44,6.0424,1850.224,1881.215,954.024,29.126,376.197,FUEL202508,25961.79,27233.09,12015.73,True,Synthetic cost model; fuel unit-price benchmark from EPPO,True
T00450,R_KKC,LINEHAUL,V020,H_UBP,H_KKC,20250823_KKC,2025-08-23T14:45:00+07:00,2025-08-24T09:22:19+07:00,2025-08-23T14:45:00+07:00,2025-08-23T21:59:54+07:00,2025-08-24T05:59:54+07:00,2025-08-24T11:24:01+07:00,COMPLETED,20,1465.61,6.5073,574.88,581.128,290.56,9.707,120.062,FUEL202508,8675.68,9282.06,3834.78,True,Synthetic cost model; fuel unit-price benchmark from EPPO,True
T00451,R_KKC,LINEHAUL,V007,H_UBP,H_KKC,20250823_KKC,2025-08-23T15:15:00+07:00,2025-08-24T09:52:19+07:00,2025-08-23T15:15:00+07:00,2025-08-23T22:22:25+07:00,2025-08-24T06:22:25+07:00,2025-08-24T11:57:57+07:00,COMPLETED,19,1372.73,6.181,574.88,593.054,299.552,9.647,78.768,FUEL202508,6686.74,6872.64,2515.85,True,Synthetic cost model; fuel unit-price benchmark from EPPO,True
T00452,R_BKK,LINEHAUL,V017,H_UBP,H_BKK,20250823_BKK,2025-08-23T16:00:00+07:00,2025-08-25T00:51:53+07:00,2025-08-23T16:00:00+07:00,2025-08-24T03:47:23+07:00,2025-08-24T15:47:23+07:00,2025-08-25T02:30:01+07:00,COMPLETED,20,1517.02,6.9661,1209.891,1235.512,629.845,20.386,226.828,FUEL202508,17613.42,18167.23,7244.89,True,Synthetic cost model; fuel unit-price benchmark from EPPO,True
T00453,R_CNX,LINEHAUL,V014,H_UBP,H_CNX,20250823_CNX,2025-08-23T17:30:00+07:00,2025-08-25T12:41:30+07:00,2025-08-23T17:30:00+07:00,2025-08-24T10:48:13+07:00,2025-08-24T22:48:13+07:00,2025-08-25T14:40:21+07:00,COMPLETED,19,1439.89,5.9956,1850.224,1877.508,942.656,30.156,362.405,FUEL202508,25918.99,26929.04,11575.22,True,Synthetic cost model; fuel unit-price benchmark from EPPO,True
T00454,R_BKK,LINEHAUL,V011,H_UBP,H_BKK,20250824_BKK,2025-08-24T09:30:00+07:00,2025-08-25T18:21:53+07:00,2025-08-24T09:30:00+07:00,2025-08-24T20:55:17+07:00,2025-08-25T08:55:17+07:00,2025-08-25T19:18:24+07:00,COMPLETED,20,1748.86,7.7953,1209.891,1239.616,623.318,19.974,193.647,FUEL202508,13587.64,14803.36,6185.09,True,Synthetic cost model; fuel unit-price benchmark from EPPO,True
T00455,R_KSN,LINEHAUL,V004,H_UBP,H_KSN,20250824_KSN,2025-08-24T13:30:00+07:00,2025-08-25T05:57:41+07:00,2025-08-24T13:30:00+07:00,2025-08-24T18:10:11+07:00,2025-08-25T02:10:11+07:00,2025-08-25T06:17:36+07:00,COMPLETED,19,1394.62,6.3724,440.891,444.037,223.694,7.097,60.978,FUEL202508,5346.78,5423.81,1947.64,True,Synthetic cost model; fuel unit-price benchmark from EPPO,True
T00456,R_CNX,LINEHAUL,V012,H_UBP,H_CNX,20250825_CNX,2025-08-25T08:45:00+07:00,2025-08-27T03:56:30+07:00,2025-08-25T08:45:00+07:00,2025-08-26T02:06:28+07:00,2025-08-26T14:06:28+07:00,2025-08-27T06:44:16+07:00,COMPLETED,20,1444.15,5.9136,1850.224,1877.47,924.58,30.851,259.535,FUEL202508,19841.36,20504.65,8289.55,True,Synthetic cost model; fuel unit-price benchmark from EPPO,True
T00457,R_BKK,LINEHAUL,V015,H_UBP,H_BKK,20250825_BKK,2025-08-25T11:45:00+07:00,2025-08-26T20:36:53+07:00,2025-08-25T11:45:00+07:00,2025-08-25T23:31:21+07:00,2025-08-26T11:31:21+07:00,2025-08-26T21:41:03+07:00,COMPLETED,20,1464.45,6.5809,1209.891,1227.319,606.14,19.023,240.283,FUEL202508,17613.42,18227.74,7674.64,True,Synthetic cost model; fuel unit-price benchmark from EPPO,True
T00458,R_LPT,LINEHAUL,V005,H_UBP,H_LPT,20250825_LPT,2025-08-25T12:00:00+07:00,2025-08-27T04:03:04+07:00,2025-08-25T12:00:00+07:00,2025-08-26T04:00:28+07:00,2025-08-26T16:00:28+07:00,2025-08-27T05:56:23+07:00,COMPLETED,19,1631.83,7.4491,1655.481,1702.015,856.851,27.364,235.368,FUEL202508,17853.41,18573.25,7517.65,True,Synthetic cost model; fuel unit-price benchmark from EPPO,True
T00459,R_SSK,LINEHAUL,V019,H_UBP,H_SSK,20250825_SSK,2025-08-25T12:00:00+07:00,2025-08-25T23:34:33+07:00,2025-08-25T12:00:00+07:00,2025-08-25T14:30:00+07:00,2025-08-25T22:30:00+07:00,2025-08-26T00:13:35+07:00,COMPLETED,20,1257.09,5.902,138.032,140.017,69.372,2.293,26.986,FUEL202508,2877.93,2959.74,861.93,True,Synthetic cost model; fuel unit-price benchmark from EPPO,True
T00460,R_LPT,LINEHAUL,V008,H_UBP,H_LPT,20250825_LPT,2025-08-25T15:30:00+07:00,2025-08-27T07:33:04+07:00,2025-08-25T15:30:00+07:00,2025-08-26T07:38:56+07:00,2025-08-26T19:38:56+07:00,2025-08-27T09:16:34+07:00,COMPLETED,20,1391.04,5.7601,1655.481,1666.472,827.991,26.93,229.128,FUEL202508,17893.81,18233.87,7318.35,True,Synthetic cost model; fuel unit-price benchmark from EPPO,True
T00461,R_CNX,LINEHAUL,V017,H_UBP,H_CNX,20250825_CNX,2025-08-25T18:45:00+07:00,2025-08-27T13:56:30+07:00,2025-08-25T18:45:00+07:00,2025-08-26T12:33:00+07:00,2025-08-27T00:33:00+07:00,2025-08-27T15:42:06+07:00,COMPLETED,20,1615.83,6.6069,1850.224,1895.928,951.623,29.599,348.127,FUEL202508,25961.79,26491.0,11119.18,True,Synthetic cost model; fuel unit-price benchmark from EPPO,True
T00462,R_RET,LINEHAUL,V003,H_UBP,H_RET,20250826_RET,2025-08-26T11:30:00+07:00,2025-08-27T02:24:04+07:00,2025-08-26T11:30:00+07:00,2025-08-27T04:11:45+07:00,2025-08-27T12:11:45+07:00,2025-08-27T15:29:53+07:00,COMPLETED,19,1275.32,5.7651,344.211,346.824,173.824,5.405,48.535,FUEL202508,4379.92,4447.18,1550.21,True,Synthetic cost model; fuel unit-price benchmark from EPPO,True
T00463,R_NMA,LINEHAUL,V021,H_UBP,H_NMA,20250826_NMA,2025-08-26T16:30:00+07:00,2025-08-27T14:03:22+07:00,2025-08-26T16:30:00+07:00,2025-08-27T00:09:21+07:00,2025-08-27T08:09:21+07:00,2025-08-27T14:57:54+07:00,COMPLETED,19,1231.13,5.235,756.817,766.681,383.471,12.547,144.888,FUEL202508,11047.51,11388.33,4627.72,True,Synthetic cost model; fuel unit-price benchmark from EPPO,True
T00464,R_CNX,LINEHAUL,V014,H_UBP,H_CNX,20250827_CNX,2025-08-27T13:00:00+07:00,2025-08-29T08:11:30+07:00,2025-08-27T13:00:00+07:00,2025-08-28T05:36:12+07:00,2025-08-28T17:36:12+07:00,2025-08-29T10:12:28+07:00,COMPLETED,19,1499.71,6.7686,1850.224,1895.938,951.508,31.418,361.162,FUEL202508,25918.99,27210.25,11535.51,True,Synthetic cost model; fuel unit-price benchmark from EPPO,True
T00465,R_BKK,LINEHAUL,V002,H_UBP,H_BKK,20250827_BKK,2025-08-27T14:45:00+07:00,2025-08-28T23:36:53+07:00,2025-08-27T14:45:00+07:00,2025-08-29T02:52:44+07:00,2025-08-29T14:52:44+07:00,2025-08-30T00:56:26+07:00,COMPLETED,20,1334.37,5.9081,1209.891,1238.306,626.337,19.164,170.111,FUEL202508,13587.64,13846.35,5433.35,True,Synthetic cost model; fuel unit-price benchmark from EPPO,True
T00466,R_CNX,LINEHAUL,V022,H_UBP,H_CNX,20250827_CNX,2025-08-27T18:45:00+07:00,2025-08-29T13:56:30+07:00,2025-08-27T18:45:00+07:00,2025-08-28T11:34:25+07:00,2025-08-28T23:34:25+07:00,2025-08-29T14:42:55+07:00,COMPLETED,20,1246.24,5.7344,1850.224,1875.987,931.329,29.737,363.68,FUEL202508,25961.79,26926.35,11615.94,True,Synthetic cost model; fuel unit-price benchmark from EPPO,True
T00467,R_KSN,LINEHAUL,V015,H_UBP,H_KSN,20250828_KSN,2025-08-28T13:15:00+07:00,2025-08-29T05:42:41+07:00,2025-08-28T13:15:00+07:00,2025-08-28T18:38:31+07:00,2025-08-29T02:38:31+07:00,2025-08-29T06:40:47+07:00,COMPLETED,19,1237.85,4.9355,440.891,446.514,226.211,7.139,84.392,FUEL202508,6854.61,7019.68,2695.48,True,Synthetic cost model; fuel unit-price benchmark from EPPO,True
T00468,R_BKK,LINEHAUL,V017,H_UBP,H_BKK,20250828_BKK,2025-08-28T15:30:00+07:00,2025-08-30T00:21:53+07:00,2025-08-28T15:30:00+07:00,2025-08-29T02:51:34+07:00,2025-08-29T14:51:34+07:00,2025-08-30T01:36:07+07:00,COMPLETED,19,1346.23,5.7781,1209.891,1242.077,620.246,20.169,227.48,FUEL202508,17570.62,18075.32,7265.71,True,Synthetic cost model; fuel unit-price benchmark from EPPO,True
T00469,R_SSK,LINEHAUL,V024,H_UBP,H_SSK,20250829_SSK,2025-08-29T11:00:00+07:00,2025-08-29T22:34:33+07:00,2025-08-29T11:00:00+07:00,2025-08-29T14:02:37+07:00,2025-08-29T22:02:37+07:00,2025-08-29T23:46:29+07:00,COMPLETED,20,1190.73,5.8303,138.032,140.638,68.843,2.295,27.263,FUEL202508,2877.93,2971.57,870.78,True,Synthetic cost model; fuel unit-price benchmark from EPPO,True
T00470,R_KSN,LINEHAUL,V023,H_UBP,H_KSN,20250829_KSN,2025-08-29T11:15:00+07:00,2025-08-30T03:42:41+07:00,2025-08-29T11:15:00+07:00,2025-08-29T17:51:16+07:00,2025-08-30T01:51:16+07:00,2025-08-30T06:12:10+07:00,COMPLETED,20,1602.05,7.207,440.891,456.224,230.919,7.682,87.721,FUEL202508,6897.41,7314.71,2801.81,True,Synthetic cost model; fuel unit-price benchmark from EPPO,True
T00471,R_KKC,LINEHAUL,V018,H_UBP,H_KKC,20250830_KKC,2025-08-30T09:45:00+07:00,2025-08-31T04:22:19+07:00,2025-08-30T09:45:00+07:00,2025-08-30T15:40:20+07:00,2025-08-30T23:40:20+07:00,2025-08-31T04:56:46+07:00,COMPLETED,20,1334.15,6.0835,574.88,586.74,293.153,9.498,100.899,FUEL202508,8675.68,8655.06,3222.71,True,Synthetic cost model; fuel unit-price benchmark from EPPO,True
T00472,R_LPT,LINEHAUL,V014,H_UBP,H_LPT,20250830_LPT,2025-08-30T10:00:00+07:00,2025-09-01T02:03:04+07:00,2025-08-30T10:00:00+07:00,2025-08-31T10:07:36+07:00,2025-08-31T22:07:36+07:00,2025-09-01T12:43:02+07:00,COMPLETED,20,1661.77,7.3514,1655.481,1671.801,839.769,27.338,312.225,FUEL202508,23377.19,23928.62,9972.47,True,Synthetic cost model; fuel unit-price benchmark from EPPO,True
T00473,R_BKK,LINEHAUL,V008,H_UBP,H_BKK,20250830_BKK,2025-08-30T16:00:00+07:00,2025-09-01T00:51:53+07:00,2025-08-30T16:00:00+07:00,2025-08-31T03:35:21+07:00,2025-08-31T15:35:21+07:00,2025-09-01T02:25:56+07:00,COMPLETED,20,1444.39,6.371,1209.891,1233.779,623.796,20.211,172.246,FUEL202508,13587.64,14127.05,5501.54,True,Synthetic cost model; fuel unit-price benchmark from EPPO,True
T00474,R_UTH,LINEHAUL,V021,H_UBP,H_UTH,20250831_UTH,2025-08-31T09:00:00+07:00,2025-09-01T11:26:05+07:00,2025-08-31T09:00:00+07:00,2025-08-31T16:21:50+07:00,2025-09-01T04:21:50+07:00,2025-09-01T11:40:03+07:00,COMPLETED,20,1537.36,6.8253,811.254,822.2,414.737,13.145,152.567,FUEL202508,12172.79,12394.16,4872.99,True,Synthetic cost model; fuel unit-price benchmark from EPPO,True
T00475,R_CNX,LINEHAUL,V009,H_UBP,H_CNX,20250831_CNX,2025-08-31T10:00:00+07:00,2025-09-02T05:11:30+07:00,2025-08-31T10:00:00+07:00,2025-09-01T03:13:25+07:00,2025-09-01T15:13:25+07:00,2025-09-02T07:31:10+07:00,COMPLETED,19,1536.19,6.8465,1850.224,1907.515,961.491,31.297,289.127,FUEL202508,19800.96,21575.39,9234.72,True,Synthetic cost model; fuel unit-price benchmark from EPPO,True
T00476,R_UTH,LINEHAUL,V011,H_UBP,H_UTH,20250901_UTH,2025-09-01T11:15:00+07:00,2025-09-02T13:41:05+07:00,2025-09-01T11:15:00+07:00,2025-09-02T22:55:14+07:00,2025-09-03T10:55:14+07:00,2025-09-03T18:29:02+07:00,COMPLETED,19,1564.56,7.1438,811.254,822.612,409.926,13.991,127.008,FUEL202509,9410.63,10200.58,4056.64,True,Synthetic cost model; fuel unit-price benchmark from EPPO,True
T00477,R_BKK,LINEHAUL,V023,H_UBP,H_BKK,20250901_BKK,2025-09-01T12:45:00+07:00,2025-09-02T21:36:53+07:00,2025-09-01T12:45:00+07:00,2025-09-02T00:18:54+07:00,2025-09-02T12:18:54+07:00,2025-09-02T23:18:12+07:00,COMPLETED,19,1016.74,4.8682,1209.891,1221.358,609.264,20.078,241.807,FUEL202509,17570.62,18463.9,7723.32,True,Synthetic cost model; fuel unit-price benchmark from EPPO,True
T00478,R_CNX,LINEHAUL,V019,H_UBP,H_CNX,20250902_CNX,2025-09-02T15:00:00+07:00,2025-09-04T10:11:30+07:00,2025-09-02T15:00:00+07:00,2025-09-03T08:14:31+07:00,2025-09-03T20:14:31+07:00,2025-09-04T11:48:23+07:00,COMPLETED,20,1322.67,5.9763,1850.224,1901.999,968.969,31.078,364.136,FUEL202509,25961.79,27310.16,11630.5,True,Synthetic cost model; fuel unit-price benchmark from EPPO,True
T00479,R_KKC,LINEHAUL,V006,H_UBP,H_KKC,20250902_KKC,2025-09-02T16:45:00+07:00,2025-09-03T11:22:19+07:00,2025-09-02T16:45:00+07:00,2025-09-02T22:57:02+07:00,2025-09-03T06:57:02+07:00,2025-09-03T12:04:38+07:00,COMPLETED,20,1264.48,6.0133,574.88,585.736,298.064,9.559,80.424,FUEL202509,6727.14,6929.03,2568.74,True,Synthetic cost model; fuel unit-price benchmark from EPPO,True
T00480,R_CNX,LINEHAUL,V024,H_UBP,H_CNX,20250902_CNX,2025-09-02T17:30:00+07:00,2025-09-04T12:41:30+07:00,2025-09-02T17:30:00+07:00,2025-09-03T11:01:40+07:00,2025-09-03T23:01:40+07:00,2025-09-04T14:31:42+07:00,COMPLETED,20,1476.39,6.1301,1850.224,1907.977,957.049,29.748,368.085,FUEL202509,25961.79,27209.92,11756.63,True,Synthetic cost model; fuel unit-price benchmark from EPPO,True
T00481,R_CNX,LINEHAUL,V018,H_UBP,H_CNX,20250903_CNX,2025-09-03T08:45:00+07:00,2025-09-05T03:56:30+07:00,2025-09-03T08:45:00+07:00,2025-09-04T03:01:02+07:00,2025-09-04T15:01:02+07:00,2025-09-05T06:28:48+07:00,COMPLETED,20,1631.29,7.4335,1850.224,1916.741,969.477,30.443,342.076,FUEL202509,25961.79,26549.65,10925.91,True,Synthetic cost model; fuel unit-price benchmark from EPPO,True
T00482,R_BKK,LINEHAUL,V002,H_UBP,H_BKK,20250903_BKK,2025-09-03T13:30:00+07:00,2025-09-04T22:21:53+07:00,2025-09-03T13:30:00+07:00,2025-09-04T01:54:46+07:00,2025-09-04T13:54:46+07:00,2025-09-05T00:45:34+07:00,COMPLETED,20,1371.26,6.5576,1209.891,1221.123,611.905,20.102,169.165,FUEL202509,13587.64,14031.62,5403.13,True,Synthetic cost model; fuel unit-price benchmark from EPPO,True
T00483,R_RYG,LINEHAUL,V004,H_UBP,H_RYG,20250903_RYG,2025-09-03T13:45:00+07:00,2025-09-05T00:28:30+07:00,2025-09-03T13:45:00+07:00,2025-09-04T02:33:52+07:00,2025-09-04T14:33:52+07:00,2025-09-05T02:40:30+07:00,COMPLETED,20,1293.29,6.3221,1325.236,1345.253,662.694,22.51,182.776,FUEL202509,14741.16,15175.15,5837.87,True,Synthetic cost model; fuel unit-price benchmark from EPPO,True
T00484,R_KKC,LINEHAUL,V021,H_UBP,H_KKC,20250903_KKC,2025-09-03T16:45:00+07:00,2025-09-04T11:22:19+07:00,2025-09-03T16:45:00+07:00,2025-09-04T23:59:59+07:00,2025-09-05T07:59:59+07:00,2025-09-05T13:20:55+07:00,COMPLETED,20,1307.98,5.8726,574.88,581.321,292.265,9.685,111.474,FUEL202509,8675.68,9004.41,3560.48,True,Synthetic cost model; fuel unit-price benchmark from EPPO,True
T00485,R_KKC,LINEHAUL,V009,H_UBP,H_KKC,20250903_KKC,2025-09-03T17:30:00+07:00,2025-09-04T12:07:19+07:00,2025-09-03T17:30:00+07:00,2025-09-03T23:16:28+07:00,2025-09-04T07:16:28+07:00,2025-09-04T12:21:02+07:00,COMPLETED,20,1511.06,7.1787,574.88,578.233,288.668,9.294,87.543,FUEL202509,6727.14,7088.86,2796.12,True,Synthetic cost model; fuel unit-price benchmark from EPPO,True
T00486,R_BKK,LINEHAUL,V010,H_UBP,H_BKK,20250903_BKK,2025-09-03T18:45:00+07:00,2025-09-05T03:36:53+07:00,2025-09-03T18:45:00+07:00,2025-09-04T07:20:00+07:00,2025-09-04T19:20:00+07:00,2025-09-05T05:23:03+07:00,COMPLETED,20,1434.98,6.8762,1209.891,1241.47,629.237,19.324,178.844,FUEL202509,13587.64,14195.55,5712.28,True,Synthetic cost model; fuel unit-price benchmark from EPPO,True
T00487,R_LPT,LINEHAUL,V017,H_UBP,H_LPT,20250903_LPT,2025-09-03T19:00:00+07:00,2025-09-05T11:03:04+07:00,2025-09-03T19:00:00+07:00,2025-09-04T10:47:37+07:00,2025-09-04T22:47:37+07:00,2025-09-05T13:13:49+07:00,COMPLETED,20,1682.79,7.0104,1655.481,1689.885,861.819,27.172,310.71,FUEL202509,23377.19,23928.31,9924.08,True,Synthetic cost model; fuel unit-price benchmark from EPPO,True
T00488,R_LPT,LINEHAUL,V016,H_UBP,H_LPT,20250904_LPT,2025-09-04T09:00:00+07:00,2025-09-06T01:03:04+07:00,2025-09-04T09:00:00+07:00,2025-09-05T00:05:15+07:00,2025-09-05T12:05:15+07:00,2025-09-06T03:03:49+07:00,COMPLETED,20,1574.96,6.5943,1655.481,1690.103,853.122,27.759,328.279,FUEL202509,23377.19,24601.81,10485.23,True,Synthetic cost model; fuel unit-price benchmark from EPPO,True
T00489,R_CNX,LINEHAUL,V003,H_UBP,H_CNX,20250904_CNX,2025-09-04T09:45:00+07:00,2025-09-06T04:56:30+07:00,2025-09-04T09:45:00+07:00,2025-09-05T01:48:53+07:00,2025-09-05T13:48:53+07:00,2025-09-06T05:48:46+07:00,COMPLETED,19,1415.83,6.4802,1850.224,1858.71,925.321,30.585,264.276,FUEL202509,19800.96,20514.14,8440.98,True,Synthetic cost model; fuel unit-price benchmark from EPPO,True
T00490,R_CNX,LINEHAUL,V008,H_UBP,H_CNX,20250904_CNX,2025-09-04T09:45:00+07:00,2025-09-06T04:56:30+07:00,2025-09-04T09:45:00+07:00,2025-09-05T04:31:23+07:00,2025-09-05T16:31:23+07:00,2025-09-06T09:12:43+07:00,COMPLETED,20,1508.7,6.4506,1850.224,1881.232,941.126,32.308,268.556,FUEL202509,19841.36,21051.8,8577.68,True,Synthetic cost model; fuel unit-price benchmark from EPPO,True
T00491,R_KSN,LINEHAUL,V005,H_UBP,H_KSN,20250904_KSN,2025-09-04T12:30:00+07:00,2025-09-05T04:57:41+07:00,2025-09-04T12:30:00+07:00,2025-09-04T17:00:07+07:00,2025-09-05T01:00:07+07:00,2025-09-05T05:06:48+07:00,COMPLETED,19,1429.38,6.5079,440.891,451.024,229.159,7.181,62.678,FUEL202509,5346.78,5513.36,2001.94,True,Synthetic cost model; fuel unit-price benchmark from EPPO,True
T00492,R_CNX,LINEHAUL,V013,H_UBP,H_CNX,20250904_CNX,2025-09-04T15:15:00+07:00,2025-09-06T10:26:30+07:00,2025-09-04T15:15:00+07:00,2025-09-05T08:50:17+07:00,2025-09-05T20:50:17+07:00,2025-09-06T12:12:29+07:00,COMPLETED,19,1302.16,5.5466,1850.224,1887.086,936.731,30.871,349.762,FUEL202509,25918.99,26703.3,11171.4,True,Synthetic cost model; fuel unit-price benchmark from EPPO,True
T00493,R_CNX,LINEHAUL,V020,H_UBP,H_CNX,20250904_CNX,2025-09-04T18:00:00+07:00,2025-09-06T13:11:30+07:00,2025-09-04T18:00:00+07:00,2025-09-05T10:39:22+07:00,2025-09-05T22:39:22+07:00,2025-09-06T13:51:33+07:00,COMPLETED,20,1245.1,5.6986,1850.224,1898.541,950.928,30.184,399.986,FUEL202509,25961.79,28270.17,12775.55,True,Synthetic cost model; fuel unit-price benchmark from EPPO,True
T00494,R_KSN,LINEHAUL,V006,H_UBP,H_KSN,20250904_KSN,2025-09-04T18:15:00+07:00,2025-09-05T10:42:41+07:00,2025-09-04T18:15:00+07:00,2025-09-04T23:12:17+07:00,2025-09-05T07:12:17+07:00,2025-09-05T11:17:24+07:00,COMPLETED,20,1420.29,6.5852,440.891,450.221,226.104,7.126,61.124,FUEL202509,5387.18,5492.42,1952.3,True,Synthetic cost model; fuel unit-price benchmark from EPPO,True
T00495,R_CNX,LINEHAUL,V009,H_UBP,H_CNX,20250905_CNX,2025-09-05T08:45:00+07:00,2025-09-07T03:56:30+07:00,2025-09-05T08:45:00+07:00,2025-09-07T01:00:23+07:00,2025-09-07T13:00:23+07:00,2025-09-08T05:17:08+07:00,COMPLETED,19,1303.22,5.8551,1850.224,1879.997,950.553,31.505,279.874,FUEL202509,19800.96,21232.62,8939.18,True,Synthetic cost model; fuel unit-price benchmark from EPPO,True
T00496,R_CNX,LINEHAUL,V023,H_UBP,H_CNX,20250905_CNX,2025-09-05T15:00:00+07:00,2025-09-07T10:11:30+07:00,2025-09-05T15:00:00+07:00,2025-09-06T09:07:37+07:00,2025-09-06T21:07:37+07:00,2025-09-07T13:28:14+07:00,COMPLETED,20,1419.13,6.1036,1850.224,1917.508,969.035,31.187,376.033,FUEL202509,25961.79,27778.98,12010.49,True,Synthetic cost model; fuel unit-price benchmark from EPPO,True
T00497,R_SSK,LINEHAUL,V022,H_UBP,H_SSK,20250905_SSK,2025-09-05T16:30:00+07:00,2025-09-06T04:04:33+07:00,2025-09-05T16:30:00+07:00,2025-09-05T19:18:40+07:00,2025-09-06T03:18:40+07:00,2025-09-06T05:07:31+07:00,COMPLETED,19,1082.39,4.977,138.032,139.308,68.728,2.332,26.074,FUEL202509,2835.13,2892.02,832.8,True,Synthetic cost model; fuel unit-price benchmark from EPPO,True
T00498,R_BKK,LINEHAUL,V001,H_UBP,H_BKK,20250906_BKK,2025-09-06T09:00:00+07:00,2025-09-07T17:51:53+07:00,2025-09-06T09:00:00+07:00,2025-09-07T18:13:37+07:00,2025-09-08T06:13:37+07:00,2025-09-08T16:51:01+07:00,COMPLETED,20,1398.05,5.8948,1209.891,1234.277,621.196,20.499,172.128,FUEL202509,13587.64,14138.44,5497.77,True,Synthetic cost model; fuel unit-price benchmark from EPPO,True
T00499,R_CNX,LINEHAUL,V007,H_UBP,H_CNX,20250906_CNX,2025-09-06T10:00:00+07:00,2025-09-08T05:11:30+07:00,2025-09-06T10:00:00+07:00,2025-09-07T03:37:09+07:00,2025-09-07T15:37:09+07:00,2025-09-08T07:02:22+07:00,COMPLETED,19,1263.0,5.3767,1850.224,1886.118,953.119,29.872,248.644,FUEL202509,19800.96,19975.93,7941.69,True,Synthetic cost model; fuel unit-price benchmark from EPPO,True
T00500,R_KSN,LINEHAUL,V006,H_UBP,H_KSN,20250906_KSN,2025-09-06T13:00:00+07:00,2025-09-07T05:27:41+07:00,2025-09-06T13:00:00+07:00,2025-09-06T19:11:14+07:00,2025-09-07T03:11:14+07:00,2025-09-07T07:14:40+07:00,COMPLETED,18,1256.23,5.8904,440.891,448.678,227.894,6.982,59.481,FUEL202509,5306.38,5329.91,1899.82,True,Synthetic cost model; fuel unit-price benchmark from EPPO,True
T00501,R_SSK,LINEHAUL,V012,H_UBP,H_SSK,20250906_SSK,2025-09-06T14:00:00+07:00,2025-09-07T01:34:33+07:00,2025-09-06T14:00:00+07:00,2025-09-06T17:37:26+07:00,2025-09-07T01:37:26+07:00,2025-09-07T03:24:29+07:00,COMPLETED,20,1593.04,6.9238,138.032,138.973,68.361,2.307,19.261,FUEL202509,2358.4,2402.37,615.2,True,Synthetic cost model; fuel unit-price benchmark from EPPO,True
T00502,R_CNX,LINEHAUL,V017,H_UBP,H_CNX,20250906_CNX,2025-09-06T15:00:00+07:00,2025-09-08T10:11:30+07:00,2025-09-06T15:00:00+07:00,2025-09-07T08:16:38+07:00,2025-09-07T20:16:38+07:00,2025-09-08T12:19:48+07:00,COMPLETED,20,1690.82,7.8541,1850.224,1916.263,968.736,30.775,347.553,FUEL202509,25961.79,26785.69,11100.84,True,Synthetic cost model; fuel unit-price benchmark from EPPO,True
T00503,R_KKC,LINEHAUL,V005,H_UBP,H_KKC,20250907_KKC,2025-09-07T10:45:00+07:00,2025-09-08T05:22:19+07:00,2025-09-07T10:45:00+07:00,2025-09-07T17:39:32+07:00,2025-09-08T01:39:32+07:00,2025-09-08T07:00:45+07:00,COMPLETED,20,1419.86,7.1738,574.88,585.728,295.706,9.825,82.46,FUEL202509,6727.14,7039.2,2633.77,True,Synthetic cost model; fuel unit-price benchmark from EPPO,True
T00504,R_NMA,LINEHAUL,V014,H_UBP,H_NMA,20250907_NMA,2025-09-07T11:30:00+07:00,2025-09-08T09:03:22+07:00,2025-09-07T11:30:00+07:00,2025-09-07T19:21:08+07:00,2025-09-08T03:21:08+07:00,2025-09-08T09:56:46+07:00,COMPLETED,20,1464.17,6.869,756.817,757.069,378.81,12.494,144.152,FUEL202509,11090.31,11355.26,4604.21,True,Synthetic cost model; fuel unit-price benchmark from EPPO,True
T00505,R_CNX,LINEHAUL,V002,H_UBP,H_CNX,20250907_CNX,2025-09-07T12:45:00+07:00,2025-09-09T07:56:30+07:00,2025-09-07T12:45:00+07:00,2025-09-08T05:44:57+07:00,2025-09-08T17:44:57+07:00,2025-09-09T09:12:38+07:00,COMPLETED,20,1585.75,6.7847,1850.224,1911.599,960.544,30.399,273.229,FUEL202509,19841.36,20967.55,8726.93,True,Synthetic cost model; fuel unit-price benchmark from EPPO,True
T00506,R_CNX,LINEHAUL,V020,H_UBP,H_CNX,20250907_CNX,2025-09-07T14:00:00+07:00,2025-09-09T09:11:30+07:00,2025-09-07T14:00:00+07:00,2025-09-08T08:57:45+07:00,2025-09-08T20:57:45+07:00,2025-09-09T13:09:02+07:00,COMPLETED,19,1347.88,6.4192,1850.224,1914.911,970.183,32.306,404.065,FUEL202509,25918.99,28832.81,12905.84,True,Synthetic cost model; fuel unit-price benchmark from EPPO,True
T00507,R_RYG,LINEHAUL,V016,H_UBP,H_RYG,20250907_RYG,2025-09-07T14:45:00+07:00,2025-09-09T01:28:30+07:00,2025-09-07T14:45:00+07:00,2025-09-09T00:48:39+07:00,2025-09-09T12:48:39+07:00,2025-09-10T00:24:28+07:00,COMPLETED,19,1348.7,6.4256,1325.236,1363.825,681.394,22.238,266.33,FUEL202509,19101.46,20193.1,8506.58,True,Synthetic cost model; fuel unit-price benchmark from EPPO,True
T00508,R_KKC,LINEHAUL,V023,H_UBP,H_KKC,20250908_KKC,2025-09-08T09:15:00+07:00,2025-09-09T03:52:19+07:00,2025-09-08T09:15:00+07:00,2025-09-09T00:45:21+07:00,2025-09-09T08:45:21+07:00,2025-09-09T13:55:45+07:00,COMPLETED,20,1646.54,7.5168,574.88,584.507,293.353,9.201,114.817,FUEL202509,8675.68,9033.23,3667.25,True,Synthetic cost model; fuel unit-price benchmark from EPPO,True
T00509,R_CNX,LINEHAUL,V019,H_UBP,H_CNX,20250908_CNX,2025-09-08T09:15:00+07:00,2025-09-10T04:26:30+07:00,2025-09-08T09:15:00+07:00,2025-09-09T02:12:18+07:00,2025-09-09T14:12:18+07:00,2025-09-10T05:51:27+07:00,COMPLETED,20,1664.89,7.7312,1850.224,1867.633,935.491,30.255,358.46,FUEL202509,25961.79,26821.16,11449.21,True,Synthetic cost model; fuel unit-price benchmark from EPPO,True
T00510,R_NMA,LINEHAUL,V008,H_UBP,H_NMA,20250908_NMA,2025-09-08T11:00:00+07:00,2025-09-09T08:33:22+07:00,2025-09-08T11:00:00+07:00,2025-09-08T18:53:54+07:00,2025-09-09T02:53:54+07:00,2025-09-09T09:27:47+07:00,COMPLETED,19,1622.71,7.2956,756.817,764.879,385.434,12.275,105.655,FUEL202509,8506.22,8693.65,3374.62,True,Synthetic cost model; fuel unit-price benchmark from EPPO,True
T00511,R_CNX,LINEHAUL,V006,H_UBP,H_CNX,20250908_CNX,2025-09-08T13:00:00+07:00,2025-09-10T08:11:30+07:00,2025-09-08T13:00:00+07:00,2025-09-09T07:41:07+07:00,2025-09-09T19:41:07+07:00,2025-09-10T11:04:43+07:00,COMPLETED,20,1341.62,5.9202,1850.224,1892.475,964.185,30.682,254.635,FUEL202509,19841.36,20364.44,8133.04,True,Synthetic cost model; fuel unit-price benchmark from EPPO,True
T00512,R_CNX,LINEHAUL,V004,H_UBP,H_CNX,20250908_CNX,2025-09-08T14:45:00+07:00,2025-09-10T09:56:30+07:00,2025-09-08T14:45:00+07:00,2025-09-09T07:20:39+07:00,2025-09-09T19:20:39+07:00,2025-09-10T10:50:05+07:00,COMPLETED,18,1726.6,7.2446,1850.224,1911.703,968.453,29.946,262.017,FUEL202509,19760.56,20451.95,8368.82,True,Synthetic cost model; fuel unit-price benchmark from EPPO,True
T00513,R_RYG,LINEHAUL,V024,H_UBP,H_RYG,20250908_RYG,2025-09-08T15:30:00+07:00,2025-09-10T02:13:30+07:00,2025-09-08T15:30:00+07:00,2025-09-09T03:26:51+07:00,2025-09-09T15:26:51+07:00,2025-09-10T02:33:38+07:00,COMPLETED,20,1568.12,7.198,1325.236,1355.045,681.204,21.347,261.634,FUEL202509,19144.26,19869.56,8356.59,True,Synthetic cost model; fuel unit-price benchmark from EPPO,True
T00514,R_BKK,LINEHAUL,V010,H_UBP,H_BKK,20250908_BKK,2025-09-08T16:30:00+07:00,2025-09-10T01:21:53+07:00,2025-09-08T16:30:00+07:00,2025-09-09T04:39:40+07:00,2025-09-09T16:39:40+07:00,2025-09-10T02:36:02+07:00,COMPLETED,20,1956.06,8.7112,1209.891,1213.458,606.782,18.788,172.639,FUEL202509,13587.64,13900.35,5514.09,True,Synthetic cost model; fuel unit-price benchmark from EPPO,True
T00515,R_CNX,LINEHAUL,V009,H_UBP,H_CNX,20250909_CNX,2025-09-09T09:00:00+07:00,2025-09-11T04:11:30+07:00,2025-09-09T09:00:00+07:00,2025-09-10T01:36:23+07:00,2025-09-10T13:36:23+07:00,2025-09-11T06:04:28+07:00,COMPLETED,19,1619.08,7.1932,1850.224,1879.676,935.103,31.239,277.46,FUEL202509,19800.96,21109.28,8862.07,True,Synthetic cost model; fuel unit-price benchmark from EPPO,True
T00516,R_KKC,LINEHAUL,V012,H_UBP,H_KKC,20250909_KKC,2025-09-09T10:30:00+07:00,2025-09-10T05:07:19+07:00,2025-09-09T10:30:00+07:00,2025-09-09T17:53:47+07:00,2025-09-10T01:53:47+07:00,2025-09-10T07:04:29+07:00,COMPLETED,20,1271.99,5.5707,574.88,590.508,298.416,9.629,81.495,FUEL202509,6727.14,6989.39,2602.95,True,Synthetic cost model; fuel unit-price benchmark from EPPO,True
T00517,R_CNX,LINEHAUL,V007,H_UBP,H_CNX,20250909_CNX,2025-09-09T11:15:00+07:00,2025-09-11T06:26:30+07:00,2025-09-09T11:15:00+07:00,2025-09-10T04:10:44+07:00,2025-09-10T16:10:44+07:00,2025-09-11T07:48:13+07:00,COMPLETED,20,1165.96,5.3507,1850.224,1886.079,952.665,30.289,248.206,FUEL202509,19841.36,20073.1,7927.7,True,Synthetic cost model; fuel unit-price benchmark from EPPO,True
T00518,R_LPT,LINEHAUL,V001,H_UBP,H_LPT,20250909_LPT,2025-09-09T11:45:00+07:00,2025-09-11T03:48:04+07:00,2025-09-09T11:45:00+07:00,2025-09-10T02:06:39+07:00,2025-09-10T14:06:39+07:00,2025-09-11T04:33:01+07:00,COMPLETED,20,1090.93,4.7234,1655.481,1696.949,852.22,27.048,238.492,FUEL202509,17893.81,18644.48,7617.43,True,Synthetic cost model; fuel unit-price benchmark from EPPO,True
T00519,R_BKK,LINEHAUL,V011,H_UBP,H_BKK,20250909_BKK,2025-09-09T14:30:00+07:00,2025-09-10T23:21:53+07:00,2025-09-09T14:30:00+07:00,2025-09-10T03:13:04+07:00,2025-09-10T15:13:04+07:00,2025-09-11T02:19:07+07:00,COMPLETED,19,1155.23,5.0922,1209.891,1242.686,633.493,20.65,189.614,FUEL202509,13547.24,14783.18,6056.27,True,Synthetic cost model; fuel unit-price benchmark from EPPO,True
T00520,R_RET,LINEHAUL,V022,H_UBP,H_RET,20250909_RET,2025-09-09T17:00:00+07:00,2025-09-10T07:54:04+07:00,2025-09-09T17:00:00+07:00,2025-09-09T21:15:38+07:00,2025-09-10T05:15:38+07:00,2025-09-10T08:31:24+07:00,COMPLETED,18,1350.84,6.3452,344.211,345.428,173.257,5.481,67.055,FUEL202509,5528.7,5663.45,2141.74,True,Synthetic cost model; fuel unit-price benchmark from EPPO,True
T00521,R_CNX,LINEHAUL,V005,H_UBP,H_CNX,20250909_CNX,2025-09-09T17:00:00+07:00,2025-09-11T12:11:30+07:00,2025-09-09T17:00:00+07:00,2025-09-10T08:48:08+07:00,2025-09-10T20:48:08+07:00,2025-09-11T12:45:37+07:00,COMPLETED,19,1279.32,5.4552,1850.224,1889.369,944.516,29.952,261.677,FUEL202509,19800.96,20415.55,8357.96,True,Synthetic cost model; fuel unit-price benchmark from EPPO,True
T00522,R_BKK,LINEHAUL,V014,H_UBP,H_BKK,20250909_BKK,2025-09-09T17:30:00+07:00,2025-09-11T02:21:53+07:00,2025-09-09T17:30:00+07:00,2025-09-10T05:29:36+07:00,2025-09-10T17:29:36+07:00,2025-09-11T04:28:44+07:00,COMPLETED,20,1865.28,7.8839,1209.891,1227.686,614.754,20.96,231.512,FUEL202509,17613.42,18351.63,7394.49,True,Synthetic cost model; fuel unit-price benchmark from EPPO,True
T00523,R_KKC,LINEHAUL,V002,H_UBP,H_KKC,20250910_KKC,2025-09-10T11:00:00+07:00,2025-09-11T05:37:19+07:00,2025-09-10T11:00:00+07:00,2025-09-10T17:53:22+07:00,2025-09-11T01:53:22+07:00,2025-09-11T06:59:12+07:00,COMPLETED,19,1497.1,6.5113,574.88,583.799,294.457,9.169,82.177,FUEL202509,6686.74,6872.52,2624.73,True,Synthetic cost model; fuel unit-price benchmark from EPPO,True
T00524,R_CNX,LINEHAUL,V015,H_UBP,H_CNX,20250911_CNX,2025-09-11T09:00:00+07:00,2025-09-13T04:11:30+07:00,2025-09-11T09:00:00+07:00,2025-09-12T02:29:40+07:00,2025-09-12T14:29:40+07:00,2025-09-13T06:01:09+07:00,COMPLETED,19,934.97,4.2526,1850.224,1880.335,939.679,29.703,361.876,FUEL202509,25918.99,26838.56,11558.32,True,Synthetic cost model; fuel unit-price benchmark from EPPO,True
T00525,R_KKC,LINEHAUL,V020,H_UBP,H_KKC,20250911_KKC,2025-09-11T09:15:00+07:00,2025-09-12T03:52:19+07:00,2025-09-11T09:15:00+07:00,2025-09-11T14:56:38+07:00,2025-09-11T22:56:38+07:00,2025-09-12T04:05:00+07:00,COMPLETED,19,1371.81,5.9172,574.88,586.602,291.881,9.276,119.471,FUEL202509,8632.88,9162.59,3815.9,True,Synthetic cost model; fuel unit-price benchmark from EPPO,True
T00526,R_CNX,LINEHAUL,V021,H_UBP,H_CNX,20250911_CNX,2025-09-11T13:00:00+07:00,2025-09-13T08:11:30+07:00,2025-09-11T13:00:00+07:00,2025-09-12T07:31:25+07:00,2025-09-12T19:31:25+07:00,2025-09-13T10:43:23+07:00,COMPLETED,20,1336.13,6.4162,1850.224,1890.122,947.558,30.69,352.879,FUEL202509,25961.79,26824.66,11270.96,True,Synthetic cost model; fuel unit-price benchmark from EPPO,True
T00527,R_BKK,LINEHAUL,V024,H_UBP,H_BKK,20250911_BKK,2025-09-11T16:15:00+07:00,2025-09-13T01:06:53+07:00,2025-09-11T16:15:00+07:00,2025-09-12T02:59:54+07:00,2025-09-12T14:59:54+07:00,2025-09-13T01:24:56+07:00,COMPLETED,19,1226.67,5.0181,1209.891,1228.219,612.433,19.364,233.396,FUEL202509,17570.62,18034.54,7454.67,True,Synthetic cost model; fuel unit-price benchmark from EPPO,True
T00528,R_KKC,LINEHAUL,V006,H_UBP,H_KKC,20250911_KKC,2025-09-11T17:45:00+07:00,2025-09-12T12:22:19+07:00,2025-09-11T17:45:00+07:00,2025-09-12T00:41:52+07:00,2025-09-12T08:41:52+07:00,2025-09-12T14:15:33+07:00,COMPLETED,20,1278.39,5.4712,574.88,579.145,290.62,9.848,77.796,FUEL202509,6727.14,6874.32,2484.8,True,Synthetic cost model; fuel unit-price benchmark from EPPO,True
T00529,R_CNX,LINEHAUL,V018,H_UBP,H_CNX,20250911_CNX,2025-09-11T17:45:00+07:00,2025-09-13T12:56:30+07:00,2025-09-11T17:45:00+07:00,2025-09-12T09:11:25+07:00,2025-09-12T21:11:25+07:00,2025-09-13T12:43:57+07:00,COMPLETED,18,1384.96,5.4125,1850.224,1874.735,945.464,29.576,329.417,FUEL202509,25876.19,25710.29,10521.58,True,Synthetic cost model; fuel unit-price benchmark from EPPO,True
T00530,R_RET,LINEHAUL,V022,H_UBP,H_RET,20250911_RET,2025-09-11T19:00:00+07:00,2025-09-12T09:54:04+07:00,2025-09-11T19:00:00+07:00,2025-09-11T23:26:30+07:00,2025-09-12T07:26:30+07:00,2025-09-12T10:56:13+07:00,COMPLETED,20,1562.08,6.9793,344.211,349.441,176.609,5.839,68.929,FUEL202509,5614.3,5894.59,2201.59,True,Synthetic cost model; fuel unit-price benchmark from EPPO,True
T00531,R_NMA,LINEHAUL,V008,H_UBP,H_NMA,20250912_NMA,2025-09-12T11:00:00+07:00,2025-09-13T08:33:22+07:00,2025-09-12T11:00:00+07:00,2025-09-12T19:54:16+07:00,2025-09-13T03:54:16+07:00,2025-09-13T10:36:21+07:00,COMPLETED,20,1651.32,7.5713,756.817,763.816,385.718,12.59,109.401,FUEL202509,8546.62,8904.03,3494.27,True,Synthetic cost model; fuel unit-price benchmark from EPPO,True
T00532,R_CNX,LINEHAUL,V011,H_UBP,H_CNX,20250912_CNX,2025-09-12T11:00:00+07:00,2025-09-14T06:11:30+07:00,2025-09-12T11:00:00+07:00,2025-09-13T04:16:44+07:00,2025-09-13T16:16:44+07:00,2025-09-14T08:29:24+07:00,COMPLETED,20,1321.73,5.7446,1850.224,1899.011,969.418,31.115,290.643,FUEL202509,19841.36,21607.76,9283.14,True,Synthetic cost model; fuel unit-price benchmark from EPPO,True
T00533,R_CNX,LINEHAUL,V010,H_UBP,H_CNX,20250912_CNX,2025-09-12T11:30:00+07:00,2025-09-14T06:41:30+07:00,2025-09-12T11:30:00+07:00,2025-09-13T04:53:11+07:00,2025-09-13T16:53:11+07:00,2025-09-14T08:35:44+07:00,COMPLETED,19,1293.39,5.8223,1850.224,1886.648,933.082,30.946,270.819,FUEL202509,19800.96,20868.3,8649.96,True,Synthetic cost model; fuel unit-price benchmark from EPPO,True
T00534,R_RET,LINEHAUL,V009,H_UBP,H_RET,20250912_RET,2025-09-12T19:15:00+07:00,2025-09-13T10:09:04+07:00,2025-09-12T19:15:00+07:00,2025-09-13T07:16:03+07:00,2025-09-13T15:16:03+07:00,2025-09-13T18:52:51+07:00,COMPLETED,20,1470.82,6.8572,344.211,354.038,178.931,5.943,52.865,FUEL202509,4420.32,4738.97,1688.51,True,Synthetic cost model; fuel unit-price benchmark from EPPO,True
T00535,R_UTH,LINEHAUL,V007,H_UBP,H_UTH,20250913_UTH,2025-09-13T10:15:00+07:00,2025-09-14T12:41:05+07:00,2025-09-13T10:15:00+07:00,2025-09-14T07:34:53+07:00,2025-09-14T19:34:53+07:00,2025-09-15T02:36:31+07:00,COMPLETED,20,1340.25,5.9331,811.254,826.324,420.07,13.339,109.72,FUEL202509,9451.03,9588.99,3504.46,True,Synthetic cost model; fuel unit-price benchmark from EPPO,True
T00536,R_CNX,LINEHAUL,V003,H_UBP,H_CNX,20250913_CNX,2025-09-13T12:15:00+07:00,2025-09-15T07:26:30+07:00,2025-09-13T12:15:00+07:00,2025-09-14T05:20:35+07:00,2025-09-14T17:20:35+07:00,2025-09-15T08:34:46+07:00,COMPLETED,20,1892.62,9.1634,1850.224,1869.096,940.634,29.313,261.043,FUEL202509,19841.36,20266.26,8337.71,True,Synthetic cost model; fuel unit-price benchmark from EPPO,True
T00537,R_CNX,LINEHAUL,V023,H_UBP,H_CNX,20250913_CNX,2025-09-13T13:30:00+07:00,2025-09-15T08:41:30+07:00,2025-09-13T13:30:00+07:00,2025-09-14T06:45:10+07:00,2025-09-14T18:45:10+07:00,2025-09-15T10:21:33+07:00,COMPLETED,20,1230.85,6.0169,1850.224,1877.795,948.03,30.623,362.785,FUEL202509,25961.79,27074.09,11587.35,True,Synthetic cost model; fuel unit-price benchmark from EPPO,True
T00538,R_CNX,LINEHAUL,V014,H_UBP,H_CNX,20250914_CNX,2025-09-14T11:15:00+07:00,2025-09-16T06:26:30+07:00,2025-09-14T11:15:00+07:00,2025-09-15T04:58:23+07:00,2025-09-15T16:58:23+07:00,2025-09-16T09:45:36+07:00,COMPLETED,18,1433.33,7.0255,1850.224,1880.114,938.189,31.183,357.848,FUEL202509,25876.19,26947.4,11429.67,True,Synthetic cost model; fuel unit-price benchmark from EPPO,True
T00539,R_LPT,LINEHAUL,V020,H_UBP,H_LPT,20250914_LPT,2025-09-14T14:00:00+07:00,2025-09-16T06:03:04+07:00,2025-09-14T14:00:00+07:00,2025-09-15T05:33:19+07:00,2025-09-15T17:33:19+07:00,2025-09-16T07:17:59+07:00,COMPLETED,20,1465.96,7.0968,1655.481,1682.511,848.008,26.915,355.291,FUEL202509,23377.19,25270.83,11347.99,True,Synthetic cost model; fuel unit-price benchmark from EPPO,True
T00540,R_BKK,LINEHAUL,V019,H_UBP,H_BKK,20250914_BKK,2025-09-14T14:15:00+07:00,2025-09-15T23:06:53+07:00,2025-09-14T14:15:00+07:00,2025-09-15T00:49:44+07:00,2025-09-15T12:49:44+07:00,2025-09-16T00:00:08+07:00,COMPLETED,19,1301.15,6.5981,1209.891,1232.759,609.784,20.192,237.669,FUEL202509,17570.62,18348.44,7591.15,True,Synthetic cost model; fuel unit-price benchmark from EPPO,True
T00541,R_KSN,LINEHAUL,V016,H_UBP,H_KSN,20250914_KSN,2025-09-14T17:30:00+07:00,2025-09-15T09:57:41+07:00,2025-09-14T17:30:00+07:00,2025-09-14T23:45:35+07:00,2025-09-15T07:45:35+07:00,2025-09-15T11:58:58+07:00,COMPLETED,20,1684.6,7.9195,440.891,444.926,220.908,7.114,84.216,FUEL202509,6897.41,7045.27,2689.86,True,Synthetic cost model; fuel unit-price benchmark from EPPO,True
T00542,R_BKK,LINEHAUL,V001,H_UBP,H_BKK,20250914_BKK,2025-09-14T18:45:00+07:00,2025-09-16T03:36:53+07:00,2025-09-14T18:45:00+07:00,2025-09-15T06:19:13+07:00,2025-09-15T18:19:13+07:00,2025-09-16T04:28:39+07:00,COMPLETED,19,1694.95,7.6925,1209.891,1241.765,626.752,19.487,174.125,FUEL202509,13547.24,13982.05,5561.55,True,Synthetic cost model; fuel unit-price benchmark from EPPO,True
T00543,R_CNX,LINEHAUL,V004,H_UBP,H_CNX,20250915_CNX,2025-09-15T12:00:00+07:00,2025-09-17T07:11:30+07:00,2025-09-15T12:00:00+07:00,2025-09-16T04:34:26+07:00,2025-09-16T16:34:26+07:00,2025-09-17T08:41:04+07:00,COMPLETED,20,1326.55,6.4551,1850.224,1903.752,956.113,30.364,268.274,FUEL202509,19841.36,20779.84,8568.67,True,Synthetic cost model; fuel unit-price benchmark from EPPO,True
T00544,R_SSK,LINEHAUL,V002,H_UBP,H_SSK,20250915_SSK,2025-09-15T13:15:00+07:00,2025-09-16T00:49:33+07:00,2025-09-15T13:15:00+07:00,2025-09-15T15:31:10+07:00,2025-09-15T23:31:10+07:00,2025-09-16T01:11:47+07:00,COMPLETED,20,2103.31,9.4222,138.032,139.261,69.266,2.27,19.131,FUEL202509,2358.4,2392.64,611.04,True,Synthetic cost model; fuel unit-price benchmark from EPPO,True
T00545,R_BKK,LINEHAUL,V013,H_UBP,H_BKK,20250915_BKK,2025-09-15T14:15:00+07:00,2025-09-16T23:06:53+07:00,2025-09-15T14:15:00+07:00,2025-09-16T02:18:16+07:00,2025-09-16T14:18:16+07:00,2025-09-17T01:33:17+07:00,COMPLETED,20,1354.51,6.1292,1209.891,1250.871,631.889,20.648,232.181,FUEL202509,17613.42,18355.72,7415.86,True,Synthetic cost model; fuel unit-price benchmark from EPPO,True
T00546,R_CNX,LINEHAUL,V024,H_UBP,H_CNX,20250915_CNX,2025-09-15T15:15:00+07:00,2025-09-17T10:26:30+07:00,2025-09-15T15:15:00+07:00,2025-09-16T07:57:12+07:00,2025-09-16T19:57:12+07:00,2025-09-17T11:22:09+07:00,COMPLETED,19,1301.53,5.7706,1850.224,1908.692,966.89,30.011,380.924,FUEL202509,25918.99,27630.18,12166.71,True,Synthetic cost model; fuel unit-price benchmark from EPPO,True
T00547,R_UTH,LINEHAUL,V015,H_UBP,H_UTH,20250916_UTH,2025-09-16T10:00:00+07:00,2025-09-17T12:26:05+07:00,2025-09-16T10:00:00+07:00,2025-09-16T18:52:04+07:00,2025-09-17T06:52:04+07:00,2025-09-17T14:15:20+07:00,COMPLETED,20,1466.19,6.1549,811.254,825.904,413.599,13.259,159.681,FUEL202509,12172.79,12659.46,5100.21,True,Synthetic cost model; fuel unit-price benchmark from EPPO,True
T00548,R_CNX,LINEHAUL,V008,H_UBP,H_CNX,20250916_CNX,2025-09-16T12:15:00+07:00,2025-09-18T07:26:30+07:00,2025-09-16T12:15:00+07:00,2025-09-17T06:03:52+07:00,2025-09-17T18:03:52+07:00,2025-09-18T10:13:37+07:00,COMPLETED,20,1391.93,6.0144,1850.224,1892.367,938.426,30.699,260.173,FUEL202509,19841.36,20543.79,8309.93,True,Synthetic cost model; fuel unit-price benchmark from EPPO,True
T00549,R_CNX,LINEHAUL,V007,H_UBP,H_CNX,20250916_CNX,2025-09-16T14:30:00+07:00,2025-09-18T09:41:30+07:00,2025-09-16T14:30:00+07:00,2025-09-17T09:04:39+07:00,2025-09-17T21:04:39+07:00,2025-09-18T12:59:40+07:00,COMPLETED,20,1534.92,7.2761,1850.224,1865.104,924.427,31.243,244.887,FUEL202509,19841.36,20066.38,7821.69,True,Synthetic cost model; fuel unit-price benchmark from EPPO,True
T00550,R_BKK,LINEHAUL,V009,H_UBP,H_BKK,20250917_BKK,2025-09-17T12:45:00+07:00,2025-09-18T21:36:53+07:00,2025-09-17T12:45:00+07:00,2025-09-18T00:09:09+07:00,2025-09-18T12:09:09+07:00,2025-09-18T22:59:41+07:00,COMPLETED,20,1536.28,7.0246,1209.891,1231.736,609.189,20.721,183.909,FUEL202509,13587.64,14582.43,5874.05,True,Synthetic cost model; fuel unit-price benchmark from EPPO,True
T00551,R_CNX,LINEHAUL,V021,H_UBP,H_CNX,20250917_CNX,2025-09-17T13:15:00+07:00,2025-09-19T08:26:30+07:00,2025-09-17T13:15:00+07:00,2025-09-18T13:38:01+07:00,2025-09-19T01:38:01+07:00,2025-09-19T17:47:56+07:00,COMPLETED,20,1400.82,6.4368,1850.224,1886.72,959.396,30.758,352.601,FUEL202509,25961.79,26813.61,11262.08,True,Synthetic cost model; fuel unit-price benchmark from EPPO,True
T00552,R_BKK,LINEHAUL,V018,H_UBP,H_BKK,20250917_BKK,2025-09-17T15:30:00+07:00,2025-09-19T00:21:53+07:00,2025-09-17T15:30:00+07:00,2025-09-18T03:20:54+07:00,2025-09-18T15:20:54+07:00,2025-09-19T01:29:47+07:00,COMPLETED,20,1433.4,6.4277,1209.891,1235.629,617.748,19.686,220.02,FUEL202509,17613.42,17738.24,7027.44,True,Synthetic cost model; fuel unit-price benchmark from EPPO,True
T00553,R_BKK,LINEHAUL,V006,H_UBP,H_BKK,20250917_BKK,2025-09-17T19:15:00+07:00,2025-09-19T04:06:53+07:00,2025-09-17T19:15:00+07:00,2025-09-18T06:48:16+07:00,2025-09-18T18:48:16+07:00,2025-09-19T04:47:31+07:00,COMPLETED,20,1462.74,6.6122,1209.891,1231.92,625.297,19.794,169.735,FUEL202509,13587.64,13945.64,5421.34,True,Synthetic cost model; fuel unit-price benchmark from EPPO,True
T00554,R_NMA,LINEHAUL,V003,H_UBP,H_NMA,20250918_NMA,2025-09-18T09:30:00+07:00,2025-09-19T07:03:22+07:00,2025-09-18T09:30:00+07:00,2025-09-18T17:47:44+07:00,2025-09-19T01:47:44+07:00,2025-09-19T08:42:45+07:00,COMPLETED,20,1592.24,6.5885,756.817,782.233,395.903,12.726,110.159,FUEL202509,8546.62,9006.53,3518.48,True,Synthetic cost model; fuel unit-price benchmark from EPPO,True
T00555,R_LPT,LINEHAUL,V022,H_UBP,H_LPT,20250918_LPT,2025-09-18T09:45:00+07:00,2025-09-20T01:48:04+07:00,2025-09-18T09:45:00+07:00,2025-09-18T23:45:55+07:00,2025-09-19T11:45:55+07:00,2025-09-20T02:08:05+07:00,COMPLETED,20,1215.76,5.904,1655.481,1682.948,832.905,26.851,319.392,FUEL202509,23377.19,24114.07,10201.38,True,Synthetic cost model; fuel unit-price benchmark from EPPO,True
T00556,R_SSK,LINEHAUL,V016,H_UBP,H_SSK,20250918_SSK,2025-09-18T09:45:00+07:00,2025-09-18T21:19:33+07:00,2025-09-18T09:45:00+07:00,2025-09-18T12:31:19+07:00,2025-09-18T20:31:19+07:00,2025-09-18T22:12:47+07:00,COMPLETED,19,1259.21,6.115,138.032,139.652,68.831,2.15,27.234,FUEL202509,2835.13,2896.11,869.85,True,Synthetic cost model; fuel unit-price benchmark from EPPO,True
T00557,R_KKC,LINEHAUL,V015,H_UBP,H_KKC,20250918_KKC,2025-09-18T10:30:00+07:00,2025-09-19T05:07:19+07:00,2025-09-18T10:30:00+07:00,2025-09-18T17:31:21+07:00,2025-09-19T01:31:21+07:00,2025-09-19T06:51:34+07:00,COMPLETED,20,1626.88,8.0908,574.88,582.482,287.468,9.339,114.193,FUEL202509,8675.68,9030.56,3647.32,True,Synthetic cost model; fuel unit-price benchmark from EPPO,True
T00558,R_CNX,LINEHAUL,V005,H_UBP,H_CNX,20250918_CNX,2025-09-18T11:30:00+07:00,2025-09-20T06:41:30+07:00,2025-09-18T11:30:00+07:00,2025-09-19T05:26:24+07:00,2025-09-19T17:26:24+07:00,2025-09-20T09:40:14+07:00,COMPLETED,19,1019.85,4.7645,1850.224,1898.888,953.186,31.888,259.744,FUEL202509,19800.96,20711.45,8296.22,True,Synthetic cost model; fuel unit-price benchmark from EPPO,True
T00559,R_KSN,LINEHAUL,V023,H_UBP,H_KSN,20250918_KSN,2025-09-18T14:00:00+07:00,2025-09-19T06:27:41+07:00,2025-09-18T14:00:00+07:00,2025-09-18T19:46:57+07:00,2025-09-19T03:46:57+07:00,2025-09-19T07:53:43+07:00,COMPLETED,20,1662.17,7.268,440.891,447.166,222.274,6.945,84.886,FUEL202509,6897.41,7044.35,2711.26,True,Synthetic cost model; fuel unit-price benchmark from EPPO,True
T00560,R_CNX,LINEHAUL,V019,H_UBP,H_CNX,20250918_CNX,2025-09-18T16:00:00+07:00,2025-09-20T11:11:30+07:00,2025-09-18T16:00:00+07:00,2025-09-19T09:15:03+07:00,2025-09-19T21:15:03+07:00,2025-09-20T13:28:42+07:00,COMPLETED,19,1103.8,5.2971,1850.224,1897.804,959.043,30.558,362.583,FUEL202509,25918.99,27100.4,11580.9,True,Synthetic cost model; fuel unit-price benchmark from EPPO,True
T00561,R_CNX,LINEHAUL,V002,H_UBP,H_CNX,20250918_CNX,2025-09-18T16:00:00+07:00,2025-09-20T11:11:30+07:00,2025-09-18T16:00:00+07:00,2025-09-19T08:58:11+07:00,2025-09-19T20:58:11+07:00,2025-09-20T13:23:00+07:00,COMPLETED,19,1252.83,5.9153,1850.224,1917.633,965.99,31.09,263.016,FUEL202509,19800.96,20736.6,8400.73,True,Synthetic cost model; fuel unit-price benchmark from EPPO,True
T00562,R_KKC,LINEHAUL,V013,H_UBP,H_KKC,20250918_KKC,2025-09-18T17:45:00+07:00,2025-09-19T12:22:19+07:00,2025-09-18T17:45:00+07:00,2025-09-19T10:14:00+07:00,2025-09-19T18:14:00+07:00,2025-09-19T23:35:28+07:00,COMPLETED,20,1467.6,7.1173,574.88,583.31,288.945,9.33,106.801,FUEL202509,8675.68,8796.47,3411.22,True,Synthetic cost model; fuel unit-price benchmark from EPPO,True
T00563,R_CNX,LINEHAUL,V010,H_UBP,H_CNX,20250918_CNX,2025-09-18T19:15:00+07:00,2025-09-20T14:26:30+07:00,2025-09-18T19:15:00+07:00,2025-09-19T11:11:48+07:00,2025-09-19T23:11:48+07:00,2025-09-20T14:38:59+07:00,COMPLETED,20,1617.61,7.4225,1850.224,1871.281,935.025,29.548,268.107,FUEL202509,19841.36,20538.38,8563.34,True,Synthetic cost model; fuel unit-price benchmark from EPPO,True
T00564,R_CNX,LINEHAUL,V008,H_UBP,H_CNX,20250919_CNX,2025-09-19T10:30:00+07:00,2025-09-21T05:41:30+07:00,2025-09-19T10:30:00+07:00,2025-09-20T02:48:37+07:00,2025-09-20T14:48:37+07:00,2025-09-21T07:38:19+07:00,COMPLETED,20,1404.59,6.4338,1850.224,1902.258,960.092,31.184,261.757,FUEL202509,19841.36,20706.66,8360.52,True,Synthetic cost model; fuel unit-price benchmark from EPPO,True
T00565,R_LPT,LINEHAUL,V016,H_UBP,H_LPT,20250919_LPT,2025-09-19T17:15:00+07:00,2025-09-21T09:18:04+07:00,2025-09-19T17:15:00+07:00,2025-09-20T21:03:08+07:00,2025-09-21T09:03:08+07:00,2025-09-21T22:43:55+07:00,COMPLETED,20,1531.49,7.0434,1655.481,1674.703,836.619,26.054,323.279,FUEL202509,23377.19,24050.49,10325.53,True,Synthetic cost model; fuel unit-price benchmark from EPPO,True
T00566,R_SSK,LINEHAUL,V011,H_UBP,H_SSK,20250920_SSK,2025-09-20T08:30:00+07:00,2025-09-20T20:04:33+07:00,2025-09-20T08:30:00+07:00,2025-09-20T10:29:59+07:00,2025-09-20T18:29:59+07:00,2025-09-20T20:17:55+07:00,COMPLETED,19,1653.42,7.0805,138.032,142.402,71.4,2.3,21.907,FUEL202509,2318.0,2455.54,699.71,True,Synthetic cost model; fuel unit-price benchmark from EPPO,True
T00567,R_CNX,LINEHAUL,V021,H_UBP,H_CNX,20250921_CNX,2025-09-21T12:00:00+07:00,2025-09-23T07:11:30+07:00,2025-09-21T12:00:00+07:00,2025-09-22T05:34:22+07:00,2025-09-22T17:34:22+07:00,2025-09-23T08:52:59+07:00,COMPLETED,20,1314.39,5.87,1850.224,1871.309,942.802,29.785,349.356,FUEL202509,25961.79,26457.42,11158.43,True,Synthetic cost model; fuel unit-price benchmark from EPPO,True
T00568,R_CNX,LINEHAUL,V023,H_UBP,H_CNX,20250921_CNX,2025-09-21T12:30:00+07:00,2025-09-23T07:41:30+07:00,2025-09-21T12:30:00+07:00,2025-09-22T05:52:31+07:00,2025-09-22T17:52:31+07:00,2025-09-23T10:21:21+07:00,COMPLETED,20,1102.81,4.9765,1850.224,1898.515,957.154,31.357,366.368,FUEL202509,25961.79,27419.02,11701.79,True,Synthetic cost model; fuel unit-price benchmark from EPPO,True
T00569,R_CNX,LINEHAUL,V015,H_UBP,H_CNX,20250921_CNX,2025-09-21T15:00:00+07:00,2025-09-23T10:11:30+07:00,2025-09-21T15:00:00+07:00,2025-09-22T08:32:07+07:00,2025-09-22T20:32:07+07:00,2025-09-23T13:20:32+07:00,COMPLETED,20,1399.01,6.5775,1850.224,1866.94,924.872,31.474,360.622,FUEL202509,25961.79,27118.91,11518.27,True,Synthetic cost model; fuel unit-price benchmark from EPPO,True
T00570,R_CNX,LINEHAUL,V009,H_UBP,H_CNX,20250921_CNX,2025-09-21T15:45:00+07:00,2025-09-23T10:56:30+07:00,2025-09-21T15:45:00+07:00,2025-09-22T08:09:08+07:00,2025-09-22T20:09:08+07:00,2025-09-23T12:43:48+07:00,COMPLETED,20,1418.38,6.9311,1850.224,1889.791,943.349,31.199,278.001,FUEL202509,19841.36,21190.63,8879.35,True,Synthetic cost model; fuel unit-price benchmark from EPPO,True
T00571,R_NMA,LINEHAUL,V011,H_UBP,H_NMA,20250921_NMA,2025-09-21T18:00:00+07:00,2025-09-22T15:33:22+07:00,2025-09-21T18:00:00+07:00,2025-09-22T02:10:04+07:00,2025-09-22T10:10:04+07:00,2025-09-22T16:48:50+07:00,COMPLETED,20,1649.51,8.003,756.817,770.708,386.652,12.186,120.16,FUEL202509,8546.62,9199.58,3837.91,True,Synthetic cost model; fuel unit-price benchmark from EPPO,True
T00572,R_CNX,LINEHAUL,V014,H_UBP,H_CNX,20250921_CNX,2025-09-21T18:30:00+07:00,2025-09-23T13:41:30+07:00,2025-09-21T18:30:00+07:00,2025-09-22T11:22:16+07:00,2025-09-22T23:22:16+07:00,2025-09-23T14:50:24+07:00,COMPLETED,20,1785.3,9.1537,1850.224,1891.519,959.005,30.614,356.604,FUEL202509,25961.79,26935.31,11389.93,True,Synthetic cost model; fuel unit-price benchmark from EPPO,True
T00573,R_BKK,LINEHAUL,V003,H_UBP,H_BKK,20250922_BKK,2025-09-22T15:00:00+07:00,2025-09-23T23:51:53+07:00,2025-09-22T15:00:00+07:00,2025-09-23T04:12:00+07:00,2025-09-23T16:12:00+07:00,2025-09-24T02:30:31+07:00,COMPLETED,19,1232.25,6.0701,1209.891,1238.425,617.342,20.301,173.122,FUEL202509,13547.24,14148.86,5529.52,True,Synthetic cost model; fuel unit-price benchmark from EPPO,True
T00574,R_BKK,LINEHAUL,V006,H_UBP,H_BKK,20250922_BKK,2025-09-22T16:15:00+07:00,2025-09-24T01:06:53+07:00,2025-09-22T16:15:00+07:00,2025-09-23T19:19:10+07:00,2025-09-24T07:19:10+07:00,2025-09-24T17:25:47+07:00,COMPLETED,19,1393.21,6.1934,1209.891,1235.354,619.878,19.888,169.881,FUEL202509,13547.24,14027.72,5426.0,True,Synthetic cost model; fuel unit-price benchmark from EPPO,True
T00575,R_CNX,LINEHAUL,V001,H_UBP,H_CNX,20250922_CNX,2025-09-22T19:00:00+07:00,2025-09-24T14:11:30+07:00,2025-09-22T19:00:00+07:00,2025-09-23T13:29:38+07:00,2025-09-24T01:29:38+07:00,2025-09-24T17:13:11+07:00,COMPLETED,20,1348.89,5.9347,1850.224,1893.586,965.577,31.641,267.587,FUEL202509,19841.36,20944.38,8546.73,True,Synthetic cost model; fuel unit-price benchmark from EPPO,True
T00576,R_BKK,LINEHAUL,V022,H_UBP,H_BKK,20250923_BKK,2025-09-23T09:15:00+07:00,2025-09-24T18:06:53+07:00,2025-09-23T09:15:00+07:00,2025-09-23T20:40:06+07:00,2025-09-24T08:40:06+07:00,2025-09-24T19:44:29+07:00,COMPLETED,19,1124.37,4.8142,1209.891,1220.075,606.283,20.322,234.483,FUEL202509,17570.62,18176.32,7489.39,True,Synthetic cost model; fuel unit-price benchmark from EPPO,True
T00577,R_SSK,LINEHAUL,V005,H_UBP,H_SSK,20250923_SSK,2025-09-23T10:15:00+07:00,2025-09-23T21:49:33+07:00,2025-09-23T10:15:00+07:00,2025-09-23T12:47:57+07:00,2025-09-23T20:47:57+07:00,2025-09-23T22:34:42+07:00,COMPLETED,19,1410.22,6.0887,138.032,139.813,69.682,2.34,19.002,FUEL202509,2318.0,2361.73,606.92,True,Synthetic cost model; fuel unit-price benchmark from EPPO,True
T00578,R_CNX,LINEHAUL,V013,H_UBP,H_CNX,20250923_CNX,2025-09-23T14:30:00+07:00,2025-09-25T09:41:30+07:00,2025-09-23T14:30:00+07:00,2025-09-24T07:04:59+07:00,2025-09-24T19:04:59+07:00,2025-09-25T11:42:01+07:00,COMPLETED,20,1467.42,6.5351,1850.224,1905.649,962.614,31.509,354.072,FUEL202509,25961.79,27086.65,11309.06,True,Synthetic cost model; fuel unit-price benchmark from EPPO,True
T00579,R_CNX,LINEHAUL,V011,H_UBP,H_CNX,20250923_CNX,2025-09-23T16:15:00+07:00,2025-09-25T11:26:30+07:00,2025-09-23T16:15:00+07:00,2025-09-24T08:30:32+07:00,2025-09-24T20:30:32+07:00,2025-09-25T12:38:17+07:00,COMPLETED,18,1159.89,5.6111,1850.224,1897.704,951.013,30.643,297.319,FUEL202509,19760.56,21656.0,9496.37,True,Synthetic cost model; fuel unit-price benchmark from EPPO,True
T00580,R_KSN,LINEHAUL,V021,H_UBP,H_KSN,20250924_KSN,2025-09-24T11:00:00+07:00,2025-09-25T03:27:41+07:00,2025-09-24T11:00:00+07:00,2025-09-24T17:17:27+07:00,2025-09-25T01:17:27+07:00,2025-09-25T05:34:13+07:00,COMPLETED,19,1320.54,5.8242,440.891,449.086,223.331,7.492,86.073,FUEL202509,6854.61,7151.9,2749.17,True,Synthetic cost model; fuel unit-price benchmark from EPPO,True
T00581,R_UTH,LINEHAUL,V006,H_UBP,H_UTH,20250925_UTH,2025-09-25T15:30:00+07:00,2025-09-26T17:56:05+07:00,2025-09-25T15:30:00+07:00,2025-09-25T23:36:12+07:00,2025-09-26T11:36:12+07:00,2025-09-26T18:55:48+07:00,COMPLETED,19,1348.32,6.0763,811.254,823.098,416.706,13.682,113.154,FUEL202509,9410.63,9707.03,3614.14,True,Synthetic cost model; fuel unit-price benchmark from EPPO,True
T00582,R_CNX,LINEHAUL,V012,H_UBP,H_CNX,20250925_CNX,2025-09-25T16:15:00+07:00,2025-09-27T11:26:30+07:00,2025-09-25T16:15:00+07:00,2025-09-26T09:01:48+07:00,2025-09-26T21:01:48+07:00,2025-09-27T12:50:10+07:00,COMPLETED,20,1591.44,6.8853,1850.224,1884.783,940.406,30.213,252.586,FUEL202509,19841.36,20196.11,8067.6,True,Synthetic cost model; fuel unit-price benchmark from EPPO,True
T00583,R_KSN,LINEHAUL,V018,H_UBP,H_KSN,20250925_KSN,2025-09-25T19:00:00+07:00,2025-09-26T11:27:41+07:00,2025-09-25T19:00:00+07:00,2025-09-26T01:20:16+07:00,2025-09-26T09:20:16+07:00,2025-09-26T13:34:51+07:00,COMPLETED,18,981.18,4.6763,440.891,451.065,229.536,7.471,79.439,FUEL202509,6811.81,6901.8,2537.28,True,Synthetic cost model; fuel unit-price benchmark from EPPO,True
T00584,R_LPT,LINEHAUL,V021,H_UBP,H_LPT,20250925_LPT,2025-09-25T19:15:00+07:00,2025-09-27T11:18:04+07:00,2025-09-25T19:15:00+07:00,2025-09-26T09:18:59+07:00,2025-09-26T21:18:59+07:00,2025-09-27T11:42:39+07:00,COMPLETED,20,1918.62,8.1392,1655.481,1668.049,836.148,26.76,317.159,FUEL202509,23377.19,23959.81,10130.06,True,Synthetic cost model; fuel unit-price benchmark from EPPO,True
T00585,R_CNX,LINEHAUL,V001,H_UBP,H_CNX,20250926_CNX,2025-09-26T09:30:00+07:00,2025-09-28T04:41:30+07:00,2025-09-26T09:30:00+07:00,2025-09-27T03:08:26+07:00,2025-09-27T15:08:26+07:00,2025-09-28T07:59:58+07:00,COMPLETED,20,1352.36,6.4048,1850.224,1881.661,930.249,31.33,259.917,FUEL202509,19841.36,20610.87,8301.75,True,Synthetic cost model; fuel unit-price benchmark from EPPO,True
T00586,R_BKK,LINEHAUL,V002,H_UBP,H_BKK,20250926_BKK,2025-09-26T10:30:00+07:00,2025-09-27T19:21:53+07:00,2025-09-26T10:30:00+07:00,2025-09-26T21:48:02+07:00,2025-09-27T09:48:02+07:00,2025-09-27T20:21:56+07:00,COMPLETED,19,1555.14,6.5939,1209.891,1217.018,609.611,20.4,165.602,FUEL202509,13547.24,13883.53,5289.33,True,Synthetic cost model; fuel unit-price benchmark from EPPO,True
T00587,R_CNX,LINEHAUL,V007,H_UBP,H_CNX,20250926_CNX,2025-09-26T14:15:00+07:00,2025-09-28T09:26:30+07:00,2025-09-26T14:15:00+07:00,2025-09-27T06:11:52+07:00,2025-09-27T18:11:52+07:00,2025-09-28T10:04:20+07:00,COMPLETED,20,1026.79,4.7605,1850.224,1890.48,949.629,30.318,246.133,FUEL202509,19841.36,20025.07,7861.49,True,Synthetic cost model; fuel unit-price benchmark from EPPO,True
T00588,R_BKK,LINEHAUL,V022,H_UBP,H_BKK,20250926_BKK,2025-09-26T18:45:00+07:00,2025-09-28T03:36:53+07:00,2025-09-26T18:45:00+07:00,2025-09-27T05:52:53+07:00,2025-09-27T17:52:53+07:00,2025-09-28T03:59:32+07:00,COMPLETED,20,1602.61,6.9294,1209.891,1224.834,616.879,19.647,230.302,FUEL202509,17613.42,18057.61,7355.85,True,Synthetic cost model; fuel unit-price benchmark from EPPO,True
T00589,R_CNX,LINEHAUL,V024,H_UBP,H_CNX,20250927_CNX,2025-09-27T09:45:00+07:00,2025-09-29T04:56:30+07:00,2025-09-27T09:45:00+07:00,2025-09-28T01:25:10+07:00,2025-09-28T13:25:10+07:00,2025-09-29T05:21:21+07:00,COMPLETED,19,1505.09,7.5714,1850.224,1890.483,942.881,30.112,372.517,FUEL202509,25918.99,27300.86,11898.19,True,Synthetic cost model; fuel unit-price benchmark from EPPO,True
T00590,R_NMA,LINEHAUL,V016,H_UBP,H_NMA,20250928_NMA,2025-09-28T13:30:00+07:00,2025-09-29T11:03:22+07:00,2025-09-28T13:30:00+07:00,2025-09-28T21:08:59+07:00,2025-09-29T05:08:59+07:00,2025-09-29T11:55:03+07:00,COMPLETED,20,1020.29,4.8644,756.817,778.0,395.627,12.709,151.611,FUEL202509,11090.31,11726.3,4842.46,True,Synthetic cost model; fuel unit-price benchmark from EPPO,True
T00591,R_LPT,LINEHAUL,V021,H_UBP,H_LPT,20250928_LPT,2025-09-28T15:00:00+07:00,2025-09-30T07:03:04+07:00,2025-09-28T15:00:00+07:00,2025-09-29T05:46:08+07:00,2025-09-29T17:46:08+07:00,2025-09-30T07:40:46+07:00,COMPLETED,20,1328.16,5.7326,1655.481,1695.995,847.823,26.536,320.771,FUEL202509,23377.19,24155.61,10245.43,True,Synthetic cost model; fuel unit-price benchmark from EPPO,True
T00592,R_NMA,LINEHAUL,V018,H_UBP,H_NMA,20250928_NMA,2025-09-28T16:00:00+07:00,2025-09-29T13:33:22+07:00,2025-09-28T16:00:00+07:00,2025-09-29T00:38:05+07:00,2025-09-29T08:38:05+07:00,2025-09-29T15:35:48+07:00,COMPLETED,20,1201.1,5.5326,756.817,768.961,382.574,12.654,136.62,FUEL202509,11090.31,11197.37,4363.64,True,Synthetic cost model; fuel unit-price benchmark from EPPO,True
T00593,R_KSN,LINEHAUL,V015,H_UBP,H_KSN,20250929_KSN,2025-09-29T09:00:00+07:00,2025-09-30T01:27:41+07:00,2025-09-29T09:00:00+07:00,2025-09-29T13:59:24+07:00,2025-09-29T21:59:24+07:00,2025-09-30T02:20:00+07:00,COMPLETED,20,1540.95,7.2634,440.891,450.742,226.421,7.359,88.372,FUEL202509,6897.41,7250.08,2822.6,True,Synthetic cost model; fuel unit-price benchmark from EPPO,True
T00594,R_CNX,LINEHAUL,V013,H_UBP,H_CNX,20250929_CNX,2025-09-29T14:30:00+07:00,2025-10-01T09:41:30+07:00,2025-09-29T14:30:00+07:00,2025-09-30T08:12:24+07:00,2025-09-30T20:12:24+07:00,,RETURNING,20,1733.79,7.6869,1850.224,,950.125,,,FUEL202509,25961.79,,,False,Synthetic cost model; fuel unit-price benchmark from EPPO,True
T00595,R_LPT,LINEHAUL,V003,H_UBP,H_LPT,20250929_LPT,2025-09-29T15:30:00+07:00,2025-10-01T07:33:04+07:00,2025-09-29T15:30:00+07:00,2025-09-30T23:04:15+07:00,,,AT_DESTINATION,20,1782.41,7.771,1655.481,,848.896,,,FUEL202509,17893.81,,,False,Synthetic cost model; fuel unit-price benchmark from EPPO,True
T00596,R_CNX,LINEHAUL,V005,H_UBP,H_CNX,20250929_CNX,2025-09-29T18:45:00+07:00,2025-10-01T13:56:30+07:00,2025-09-29T18:45:00+07:00,2025-09-30T10:44:35+07:00,2025-09-30T22:44:35+07:00,,RETURNING,19,1614.49,6.8857,1850.224,,944.143,,,FUEL202509,19800.96,,,False,Synthetic cost model; fuel unit-price benchmark from EPPO,True
T00597,R_RYG,LINEHAUL,V024,H_UBP,H_RYG,20250930_RYG,2025-09-30T10:30:00+07:00,2025-10-01T21:13:30+07:00,2025-09-30T10:30:00+07:00,2025-09-30T23:00:49+07:00,,,AT_DESTINATION,19,1309.37,5.7887,1325.236,,694.817,,,FUEL202509,19101.46,,,False,Synthetic cost model; fuel unit-price benchmark from EPPO,True
T00598,R_KKC,LINEHAUL,V007,H_UBP,H_KKC,20250930_KKC,2025-09-30T11:45:00+07:00,2025-10-01T06:22:19+07:00,2025-09-30T11:45:00+07:00,2025-09-30T17:42:39+07:00,,,AT_DESTINATION,20,1316.57,5.614,574.88,,301.665,,,FUEL202509,6727.14,,,False,Synthetic cost model; fuel unit-price benchmark from EPPO,True
T00599,R_KKC,LINEHAUL,V016,H_UBP,H_KKC,20250930_KKC,2025-09-30T16:00:00+07:00,2025-10-01T10:37:19+07:00,2025-09-30T16:00:00+07:00,2025-09-30T21:44:27+07:00,,,AT_DESTINATION,19,1093.0,4.9496,574.88,,298.753,,,FUEL202509,8632.88,,,False,Synthetic cost model; fuel unit-price benchmark from EPPO,True
T00600,R_KKC,LINEHAUL,V006,H_UBP,H_KKC,20250930_KKC,2025-09-30T19:00:00+07:00,2025-10-01T13:37:19+07:00,2025-09-30T19:00:00+07:00,,,,IN_TRANSIT,20,1372.88,6.235,574.88,,,,,FUEL202509,6727.14,,,False,Synthetic cost model; fuel unit-price benchmark from EPPO,True
T00601,L_CNX,LAST_MILE,V025,H_CNX,H_CNX,20250402_CNX,2025-04-02T10:37:00+07:00,2025-04-02T14:48:03+07:00,2025-04-02T10:37:00+07:00,,,2025-04-02T15:31:01+07:00,COMPLETED,19,1347.38,5.4587,54.2,53.319,53.319,1.938,6.783,FUEL202504,822.22,840.53,216.65,True,Synthetic cost model; fuel unit-price benchmark from EPPO,True
T00602,L_BKK,LAST_MILE,V030,H_BKK,H_BKK,20250403_BKK,2025-04-03T08:30:00+07:00,2025-04-03T12:55:01+07:00,2025-04-03T08:30:00+07:00,,,2025-04-03T14:21:13+07:00,COMPLETED,20,1596.61,7.0841,56.0,56.477,56.477,2.032,7.115,FUEL202504,853.25,880.46,227.25,True,Synthetic cost model; fuel unit-price benchmark from EPPO,True
T00603,L_SSK,LAST_MILE,V035,H_SSK,H_SSK,20250403_SSK,2025-04-03T08:30:00+07:00,2025-04-03T12:53:49+07:00,2025-04-03T08:30:00+07:00,,,2025-04-03T13:03:51+07:00,COMPLETED,20,1402.11,6.512,56.0,55.915,55.915,1.95,8.214,FUEL202504,853.25,908.69,262.36,True,Synthetic cost model; fuel unit-price benchmark from EPPO,True
T00604,L_BKK,LAST_MILE,V029,H_BKK,H_BKK,20250403_BKK,2025-04-03T08:30:00+07:00,2025-04-03T13:06:41+07:00,2025-04-03T08:30:00+07:00,,,2025-04-03T14:00:06+07:00,COMPLETED,20,1217.72,5.3294,56.0,61.923,61.923,2.203,7.596,FUEL202504,853.25,918.69,242.62,True,Synthetic cost model; fuel unit-price benchmark from EPPO,True
T00605,L_CNX,LAST_MILE,V026,H_CNX,H_CNX,20250403_CNX,2025-04-03T09:02:00+07:00,2025-04-03T13:08:32+07:00,2025-04-03T09:02:00+07:00,,,2025-04-03T14:03:14+07:00,COMPLETED,19,1423.39,6.2765,54.2,51.215,51.215,1.986,6.7,FUEL202504,822.22,837.04,214.0,True,Synthetic cost model; fuel unit-price benchmark from EPPO,True
T00606,L_CNX,LAST_MILE,V028,H_CNX,H_CNX,20250403_CNX,2025-04-03T16:01:00+07:00,2025-04-03T16:54:48+07:00,2025-04-03T16:01:00+07:00,,,2025-04-03T17:52:52+07:00,COMPLETED,1,64.89,0.2322,21.8,21.754,21.754,0.73,2.684,FUEL202504,263.62,266.72,85.73,True,Synthetic cost model; fuel unit-price benchmark from EPPO,True
T00607,L_SSK,LAST_MILE,V036,H_SSK,H_SSK,20250403_SSK,2025-04-03T16:18:00+07:00,2025-04-03T20:42:22+07:00,2025-04-03T16:18:00+07:00,,,2025-04-03T21:41:25+07:00,COMPLETED,20,1735.95,7.8678,56.0,56.172,56.172,2.153,8.027,FUEL202504,853.25,917.43,256.38,True,Synthetic cost model; fuel unit-price benchmark from EPPO,True
T00608,L_KSN,LAST_MILE,V034,H_KSN,H_KSN,20250404_KSN,2025-04-04T08:30:00+07:00,2025-04-04T12:53:49+07:00,2025-04-04T08:30:00+07:00,,,2025-04-04T13:52:24+07:00,COMPLETED,19,1240.24,5.7982,54.2,59.276,59.276,2.206,7.474,FUEL202504,822.22,893.3,238.72,True,Synthetic cost model; fuel unit-price benchmark from EPPO,True
T00609,L_KKC,LAST_MILE,V031,H_KKC,H_KKC,20250404_KKC,2025-04-04T08:30:00+07:00,2025-04-04T12:46:23+07:00,2025-04-04T08:30:00+07:00,,,2025-04-04T13:44:08+07:00,COMPLETED,19,1622.83,7.7804,54.2,55.808,55.808,1.881,7.387,FUEL202504,822.22,860.85,235.94,True,Synthetic cost model; fuel unit-price benchmark from EPPO,True
T00610,L_SSK,LAST_MILE,V036,H_SSK,H_SSK,20250404_SSK,2025-04-04T13:33:00+07:00,2025-04-04T14:24:05+07:00,2025-04-04T13:33:00+07:00,,,2025-04-04T15:02:35+07:00,COMPLETED,1,41.27,0.2418,21.8,20.479,20.479,0.702,2.439,FUEL202504,263.62,254.38,77.9,True,Synthetic cost model; fuel unit-price benchmark from EPPO,True
T00611,L_BKK,LAST_MILE,V029,H_BKK,H_BKK,20250404_BKK,2025-04-04T14:30:00+07:00,2025-04-04T15:27:02+07:00,2025-04-04T14:30:00+07:00,,,2025-04-04T15:40:27+07:00,COMPLETED,1,50.12,0.2142,21.8,23.262,23.262,0.765,2.64,FUEL202504,263.62,270.78,84.32,True,Synthetic cost model; fuel unit-price benchmark from EPPO,True
T00612,L_CNX,LAST_MILE,V027,H_CNX,H_CNX,20250404_CNX,2025-04-04T14:33:00+07:00,2025-04-04T15:54:49+07:00,2025-04-04T14:33:00+07:00,,,2025-04-04T16:42:24+07:00,COMPLETED,3,249.71,1.0811,25.4,28.104,28.104,1.118,3.173,FUEL202504,325.69,355.0,101.35,True,Synthetic cost model; fuel unit-price benchmark from EPPO,True
T00613,L_BKK,LAST_MILE,V030,H_BKK,H_BKK,20250404_BKK,2025-04-04T14:51:00+07:00,2025-04-04T15:42:30+07:00,2025-04-04T14:51:00+07:00,,,2025-04-04T16:31:42+07:00,COMPLETED,1,23.48,0.1003,21.8,20.681,20.681,0.853,2.333,FUEL202504,263.62,261.97,74.52,True,Synthetic cost model; fuel unit-price benchmark from EPPO,True
T00614,L_CNX,LAST_MILE,V026,H_CNX,H_CNX,20250404_CNX,2025-04-04T15:21:00+07:00,2025-04-04T19:24:56+07:00,2025-04-04T15:21:00+07:00,,,2025-04-04T20:02:26+07:00,COMPLETED,19,1413.18,6.3791,54.2,49.996,49.996,1.785,6.707,FUEL202504,822.22,820.8,214.22,True,Synthetic cost model; fuel unit-price benchmark from EPPO,True
T00615,L_NMA,LAST_MILE,V038,H_NMA,H_NMA,20250405_NMA,2025-04-05T08:30:00+07:00,2025-04-05T12:51:13+07:00,2025-04-05T08:30:00+07:00,,,2025-04-05T13:21:46+07:00,COMPLETED,19,1340.53,5.7968,54.2,58.066,58.066,1.862,7.24,FUEL202504,822.22,859.3,231.25,True,Synthetic cost model; fuel unit-price benchmark from EPPO,True
T00616,L_SSK,LAST_MILE,V035,H_SSK,H_SSK,20250405_SSK,2025-04-05T08:30:00+07:00,2025-04-05T09:42:11+07:00,2025-04-05T08:30:00+07:00,,,2025-04-05T10:55:41+07:00,COMPLETED,3,145.54,0.5993,25.4,23.606,23.606,0.928,3.069,FUEL202504,325.69,329.43,98.02,True,Synthetic cost model; fuel unit-price benchmark from EPPO,True
T00617,L_KKC,LAST_MILE,V031,H_KKC,H_KKC,20250405_KKC,2025-04-05T14:14:00+07:00,2025-04-05T15:30:42+07:00,2025-04-05T14:14:00+07:00,,,2025-04-05T16:43:53+07:00,COMPLETED,3,386.61,1.7412,25.4,25.72,25.72,1.021,2.894,FUEL202504,325.69,334.53,92.43,True,Synthetic cost model; fuel unit-price benchmark from EPPO,True
T00618,L_CNX,LAST_MILE,V026,H_CNX,H_CNX,20250406_CNX,2025-04-06T08:30:00+07:00,2025-04-06T09:21:35+07:00,2025-04-06T08:30:00+07:00,,,2025-04-06T09:40:48+07:00,COMPLETED,1,117.24,0.6043,21.8,20.718,20.718,0.79,2.391,FUEL202504,263.62,259.51,76.37,True,Synthetic cost model; fuel unit-price benchmark from EPPO,True
T00619,L_NMA,LAST_MILE,V038,H_NMA,H_NMA,20250406_NMA,2025-04-06T13:51:00+07:00,2025-04-06T14:58:08+07:00,2025-04-06T13:51:00+07:00,,,2025-04-06T15:51:04+07:00,COMPLETED,2,102.68,0.389,23.6,24.61,24.61,0.833,2.751,FUEL202504,294.66,298.23,87.87,True,Synthetic cost model; fuel unit-price benchmark from EPPO,True
T00620,L_NMA,LAST_MILE,V037,H_NMA,H_NMA,20250407_NMA,2025-04-07T08:30:00+07:00,2025-04-07T12:43:31+07:00,2025-04-07T08:30:00+07:00,,,2025-04-07T14:20:57+07:00,COMPLETED,20,1537.78,7.0083,56.0,51.115,51.115,1.789,6.623,FUEL202504,853.25,837.01,211.54,True,Synthetic cost model; fuel unit-price benchmark from EPPO,True
T00621,L_RET,LAST_MILE,V041,H_RET,H_RET,20250407_RET,2025-04-07T08:30:00+07:00,2025-04-07T12:52:35+07:00,2025-04-07T08:30:00+07:00,,,2025-04-07T13:07:20+07:00,COMPLETED,20,1640.58,7.6064,56.0,55.344,55.344,1.778,6.832,FUEL202504,853.25,851.37,218.21,True,Synthetic cost model; fuel unit-price benchmark from EPPO,True
T00622,L_UTH,LAST_MILE,V040,H_UTH,H_UTH,20250407_UTH,2025-04-07T08:30:00+07:00,2025-04-07T13:07:18+07:00,2025-04-07T08:30:00+07:00,,,2025-04-07T14:15:48+07:00,COMPLETED,20,1544.31,6.8887,56.0,62.214,62.214,2.531,7.593,FUEL202504,853.25,942.12,242.52,True,Synthetic cost model; fuel unit-price benchmark from EPPO,True
T00623,L_CNX,LAST_MILE,V026,H_CNX,H_CNX,20250408_CNX,2025-04-08T08:30:00+07:00,2025-04-08T12:54:32+07:00,2025-04-08T08:30:00+07:00,,,2025-04-08T13:34:11+07:00,COMPLETED,19,1314.72,5.7863,54.2,59.61,59.61,2.003,7.731,FUEL202504,822.22,887.95,246.93,True,Synthetic cost model; fuel unit-price benchmark from EPPO,True
T00624,L_CNX,LAST_MILE,V025,H_CNX,H_CNX,20250408_CNX,2025-04-08T12:21:00+07:00,2025-04-08T16:48:18+07:00,2025-04-08T12:21:00+07:00,,,2025-04-08T17:36:16+07:00,COMPLETED,20,1463.02,6.4578,56.0,57.54,57.54,2.305,7.388,FUEL202504,853.25,910.41,235.97,True,Synthetic cost model; fuel unit-price benchmark from EPPO,True
T00625,L_RET,LAST_MILE,V042,H_RET,H_RET,20250408_RET,2025-04-08T13:37:00+07:00,2025-04-08T14:30:07+07:00,2025-04-08T13:37:00+07:00,,,2025-04-08T15:32:08+07:00,COMPLETED,1,17.46,0.0605,21.8,21.428,21.428,0.807,2.4,FUEL202504,263.62,262.38,76.66,True,Synthetic cost model; fuel unit-price benchmark from EPPO,True
T00626,L_BKK,LAST_MILE,V030,H_BKK,H_BKK,20250409_BKK,2025-04-09T08:30:00+07:00,2025-04-09T12:55:19+07:00,2025-04-09T08:30:00+07:00,,,2025-04-09T13:36:29+07:00,COMPLETED,20,1663.54,7.0818,56.0,56.618,56.618,2.316,7.248,FUEL202504,853.25,904.84,231.5,True,Synthetic cost model; fuel unit-price benchmark from EPPO,True
T00627,L_KSN,LAST_MILE,V033,H_KSN,H_KSN,20250409_KSN,2025-04-09T08:30:00+07:00,2025-04-09T13:02:21+07:00,2025-04-09T08:30:00+07:00,,,2025-04-09T13:57:44+07:00,COMPLETED,20,1467.33,6.1389,56.0,59.897,59.897,2.305,7.864,FUEL202504,853.25,930.35,251.18,True,Synthetic cost model; fuel unit-price benchmark from EPPO,True
T00628,L_SSK,LAST_MILE,V036,H_SSK,H_SSK,20250409_SSK,2025-04-09T08:30:00+07:00,2025-04-09T12:50:07+07:00,2025-04-09T08:30:00+07:00,,,2025-04-09T13:23:39+07:00,COMPLETED,19,971.06,4.1036,54.2,57.553,57.553,2.372,7.538,FUEL202504,822.22,903.53,240.76,True,Synthetic cost model; fuel unit-price benchmark from EPPO,True
T00629,L_CNX,LAST_MILE,V026,H_CNX,H_CNX,20250409_CNX,2025-04-09T12:12:00+07:00,2025-04-09T16:14:11+07:00,2025-04-09T12:12:00+07:00,,,2025-04-09T16:33:05+07:00,COMPLETED,17,1657.36,7.1906,50.6,55.902,55.902,1.934,7.453,FUEL202504,760.16,834.01,238.05,True,Synthetic cost model; fuel unit-price benchmark from EPPO,True
T00630,L_CNX,LAST_MILE,V025,H_CNX,H_CNX,20250409_CNX,2025-04-09T12:12:00+07:00,2025-04-09T13:29:32+07:00,2025-04-09T12:12:00+07:00,,,2025-04-09T14:24:40+07:00,COMPLETED,3,405.07,1.682,25.4,26.106,26.106,0.878,3.088,FUEL202504,325.69,331.48,98.63,True,Synthetic cost model; fuel unit-price benchmark from EPPO,True
T00631,L_SSK,LAST_MILE,V035,H_SSK,H_SSK,20250410_SSK,2025-04-10T08:30:00+07:00,2025-04-10T12:32:14+07:00,2025-04-10T08:30:00+07:00,,,2025-04-10T12:49:34+07:00,COMPLETED,19,1196.82,5.7238,54.2,49.205,49.205,1.584,7.111,FUEL202504,822.22,818.02,227.13,True,Synthetic cost model; fuel unit-price benchmark from EPPO,True
T00632,L_BKK,LAST_MILE,V030,H_BKK,H_BKK,20250410_BKK,2025-04-10T08:30:00+07:00,2025-04-10T13:05:30+07:00,2025-04-10T08:30:00+07:00,,,2025-04-10T13:33:30+07:00,COMPLETED,20,1472.12,6.3302,56.0,61.373,61.373,2.229,7.537,FUEL202504,853.25,917.5,240.73,True,Synthetic cost model; fuel unit-price benchmark from EPPO,True
T00633,L_CNX,LAST_MILE,V028,H_CNX,H_CNX,20250410_CNX,2025-04-10T08:30:00+07:00,2025-04-10T09:31:17+07:00,2025-04-10T08:30:00+07:00,,,2025-04-10T11:13:26+07:00,COMPLETED,2,184.95,0.7765,23.6,21.88,21.88,0.817,2.766,FUEL202504,294.66,292.12,88.35,True,Synthetic cost model; fuel unit-price benchmark from EPPO,True
T00634,L_SSK,LAST_MILE,V036,H_SSK,H_SSK,20250410_SSK,2025-04-10T13:53:00+07:00,2025-04-10T14:58:31+07:00,2025-04-10T13:53:00+07:00,,,2025-04-10T15:28:52+07:00,COMPLETED,2,136.0,0.6713,23.6,23.859,23.859,0.788,3.012,FUEL202504,294.66,301.84,96.2,True,Synthetic cost model; fuel unit-price benchmark from EPPO,True
T00635,L_BKK,LAST_MILE,V029,H_BKK,H_BKK,20250410_BKK,2025-04-10T14:06:00+07:00,2025-04-10T15:14:28+07:00,2025-04-10T14:06:00+07:00,,,2025-04-10T16:07:44+07:00,COMPLETED,2,97.91,0.4945,23.6,25.238,25.238,0.815,2.8,FUEL202504,294.66,299.72,89.43,True,Synthetic cost model; fuel unit-price benchmark from EPPO,True
T00636,L_KSN,LAST_MILE,V033,H_KSN,H_KSN,20250410_KSN,2025-04-10T14:27:00+07:00,2025-04-10T15:26:07+07:00,2025-04-10T14:27:00+07:00,,,2025-04-10T16:14:02+07:00,COMPLETED,1,37.26,0.1716,21.8,24.232,24.232,0.852,2.852,FUEL202504,263.62,285.57,91.09,True,Synthetic cost model; fuel unit-price benchmark from EPPO,True
T00637,L_CNX,LAST_MILE,V027,H_CNX,H_CNX,20250411_CNX,2025-04-11T08:30:00+07:00,2025-04-11T12:46:59+07:00,2025-04-11T08:30:00+07:00,,,2025-04-11T13:22:07+07:00,COMPLETED,19,1188.22,5.0405,54.2,56.086,56.086,1.793,6.627,FUEL202504,822.22,830.96,211.67,True,Synthetic cost model; fuel unit-price benchmark from EPPO,True
T00638,L_KKC,LAST_MILE,V031,H_KKC,H_KKC,20250411_KKC,2025-04-11T08:30:00+07:00,2025-04-11T13:06:49+07:00,2025-04-11T08:30:00+07:00,,,2025-04-11T13:48:50+07:00,COMPLETED,20,1529.23,6.6902,56.0,61.985,61.985,2.335,7.621,FUEL202504,853.25,928.81,243.41,True,Synthetic cost model; fuel unit-price benchmark from EPPO,True
T00639,L_NMA,LAST_MILE,V037,H_NMA,H_NMA,20250411_NMA,2025-04-11T08:30:00+07:00,2025-04-11T12:37:57+07:00,2025-04-11T08:30:00+07:00,,,2025-04-11T13:05:58+07:00,COMPLETED,19,1351.5,5.9778,54.2,51.871,51.871,1.728,6.356,FUEL202504,822.22,809.3,203.01,True,Synthetic cost model; fuel unit-price benchmark from EPPO,True
T00640,L_CNX,LAST_MILE,V025,H_CNX,H_CNX,20250411_CNX,2025-04-11T08:30:00+07:00,2025-04-11T09:27:20+07:00,2025-04-11T08:30:00+07:00,,,2025-04-11T10:31:25+07:00,COMPLETED,1,128.59,0.5446,21.8,23.402,23.402,0.768,2.712,FUEL202504,263.62,273.58,86.62,True,Synthetic cost model; fuel unit-price benchmark from EPPO,True
T00641,L_CNX,LAST_MILE,V026,H_CNX,H_CNX,20250411_CNX,2025-04-11T08:43:00+07:00,2025-04-11T13:12:59+07:00,2025-04-11T08:43:00+07:00,,,2025-04-11T13:51:20+07:00,COMPLETED,20,1489.18,7.0928,56.0,58.795,58.795,1.978,7.733,FUEL202504,853.25,901.02,246.99,True,Synthetic cost model; fuel unit-price benchmark from EPPO,True
T00642,L_CNX,LAST_MILE,V028,H_CNX,H_CNX,20250411_CNX,2025-04-11T08:54:00+07:00,2025-04-11T13:15:04+07:00,2025-04-11T08:54:00+07:00,,,2025-04-11T13:41:46+07:00,COMPLETED,20,1695.58,7.1547,56.0,54.637,54.637,2.182,7.647,FUEL202504,853.25,904.25,244.25,True,Synthetic cost model; fuel unit-price benchmark from EPPO,True
T00643,L_SSK,LAST_MILE,V036,H_SSK,H_SSK,20250411_SSK,2025-04-11T13:19:00+07:00,2025-04-11T14:20:34+07:00,2025-04-11T13:19:00+07:00,,,2025-04-11T14:50:04+07:00,COMPLETED,2,67.52,0.3771,23.6,22.012,22.012,0.895,2.694,FUEL202504,294.66,295.49,86.05,True,Synthetic cost model; fuel unit-price benchmark from EPPO,True
T00644,L_BKK,LAST_MILE,V029,H_BKK,H_BKK,20250411_BKK,2025-04-11T14:03:00+07:00,2025-04-11T14:55:06+07:00,2025-04-11T14:03:00+07:00,,,2025-04-11T16:11:37+07:00,COMPLETED,1,47.84,0.241,21.8,20.956,20.956,0.82,2.413,FUEL202504,263.62,262.77,77.07,True,Synthetic cost model; fuel unit-price benchmark from EPPO,True
T00645,L_NMA,LAST_MILE,V037,H_NMA,H_NMA,20250412_NMA,2025-04-12T08:30:00+07:00,2025-04-12T12:44:02+07:00,2025-04-12T08:30:00+07:00,,,2025-04-12T13:29:58+07:00,COMPLETED,20,1343.17,6.2533,56.0,51.351,51.351,2.05,6.288,FUEL202504,853.25,845.03,200.84,True,Synthetic cost model; fuel unit-price benchmark from EPPO,True
T00646,L_CNX,LAST_MILE,V026,H_CNX,H_CNX,20250412_CNX,2025-04-12T12:21:00+07:00,2025-04-12T16:43:39+07:00,2025-04-12T12:21:00+07:00,,,2025-04-12T16:45:38+07:00,COMPLETED,20,1387.87,6.6352,56.0,55.374,55.374,1.767,7.223,FUEL202504,853.25,863.12,230.7,True,Synthetic cost model; fuel unit-price benchmark from EPPO,True
T00647,L_NMA,LAST_MILE,V038,H_NMA,H_NMA,20250412_NMA,2025-04-12T13:35:00+07:00,2025-04-12T14:38:05+07:00,2025-04-12T13:35:00+07:00,,,2025-04-12T15:24:03+07:00,COMPLETED,2,102.22,0.4322,23.6,22.719,22.719,0.848,2.475,FUEL202504,294.66,286.63,79.05,True,Synthetic cost model; fuel unit-price benchmark from EPPO,True
T00648,L_KKC,LAST_MILE,V032,H_KKC,H_KKC,20250413_KKC,2025-04-13T08:30:00+07:00,2025-04-13T12:52:52+07:00,2025-04-13T08:30:00+07:00,,,2025-04-13T13:41:47+07:00,COMPLETED,20,1537.13,7.0797,56.0,55.475,55.475,1.902,6.973,FUEL202504,853.25,864.82,222.72,True,Synthetic cost model; fuel unit-price benchmark from EPPO,True
T00649,L_SSK,LAST_MILE,V035,H_SSK,H_SSK,20250413_SSK,2025-04-13T08:30:00+07:00,2025-04-13T12:54:01+07:00,2025-04-13T08:30:00+07:00,,,2025-04-13T13:29:27+07:00,COMPLETED,20,1600.89,7.1109,56.0,56.013,56.013,1.801,8.362,FUEL202504,853.25,903.16,267.08,True,Synthetic cost model; fuel unit-price benchmark from EPPO,True
T00650,L_NMA,LAST_MILE,V037,H_NMA,H_NMA,20250413_NMA,2025-04-13T13:59:00+07:00,2025-04-13T14:49:58+07:00,2025-04-13T13:59:00+07:00,,,2025-04-13T15:44:29+07:00,COMPLETED,1,146.81,0.8238,21.8,20.43,20.43,0.69,2.441,FUEL202504,263.62,253.54,77.97,True,Synthetic cost model; fuel unit-price benchmark from EPPO,True
T00651,L_CNX,LAST_MILE,V026,H_CNX,H_CNX,20250414_CNX,2025-04-14T08:30:00+07:00,2025-04-14T12:43:37+07:00,2025-04-14T08:30:00+07:00,,,2025-04-14T13:10:13+07:00,COMPLETED,20,1459.11,5.97,56.0,51.157,51.157,1.675,6.888,FUEL202504,853.25,837.54,220.0,True,Synthetic cost model; fuel unit-price benchmark from EPPO,True
T00652,L_CNX,LAST_MILE,V028,H_CNX,H_CNX,20250414_CNX,2025-04-14T08:30:00+07:00,2025-04-14T09:21:41+07:00,2025-04-14T08:30:00+07:00,,,2025-04-14T10:24:35+07:00,COMPLETED,1,70.47,0.2736,21.8,20.763,20.763,0.716,2.63,FUEL202504,263.62,262.08,84.0,True,Synthetic cost model; fuel unit-price benchmark from EPPO,True
T00653,L_SSK,LAST_MILE,V035,H_SSK,H_SSK,20250414_SSK,2025-04-14T13:59:00+07:00,2025-04-14T14:57:55+07:00,2025-04-14T13:59:00+07:00,,,2025-04-14T15:39:12+07:00,COMPLETED,1,180,0.9955,21.8,24.137,24.137,0.954,3.146,FUEL202504,263.62,301.91,100.48,True,Synthetic cost model; fuel unit-price benchmark from EPPO,True
T00654,L_KKC,LAST_MILE,V032,H_KKC,H_KKC,20250414_KKC,2025-04-14T14:11:00+07:00,2025-04-14T15:20:30+07:00,2025-04-14T14:11:00+07:00,,,2025-04-14T16:17:45+07:00,COMPLETED,2,88.81,0.3905,23.6,25.72,25.72,0.818,3.013,FUEL202504,294.66,307.77,96.24,True,Synthetic cost model; fuel unit-price benchmark from EPPO,True
T00655,L_RET,LAST_MILE,V042,H_RET,H_RET,20250415_RET,2025-04-15T08:30:00+07:00,2025-04-15T12:38:36+07:00,2025-04-15T08:30:00+07:00,,,2025-04-15T12:56:00+07:00,COMPLETED,19,1389.08,5.988,54.2,52.181,52.181,1.665,6.658,FUEL202504,822.22,815.2,212.66,True,Synthetic cost model; fuel unit-price benchmark from EPPO,True
T00656,L_UTH,LAST_MILE,V039,H_UTH,H_UTH,20250415_UTH,2025-04-15T08:30:00+07:00,2025-04-15T12:53:18+07:00,2025-04-15T08:30:00+07:00,,,2025-04-15T13:47:35+07:00,COMPLETED,20,1473.11,6.2477,56.0,55.68,55.68,1.987,7.24,FUEL202504,853.25,879.73,231.25,True,Synthetic cost model; fuel unit-price benchmark from EPPO,True
T00657,L_BKK,LAST_MILE,V029,H_BKK,H_BKK,20250415_BKK,2025-04-15T08:30:00+07:00,2025-04-15T13:07:57+07:00,2025-04-15T08:30:00+07:00,,,2025-04-15T13:12:45+07:00,COMPLETED,20,1265.66,5.8478,56.0,62.516,62.516,2.014,7.58,FUEL202504,853.25,906.1,242.11,True,Synthetic cost model; fuel unit-price benchmark from EPPO,True
T00658,L_NMA,LAST_MILE,V038,H_NMA,H_NMA,20250415_NMA,2025-04-15T08:30:00+07:00,2025-04-15T12:49:00+07:00,2025-04-15T08:30:00+07:00,,,2025-04-15T13:10:43+07:00,COMPLETED,19,1688.45,7.8577,54.2,57.034,57.034,2.09,7.023,FUEL202504,822.22,866.27,224.31,True,Synthetic cost model; fuel unit-price benchmark from EPPO,True
T00659,L_CNX,LAST_MILE,V027,H_CNX,H_CNX,20250415_CNX,2025-04-15T13:40:00+07:00,2025-04-15T14:44:21+07:00,2025-04-15T13:40:00+07:00,,,2025-04-15T16:01:24+07:00,COMPLETED,2,110.48,0.3857,23.6,23.313,23.313,0.748,2.644,FUEL202504,294.66,286.22,84.45,True,Synthetic cost model; fuel unit-price benchmark from EPPO,True
T00660,L_UTH,LAST_MILE,V040,H_UTH,H_UTH,20250416_UTH,2025-04-16T14:17:00+07:00,2025-04-16T15:23:50+07:00,2025-04-16T14:17:00+07:00,,,2025-04-16T15:42:41+07:00,COMPLETED,2,135.01,0.5368,23.6,24.469,24.469,0.794,2.82,FUEL202504,294.66,297.41,90.07,True,Synthetic cost model; fuel unit-price benchmark from EPPO,True
T00661,L_RET,LAST_MILE,V042,H_RET,H_RET,20250417_RET,2025-04-17T08:30:00+07:00,2025-04-17T13:05:51+07:00,2025-04-17T08:30:00+07:00,,,2025-04-17T13:51:37+07:00,COMPLETED,20,1201.81,5.3742,56.0,61.531,61.531,2.024,8.057,FUEL202504,853.25,920.06,257.34,True,Synthetic cost model; fuel unit-price benchmark from EPPO,True
T00662,L_RET,LAST_MILE,V041,H_RET,H_RET,20250418_RET,2025-04-18T14:21:00+07:00,2025-04-18T15:17:45+07:00,2025-04-18T14:21:00+07:00,,,2025-04-18T16:07:24+07:00,COMPLETED,1,35.52,0.1386,21.8,23.124,23.124,0.893,2.562,FUEL202504,263.62,277.01,81.83,True,Synthetic cost model; fuel unit-price benchmark from EPPO,True
T00663,L_SSK,LAST_MILE,V036,H_SSK,H_SSK,20250419_SSK,2025-04-19T08:30:00+07:00,2025-04-19T12:44:07+07:00,2025-04-19T08:30:00+07:00,,,2025-04-19T13:12:06+07:00,COMPLETED,19,1146.51,5.2968,54.2,54.751,54.751,2.043,7.27,FUEL202504,822.22,866.33,232.2,True,Synthetic cost model; fuel unit-price benchmark from EPPO,True
T00664,L_KSN,LAST_MILE,V033,H_KSN,H_KSN,20250419_KSN,2025-04-19T08:30:00+07:00,2025-04-19T12:50:52+07:00,2025-04-19T08:30:00+07:00,,,2025-04-19T13:52:32+07:00,COMPLETED,20,1609.95,6.5147,56.0,54.544,54.544,1.825,7.063,FUEL202504,853.25,860.41,225.59,True,Synthetic cost model; fuel unit-price benchmark from EPPO,True
T00665,L_BKK,LAST_MILE,V029,H_BKK,H_BKK,20250419_BKK,2025-04-19T14:48:00+07:00,2025-04-19T18:58:30+07:00,2025-04-19T14:48:00+07:00,,,2025-04-19T19:47:07+07:00,COMPLETED,19,1464.13,6.3813,54.2,53.066,53.066,1.806,6.989,FUEL202504,822.22,837.38,223.23,True,Synthetic cost model; fuel unit-price benchmark from EPPO,True
T00666,L_CNX,LAST_MILE,V026,H_CNX,H_CNX,20250420_CNX,2025-04-20T08:30:00+07:00,2025-04-20T12:54:44+07:00,2025-04-20T08:30:00+07:00,,,2025-04-20T14:25:50+07:00,COMPLETED,19,1259.51,6.0432,54.2,59.706,59.706,2.459,7.516,FUEL202504,822.22,913.18,240.06,True,Synthetic cost model; fuel unit-price benchmark from EPPO,True
T00667,L_KKC,LAST_MILE,V031,H_KKC,H_KKC,20250420_KKC,2025-04-20T08:30:00+07:00,2025-04-20T12:47:43+07:00,2025-04-20T08:30:00+07:00,,,2025-04-20T13:22:43+07:00,COMPLETED,20,1481.03,6.5938,56.0,53.074,53.074,1.978,6.667,FUEL202504,853.25,855.58,212.94,True,Synthetic cost model; fuel unit-price benchmark from EPPO,True
T00668,L_RET,LAST_MILE,V041,H_RET,H_RET,20250420_RET,2025-04-20T08:30:00+07:00,2025-04-20T12:37:53+07:00,2025-04-20T08:30:00+07:00,,,2025-04-20T13:32:49+07:00,COMPLETED,19,1767.9,7.5219,54.2,51.844,51.844,1.733,6.468,FUEL202504,822.22,813.18,206.59,True,Synthetic cost model; fuel unit-price benchmark from EPPO,True
T00669,L_RET,LAST_MILE,V042,H_RET,H_RET,20250420_RET,2025-04-20T08:30:00+07:00,2025-04-20T09:24:29+07:00,2025-04-20T08:30:00+07:00,,,2025-04-20T09:58:36+07:00,COMPLETED,1,67.03,0.277,21.8,22.069,22.069,0.727,2.48,FUEL202504,263.62,260.67,79.21,True,Synthetic cost model; fuel unit-price benchmark from EPPO,True
T00670,L_UTH,LAST_MILE,V040,H_UTH,H_UTH,20250420_UTH,2025-04-20T08:30:00+07:00,2025-04-20T12:58:06+07:00,2025-04-20T08:30:00+07:00,,,2025-04-20T14:12:53+07:00,COMPLETED,20,1110.2,4.9232,56.0,57.918,57.918,2.295,7.187,FUEL202504,853.25,904.06,229.55,True,Synthetic cost model; fuel unit-price benchmark from EPPO,True
T00671,L_SSK,LAST_MILE,V035,H_SSK,H_SSK,20250420_SSK,2025-04-20T13:42:00+07:00,2025-04-20T14:53:15+07:00,2025-04-20T13:42:00+07:00,,,2025-04-20T16:06:29+07:00,COMPLETED,3,232.84,1.0022,25.4,23.177,23.177,0.931,3.08,FUEL202504,325.69,329.11,98.38,True,Synthetic cost model; fuel unit-price benchmark from EPPO,True
T00672,L_KSN,LAST_MILE,V033,H_KSN,H_KSN,20250420_KSN,2025-04-20T14:22:00+07:00,2025-04-20T15:40:58+07:00,2025-04-20T14:22:00+07:00,,,2025-04-20T16:42:43+07:00,COMPLETED,3,256.55,0.9536,25.4,26.772,26.772,0.935,3.202,FUEL202504,325.69,340.49,102.27,True,Synthetic cost model; fuel unit-price benchmark from EPPO,True
T00673,L_RYG,LAST_MILE,V045,H_RYG,H_RYG,20250421_RYG,2025-04-21T08:30:00+07:00,2025-04-21T12:34:59+07:00,2025-04-21T08:30:00+07:00,,,2025-04-21T13:44:34+07:00,COMPLETED,19,1314.44,6.1153,54.2,50.487,50.487,1.8,6.485,FUEL202504,822.22,815.68,207.13,True,Synthetic cost model; fuel unit-price benchmark from EPPO,True
T00674,L_RYG,LAST_MILE,V046,H_RYG,H_RYG,20250421_RYG,2025-04-21T08:30:00+07:00,2025-04-21T12:39:17+07:00,2025-04-21T08:30:00+07:00,,,2025-04-21T13:44:09+07:00,COMPLETED,19,951.38,4.0629,54.2,52.497,52.497,2.156,6.255,FUEL202504,822.22,837.33,199.78,True,Synthetic cost model; fuel unit-price benchmark from EPPO,True
T00675,L_RET,LAST_MILE,V042,H_RET,H_RET,20250421_RET,2025-04-21T08:30:00+07:00,2025-04-21T12:33:13+07:00,2025-04-21T08:30:00+07:00,,,2025-04-21T12:55:26+07:00,COMPLETED,19,1189.08,4.9235,54.2,49.662,49.662,1.659,5.925,FUEL202504,822.22,786.3,189.24,True,Synthetic cost model; fuel unit-price benchmark from EPPO,True
T00676,L_RET,LAST_MILE,V041,H_RET,H_RET,20250421_RET,2025-04-21T08:30:00+07:00,2025-04-21T12:46:21+07:00,2025-04-21T08:30:00+07:00,,,2025-04-21T13:53:16+07:00,COMPLETED,20,1537.38,7.0895,56.0,52.437,52.437,1.806,6.259,FUEL202504,853.25,829.17,199.91,True,Synthetic cost model; fuel unit-price benchmark from EPPO,True
T00677,L_BKK,LAST_MILE,V030,H_BKK,H_BKK,20250421_BKK,2025-04-21T08:30:00+07:00,2025-04-21T09:23:57+07:00,2025-04-21T08:30:00+07:00,,,2025-04-21T10:06:39+07:00,COMPLETED,1,65.28,0.2441,21.8,21.823,21.823,0.763,2.346,FUEL202504,263.62,258.41,74.93,True,Synthetic cost model; fuel unit-price benchmark from EPPO,True
T00678,L_CNX,LAST_MILE,V025,H_CNX,H_CNX,20250421_CNX,2025-04-21T13:04:00+07:00,2025-04-21T17:23:54+07:00,2025-04-21T13:04:00+07:00,,,2025-04-21T18:12:46+07:00,COMPLETED,20,1343.77,6.0769,56.0,54.092,54.092,1.966,7.165,FUEL202504,853.25,872.68,228.85,True,Synthetic cost model; fuel unit-price benchmark from EPPO,True
T00679,L_KKC,LAST_MILE,V032,H_KKC,H_KKC,20250421_KKC,2025-04-21T13:52:00+07:00,2025-04-21T14:42:42+07:00,2025-04-21T13:52:00+07:00,,,2025-04-21T15:29:14+07:00,COMPLETED,1,46.5,0.1643,21.8,20.304,20.304,0.819,2.277,FUEL202504,263.62,257.09,72.73,True,Synthetic cost model; fuel unit-price benchmark from EPPO,True
T00680,L_RET,LAST_MILE,V042,H_RET,H_RET,20250421_RET,2025-04-21T14:02:00+07:00,2025-04-21T14:52:38+07:00,2025-04-22T08:30:00+07:00,,,2025-04-22T10:25:02+07:00,COMPLETED,1,40.48,0.1902,21.8,20.271,20.271,0.656,2.217,FUEL202504,263.62,243.67,70.81,True,Synthetic cost model; fuel unit-price benchmark from EPPO,True
T00681,L_CNX,LAST_MILE,V025,H_CNX,H_CNX,20250422_CNX,2025-04-22T08:30:00+07:00,2025-04-22T13:06:46+07:00,2025-04-22T08:30:00+07:00,,,2025-04-22T13:58:33+07:00,COMPLETED,20,1253.15,5.542,56.0,61.96,61.96,2.143,7.627,FUEL202504,853.25,915.52,243.61,True,Synthetic cost model; fuel unit-price benchmark from EPPO,True
T00682,L_KKC,LAST_MILE,V032,H_KKC,H_KKC,20250422_KKC,2025-04-22T08:30:00+07:00,2025-04-22T12:53:18+07:00,2025-04-22T08:30:00+07:00,,,2025-04-22T14:05:44+07:00,COMPLETED,19,1194.01,6.0682,54.2,59.037,59.037,2.271,7.039,FUEL202504,822.22,883.44,224.83,True,Synthetic cost model; fuel unit-price benchmark from EPPO,True
T00683,L_RET,LAST_MILE,V041,H_RET,H_RET,20250422_RET,2025-04-22T13:25:00+07:00,2025-04-22T14:15:23+07:00,2025-04-22T13:25:00+07:00,,,2025-04-22T15:02:29+07:00,COMPLETED,1,61.5,0.2375,21.8,20.159,20.159,0.754,2.295,FUEL202504,263.62,252.77,73.3,True,Synthetic cost model; fuel unit-price benchmark from EPPO,True
T00684,L_RYG,LAST_MILE,V045,H_RYG,H_RYG,20250422_RYG,2025-04-22T14:14:00+07:00,2025-04-22T15:12:20+07:00,2025-04-22T14:14:00+07:00,,,2025-04-22T15:46:50+07:00,COMPLETED,1,55.43,0.2104,21.8,23.867,23.867,0.964,2.714,FUEL202504,263.62,288.29,86.69,True,Synthetic cost model; fuel unit-price benchmark from EPPO,True
T00685,L_RET,LAST_MILE,V041,H_RET,H_RET,20250422_RET,2025-04-22T14:23:00+07:00,2025-04-22T15:17:49+07:00,2025-04-23T08:30:00+07:00,,,2025-04-23T11:00:58+07:00,COMPLETED,1,40.87,0.1364,21.8,22.223,22.223,0.701,2.527,FUEL202504,263.62,260.63,80.71,True,Synthetic cost model; fuel unit-price benchmark from EPPO,True
T00686,L_UTH,LAST_MILE,V039,H_UTH,H_UTH,20250423_UTH,2025-04-23T08:30:00+07:00,2025-04-23T12:33:52+07:00,2025-04-23T08:30:00+07:00,,,2025-04-23T13:33:40+07:00,COMPLETED,19,1167.76,5.119,54.2,49.965,49.965,1.638,6.34,FUEL202504,822.22,798.67,202.5,True,Synthetic cost model; fuel unit-price benchmark from EPPO,True
T00687,L_CNX,LAST_MILE,V025,H_CNX,H_CNX,20250423_CNX,2025-04-23T08:30:00+07:00,2025-04-23T13:05:48+07:00,2025-04-23T08:30:00+07:00,,,2025-04-23T13:19:55+07:00,COMPLETED,20,1557.82,7.3785,56.0,61.507,61.507,1.924,8.167,FUEL202504,853.25,916.58,260.85,True,Synthetic cost model; fuel unit-price benchmark from EPPO,True
T00688,L_CNX,LAST_MILE,V027,H_CNX,H_CNX,20250423_CNX,2025-04-23T08:30:00+07:00,2025-04-23T09:35:51+07:00,2025-04-23T08:30:00+07:00,,,2025-04-23T10:39:54+07:00,COMPLETED,2,105.01,0.5965,23.6,24.016,24.016,0.825,2.683,FUEL202504,294.66,294.31,85.7,True,Synthetic cost model; fuel unit-price benchmark from EPPO,True
T00689,L_CNX,LAST_MILE,V028,H_CNX,H_CNX,20250423_CNX,2025-04-23T11:33:00+07:00,2025-04-23T16:07:39+07:00,2025-04-23T11:33:00+07:00,,,2025-04-23T16:45:55+07:00,COMPLETED,20,1074.38,4.8121,56.0,60.971,60.971,2.508,8.332,FUEL202504,853.25,961.6,266.12,True,Synthetic cost model; fuel unit-price benchmark from EPPO,True
T00690,L_CNX,LAST_MILE,V026,H_CNX,H_CNX,20250423_CNX,2025-04-23T14:28:00+07:00,2025-04-23T15:32:07+07:00,2025-04-23T14:28:00+07:00,,,2025-04-23T16:12:19+07:00,COMPLETED,2,221.77,0.8841,23.6,23.206,23.206,0.752,2.841,FUEL202504,294.66,292.63,90.74,True,Synthetic cost model; fuel unit-price benchmark from EPPO,True
T00691,L_KKC,LAST_MILE,V031,H_KKC,H_KKC,20250423_KKC,2025-04-23T14:35:00+07:00,2025-04-23T15:33:09+07:00,2025-04-23T14:35:00+07:00,,,2025-04-23T16:05:04+07:00,COMPLETED,1,36.27,0.1904,21.8,23.781,23.781,0.85,2.675,FUEL202504,263.62,278.92,85.44,True,Synthetic cost model; fuel unit-price benchmark from EPPO,True
T00692,L_NMA,LAST_MILE,V038,H_NMA,H_NMA,20250424_NMA,2025-04-24T08:30:00+07:00,2025-04-24T13:03:40+07:00,2025-04-24T08:30:00+07:00,,,2025-04-24T13:30:22+07:00,COMPLETED,20,1775.66,8.1554,56.0,60.517,60.517,2.241,7.318,FUEL202504,853.25,909.65,233.74,True,Synthetic cost model; fuel unit-price benchmark from EPPO,True
T00693,L_BKK,LAST_MILE,V029,H_BKK,H_BKK,20250424_BKK,2025-04-24T08:30:00+07:00,2025-04-24T12:46:28+07:00,2025-04-24T08:30:00+07:00,,,2025-04-24T13:38:37+07:00,COMPLETED,19,1568.45,7.2454,54.2,55.846,55.846,1.767,6.938,FUEL202504,822.22,838.57,221.6,True,Synthetic cost model; fuel unit-price benchmark from EPPO,True
T00694,L_KKC,LAST_MILE,V032,H_KKC,H_KKC,20250424_KKC,2025-04-24T08:30:00+07:00,2025-04-24T12:49:47+07:00,2025-04-24T08:30:00+07:00,,,2025-04-24T13:39:44+07:00,COMPLETED,20,1241.87,5.6712,56.0,54.033,54.033,1.92,6.633,FUEL202504,853.25,852.31,211.86,True,Synthetic cost model; fuel unit-price benchmark from EPPO,True
T00695,L_KSN,LAST_MILE,V033,H_KSN,H_KSN,20250424_KSN,2025-04-24T08:30:00+07:00,2025-04-24T12:49:31+07:00,2025-04-24T08:30:00+07:00,,,2025-04-24T13:27:34+07:00,COMPLETED,19,1442.33,6.0502,54.2,57.275,57.275,2.326,7.317,FUEL202504,822.22,892.68,233.7,True,Synthetic cost model; fuel unit-price benchmark from EPPO,True
T00696,L_UTH,LAST_MILE,V039,H_UTH,H_UTH,20250424_UTH,2025-04-24T14:03:00+07:00,2025-04-24T14:55:25+07:00,2025-04-24T14:03:00+07:00,,,2025-04-24T15:28:41+07:00,COMPLETED,1,34.43,0.1298,21.8,21.108,21.108,0.867,2.522,FUEL202504,263.62,269.84,80.55,True,Synthetic cost model; fuel unit-price benchmark from EPPO,True
T00697,L_CNX,LAST_MILE,V027,H_CNX,H_CNX,20250425_CNX,2025-04-25T08:30:00+07:00,2025-04-25T09:30:29+07:00,2025-04-25T08:30:00+07:00,,,2025-04-25T09:42:41+07:00,COMPLETED,2,126.2,0.4699,23.6,21.512,21.512,0.694,2.345,FUEL202504,294.66,269.27,74.9,True,Synthetic cost model; fuel unit-price benchmark from EPPO,True
T00698,L_KSN,LAST_MILE,V033,H_KSN,H_KSN,20250425_KSN,2025-04-25T13:57:00+07:00,2025-04-25T14:57:32+07:00,2025-04-25T13:57:00+07:00,,,2025-04-25T16:05:17+07:00,COMPLETED,2,68.26,0.2871,23.6,21.53,21.53,0.778,2.476,FUEL202504,294.66,279.4,79.08,True,Synthetic cost model; fuel unit-price benchmark from EPPO,True
T00699,L_NMA,LAST_MILE,V037,H_NMA,H_NMA,20250425_NMA,2025-04-25T14:00:00+07:00,2025-04-25T14:51:57+07:00,2025-04-25T14:00:00+07:00,,,2025-04-25T15:52:41+07:00,COMPLETED,1,30.48,0.1385,21.8,20.887,20.887,0.688,2.257,FUEL202504,263.62,248.44,72.09,True,Synthetic cost model; fuel unit-price benchmark from EPPO,True
T00700,L_BKK,LAST_MILE,V029,H_BKK,H_BKK,20250425_BKK,2025-04-25T14:08:00+07:00,2025-04-25T15:00:53+07:00,2025-04-25T14:08:00+07:00,,,2025-04-25T15:32:26+07:00,COMPLETED,1,46.21,0.2466,21.8,21.322,21.322,0.715,2.419,FUEL202504,263.62,256.38,77.26,True,Synthetic cost model; fuel unit-price benchmark from EPPO,True
T00701,L_KKC,LAST_MILE,V032,H_KKC,H_KKC,20250425_KKC,2025-04-25T14:09:00+07:00,2025-04-25T15:10:23+07:00,2025-04-25T14:09:00+07:00,,,2025-04-25T15:39:50+07:00,COMPLETED,2,82.59,0.4075,23.6,21.927,21.927,0.721,2.465,FUEL202504,294.66,275.88,78.73,True,Synthetic cost model; fuel unit-price benchmark from EPPO,True
T00702,L_KKC,LAST_MILE,V032,H_KKC,H_KKC,20250426_KKC,2025-04-26T08:30:00+07:00,2025-04-26T12:46:03+07:00,2025-04-26T08:30:00+07:00,,,2025-04-26T13:32:45+07:00,COMPLETED,19,1440.52,6.9839,54.2,55.652,55.652,2.288,6.767,FUEL202504,822.22,869.19,216.14,True,Synthetic cost model; fuel unit-price benchmark from EPPO,True
T00703,L_KKC,LAST_MILE,V032,H_KKC,H_KKC,20250427_KKC,2025-04-27T08:30:00+07:00,2025-04-27T13:06:02+07:00,2025-04-27T08:30:00+07:00,,,2025-04-27T14:28:49+07:00,COMPLETED,20,1197.03,5.1021,56.0,61.618,61.618,2.419,7.537,FUEL202504,853.25,931.3,240.73,True,Synthetic cost model; fuel unit-price benchmark from EPPO,True
T00704,L_CNX,LAST_MILE,V028,H_CNX,H_CNX,20250427_CNX,2025-04-27T08:30:00+07:00,2025-04-27T12:36:30+07:00,2025-04-27T08:30:00+07:00,,,2025-04-27T12:51:05+07:00,COMPLETED,19,1255.48,5.2868,54.2,51.196,51.196,1.796,6.915,FUEL202504,822.22,830.6,220.87,True,Synthetic cost model; fuel unit-price benchmark from EPPO,True
T00705,L_CNX,LAST_MILE,V027,H_CNX,H_CNX,20250427_CNX,2025-04-27T08:30:00+07:00,2025-04-27T12:57:34+07:00,2025-04-27T08:30:00+07:00,,,2025-04-27T13:36:38+07:00,COMPLETED,20,1537.11,6.9365,56.0,57.665,57.665,2.053,7.007,FUEL202504,853.25,880.85,223.8,True,Synthetic cost model; fuel unit-price benchmark from EPPO,True
T00706,L_CNX,LAST_MILE,V026,H_CNX,H_CNX,20250427_CNX,2025-04-27T10:22:00+07:00,2025-04-27T14:52:29+07:00,2025-04-27T10:22:00+07:00,,,2025-04-27T15:59:36+07:00,COMPLETED,20,1669.24,7.8453,56.0,59.032,59.032,2.066,7.878,FUEL202504,853.25,912.28,251.62,True,Synthetic cost model; fuel unit-price benchmark from EPPO,True
T00707,L_BKK,LAST_MILE,V029,H_BKK,H_BKK,20250428_BKK,2025-04-28T08:30:00+07:00,2025-04-28T12:46:55+07:00,2025-04-28T08:30:00+07:00,,,2025-04-28T13:05:34+07:00,COMPLETED,19,1139.82,4.8115,54.2,56.059,56.059,1.917,6.561,FUEL202504,822.22,837.48,209.56,True,Synthetic cost model; fuel unit-price benchmark from EPPO,True
T00708,L_CNX,LAST_MILE,V025,H_CNX,H_CNX,20250428_CNX,2025-04-28T14:06:00+07:00,2025-04-28T14:55:49+07:00,2025-04-28T14:06:00+07:00,,,2025-04-28T15:57:32+07:00,COMPLETED,1,52.53,0.2636,21.8,19.895,19.895,0.802,2.389,FUEL202504,263.62,258.65,76.3,True,Synthetic cost model; fuel unit-price benchmark from EPPO,True
T00709,L_KKC,LAST_MILE,V031,H_KKC,H_KKC,20250428_KKC,2025-04-28T14:58:00+07:00,2025-04-28T15:48:22+07:00,2025-04-28T14:58:00+07:00,,,2025-04-28T16:27:24+07:00,COMPLETED,1,80.44,0.28,21.8,20.15,20.15,0.709,2.274,FUEL202504,263.62,248.95,72.63,True,Synthetic cost model; fuel unit-price benchmark from EPPO,True
T00710,L_CNX,LAST_MILE,V026,H_CNX,H_CNX,20250428_CNX,2025-04-28T16:29:00+07:00,2025-04-28T17:23:16+07:00,2025-04-28T16:29:00+07:00,,,2025-04-28T18:31:04+07:00,COMPLETED,1,45.19,0.2824,21.8,21.966,21.966,0.873,2.694,FUEL202504,263.62,277.5,86.05,True,Synthetic cost model; fuel unit-price benchmark from EPPO,True
T00711,L_KKC,LAST_MILE,V031,H_KKC,H_KKC,20250429_KKC,2025-04-29T08:30:00+07:00,2025-04-29T12:42:05+07:00,2025-04-29T08:30:00+07:00,,,2025-04-29T13:13:54+07:00,COMPLETED,19,1415.91,6.2715,54.2,53.805,53.805,1.875,6.723,FUEL202504,822.22,835.17,214.73,True,Synthetic cost model; fuel unit-price benchmark from EPPO,True
T00712,L_LPT,LAST_MILE,V044,H_LPT,H_LPT,20250429_LPT,2025-04-29T08:30:00+07:00,2025-04-29T12:08:18+07:00,2025-04-29T08:30:00+07:00,,,2025-04-29T13:23:37+07:00,COMPLETED,15,1739.99,7.5384,47.0,51.476,51.476,1.939,6.71,FUEL202504,698.09,769.03,214.32,True,Synthetic cost model; fuel unit-price benchmark from EPPO,True
T00713,L_LPT,LAST_MILE,V043,H_LPT,H_LPT,20250429_LPT,2025-04-29T08:30:00+07:00,2025-04-29T10:08:50+07:00,2025-04-29T08:30:00+07:00,,,2025-04-29T10:29:06+07:00,COMPLETED,5,273.82,1.1412,29.0,29.324,29.324,1.153,3.437,FUEL202504,387.76,401.11,109.78,True,Synthetic cost model; fuel unit-price benchmark from EPPO,True
T00714,L_BKK,LAST_MILE,V030,H_BKK,H_BKK,20250429_BKK,2025-04-29T08:30:00+07:00,2025-04-29T12:27:49+07:00,2025-04-29T08:30:00+07:00,,,2025-04-29T13:42:55+07:00,COMPLETED,18,1455.09,6.6816,52.4,50.502,50.502,1.992,6.451,FUEL202504,791.19,811.66,206.04,True,Synthetic cost model; fuel unit-price benchmark from EPPO,True
T00715,L_NMA,LAST_MILE,V037,H_NMA,H_NMA,20250429_NMA,2025-04-29T08:30:00+07:00,2025-04-29T12:36:06+07:00,2025-04-29T08:30:00+07:00,,,2025-04-29T13:57:27+07:00,COMPLETED,19,1137.25,4.8003,54.2,51.008,51.008,2.028,6.145,FUEL202504,822.22,821.82,196.27,True,Synthetic cost model; fuel unit-price benchmark from EPPO,True
T00716,L_LPT,LAST_MILE,V044,H_LPT,H_LPT,20250430_LPT,2025-04-30T10:59:00+07:00,2025-04-30T11:50:42+07:00,2025-04-30T10:59:00+07:00,,,2025-04-30T12:39:35+07:00,COMPLETED,1,35.77,0.1896,21.8,20.77,20.77,0.752,2.434,FUEL202504,263.62,258.33,77.74,True,Synthetic cost model; fuel unit-price benchmark from EPPO,True
T00717,L_CNX,LAST_MILE,V026,H_CNX,H_CNX,20250430_CNX,2025-04-30T11:22:00+07:00,2025-04-30T15:43:18+07:00,2025-04-30T11:22:00+07:00,,,2025-04-30T16:00:00+07:00,COMPLETED,20,1575.5,7.682,56.0,54.743,54.743,1.767,7.441,FUEL202504,853.25,868.85,237.67,True,Synthetic cost model; fuel unit-price benchmark from EPPO,True
T00718,L_KKC,LAST_MILE,V031,H_KKC,H_KKC,20250430_KKC,2025-04-30T13:43:00+07:00,2025-04-30T14:35:14+07:00,2025-04-30T13:43:00+07:00,,,2025-04-30T15:38:39+07:00,COMPLETED,1,25.85,0.1365,21.8,21.018,21.018,0.662,2.424,FUEL202504,263.62,252.19,77.42,True,Synthetic cost model; fuel unit-price benchmark from EPPO,True
T00719,L_LPT,LAST_MILE,V043,H_LPT,H_LPT,20250430_LPT,2025-04-30T13:53:00+07:00,2025-04-30T14:52:07+07:00,2025-04-30T13:53:00+07:00,,,2025-04-30T16:05:53+07:00,COMPLETED,1,180,1.0599,21.8,24.234,24.234,0.953,2.894,FUEL202504,263.62,294.04,92.43,True,Synthetic cost model; fuel unit-price benchmark from EPPO,True
T00720,L_SSK,LAST_MILE,V035,H_SSK,H_SSK,20250501_SSK,2025-05-01T08:30:00+07:00,2025-05-01T12:49:24+07:00,2025-05-01T08:30:00+07:00,,,2025-05-01T13:49:15+07:00,COMPLETED,20,1234.61,5.747,56.0,53.856,53.856,2.152,7.923,FUEL202505,853.25,909.4,253.06,True,Synthetic cost model; fuel unit-price benchmark from EPPO,True
T00721,L_CNX,LAST_MILE,V025,H_CNX,H_CNX,20250501_CNX,2025-05-01T11:55:00+07:00,2025-05-01T16:15:14+07:00,2025-05-01T11:55:00+07:00,,,2025-05-01T17:33:04+07:00,COMPLETED,20,1057.29,4.5636,56.0,54.244,54.244,2.163,6.921,FUEL202505,853.25,878.93,221.06,True,Synthetic cost model; fuel unit-price benchmark from EPPO,True
T00722,L_CNX,LAST_MILE,V025,H_CNX,H_CNX,20250502_CNX,2025-05-02T08:30:00+07:00,2025-05-02T12:35:18+07:00,2025-05-02T08:30:00+07:00,,,2025-05-02T13:44:43+07:00,COMPLETED,19,1140.33,5.2243,54.2,50.635,50.635,1.832,6.6,FUEL202505,822.22,821.93,210.8,True,Synthetic cost model; fuel unit-price benchmark from EPPO,True
T00723,L_KKC,LAST_MILE,V032,H_KKC,H_KKC,20250502_KKC,2025-05-02T08:30:00+07:00,2025-05-02T12:45:04+07:00,2025-05-02T08:30:00+07:00,,,2025-05-02T14:17:02+07:00,COMPLETED,18,1078.91,4.4891,52.4,58.554,58.554,2.17,7.392,FUEL202505,791.19,870.34,236.1,True,Synthetic cost model; fuel unit-price benchmark from EPPO,True
T00724,L_CNX,LAST_MILE,V026,H_CNX,H_CNX,20250502_CNX,2025-05-02T08:30:00+07:00,2025-05-02T09:49:30+07:00,2025-05-02T08:30:00+07:00,,,2025-05-02T11:14:21+07:00,COMPLETED,3,277.22,1.5447,25.4,27.024,27.024,1.06,3.372,FUEL202505,325.69,355.15,107.7,True,Synthetic cost model; fuel unit-price benchmark from EPPO,True
T00725,L_KSN,LAST_MILE,V034,H_KSN,H_KSN,20250503_KSN,2025-05-03T08:30:00+07:00,2025-05-03T12:22:38+07:00,2025-05-03T08:30:00+07:00,,,2025-05-03T13:09:22+07:00,COMPLETED,18,1690.69,8.4436,52.4,48.089,48.089,1.778,6.127,FUEL202505,791.19,781.51,195.7,True,Synthetic cost model; fuel unit-price benchmark from EPPO,True
T00726,L_KSN,LAST_MILE,V033,H_KSN,H_KSN,20250503_KSN,2025-05-03T08:30:00+07:00,2025-05-03T09:37:58+07:00,2025-05-04T08:30:00+07:00,,,2025-05-04T10:05:31+07:00,COMPLETED,2,221.89,1.3699,23.6,25.0,25.0,0.906,2.982,FUEL202505,294.66,311.5,95.25,True,Synthetic cost model; fuel unit-price benchmark from EPPO,True
T00727,L_CNX,LAST_MILE,V028,H_CNX,H_CNX,20250503_CNX,2025-05-03T08:30:00+07:00,2025-05-03T09:24:42+07:00,2025-05-03T08:30:00+07:00,,,2025-05-03T10:28:57+07:00,COMPLETED,1,41.15,0.2092,21.8,22.167,22.167,0.856,2.844,FUEL202505,263.62,281.46,90.84,True,Synthetic cost model; fuel unit-price benchmark from EPPO,True
T00728,L_CNX,LAST_MILE,V027,H_CNX,H_CNX,20250503_CNX,2025-05-03T14:14:00+07:00,2025-05-03T15:19:17+07:00,2025-05-03T14:14:00+07:00,,,2025-05-03T16:27:43+07:00,COMPLETED,2,88.0,0.3778,23.6,23.746,23.746,0.821,2.689,FUEL202505,294.66,293.68,85.89,True,Synthetic cost model; fuel unit-price benchmark from EPPO,True
T00729,L_KKC,LAST_MILE,V031,H_KKC,H_KKC,20250503_KKC,2025-05-03T14:47:00+07:00,2025-05-03T15:48:52+07:00,2025-05-03T14:47:00+07:00,,,2025-05-03T16:43:58+07:00,COMPLETED,2,103.39,0.4782,23.6,22.155,22.155,0.704,2.57,FUEL202505,294.66,278.5,82.09,True,Synthetic cost model; fuel unit-price benchmark from EPPO,True
T00730,L_KSN,LAST_MILE,V034,H_KSN,H_KSN,20250504_KSN,2025-05-04T08:30:00+07:00,2025-05-04T12:33:37+07:00,2025-05-04T08:30:00+07:00,,,2025-05-04T13:00:11+07:00,COMPLETED,19,1113.78,4.7572,54.2,49.851,49.851,2.002,6.223,FUEL202505,822.22,820.24,198.76,True,Synthetic cost model; fuel unit-price benchmark from EPPO,True
T00731,L_KKC,LAST_MILE,V031,H_KKC,H_KKC,20250504_KKC,2025-05-04T08:30:00+07:00,2025-05-04T12:54:45+07:00,2025-05-04T08:30:00+07:00,,,2025-05-04T14:31:15+07:00,COMPLETED,20,1564.33,6.9354,56.0,56.355,56.355,2.269,7.238,FUEL202505,853.25,900.74,231.18,True,Synthetic cost model; fuel unit-price benchmark from EPPO,True
T00732,L_KSN,LAST_MILE,V033,H_KSN,H_KSN,20250504_KSN,2025-05-04T08:30:00+07:00,2025-05-04T12:45:24+07:00,2025-05-05T08:30:00+07:00,,,2025-05-05T13:04:19+07:00,COMPLETED,19,1373.89,6.1967,54.2,55.354,55.354,1.767,7.402,FUEL202505,822.22,852.42,236.42,True,Synthetic cost model; fuel unit-price benchmark from EPPO,True
T00733,L_KKC,LAST_MILE,V032,H_KKC,H_KKC,20250504_KKC,2025-05-04T08:30:00+07:00,2025-05-04T13:00:01+07:00,2025-05-04T08:30:00+07:00,,,2025-05-04T14:10:25+07:00,COMPLETED,20,1394.77,5.8191,56.0,58.811,58.811,2.148,7.422,FUEL202505,853.25,903.07,237.06,True,Synthetic cost model; fuel unit-price benchmark from EPPO,True
T00734,L_KSN,LAST_MILE,V034,H_KSN,H_KSN,20250504_KSN,2025-05-04T08:30:00+07:00,2025-05-04T12:47:05+07:00,2025-05-05T08:30:00+07:00,,,2025-05-05T13:27:47+07:00,COMPLETED,19,1139.29,4.9923,54.2,56.139,56.139,1.924,7.022,FUEL202505,822.22,852.83,224.28,True,Synthetic cost model; fuel unit-price benchmark from EPPO,True
T00735,L_CNX,LAST_MILE,V025,H_CNX,H_CNX,20250504_CNX,2025-05-04T10:29:00+07:00,2025-05-04T14:58:06+07:00,2025-05-04T10:29:00+07:00,,,2025-05-04T15:38:20+07:00,COMPLETED,20,1298.85,5.7187,56.0,58.387,58.387,1.965,7.593,FUEL202505,853.25,894.87,242.52,True,Synthetic cost model; fuel unit-price benchmark from EPPO,True
T00736,L_KSN,LAST_MILE,V033,H_KSN,H_KSN,20250504_KSN,2025-05-04T13:39:00+07:00,2025-05-04T14:29:47+07:00,2025-05-06T08:30:00+07:00,,,2025-05-06T09:59:07+07:00,COMPLETED,1,180,0.8677,21.8,20.345,20.345,0.71,2.483,FUEL202505,263.62,256.08,79.31,True,Synthetic cost model; fuel unit-price benchmark from EPPO,True
T00737,L_BKK,LAST_MILE,V029,H_BKK,H_BKK,20250505_BKK,2025-05-05T08:44:00+07:00,2025-05-05T13:21:45+07:00,2025-05-05T08:44:00+07:00,,,2025-05-05T14:08:16+07:00,COMPLETED,20,933.33,4.6089,56.0,62.418,62.418,2.187,7.488,FUEL202505,853.25,915.12,239.17,True,Synthetic cost model; fuel unit-price benchmark from EPPO,True
T00738,L_KSN,LAST_MILE,V034,H_KSN,H_KSN,20250505_KSN,2025-05-05T10:35:00+07:00,2025-05-05T11:45:09+07:00,2025-05-06T08:30:00+07:00,,,2025-05-06T10:27:07+07:00,COMPLETED,2,221.89,1.3699,23.6,26.022,26.022,1.035,2.884,FUEL202505,294.66,319.4,92.11,True,Synthetic cost model; fuel unit-price benchmark from EPPO,True
T00739,L_KKC,LAST_MILE,V031,H_KKC,H_KKC,20250505_KKC,2025-05-05T14:40:00+07:00,2025-05-05T15:36:30+07:00,2025-05-05T14:40:00+07:00,,,2025-05-05T16:36:26+07:00,COMPLETED,1,62.19,0.2594,21.8,23.009,23.009,0.844,2.593,FUEL202505,263.62,274.35,82.82,True,Synthetic cost model; fuel unit-price benchmark from EPPO,True
T00740,L_KKC,LAST_MILE,V032,H_KKC,H_KKC,20250505_KKC,2025-05-05T15:01:00+07:00,2025-05-05T16:11:14+07:00,2025-05-05T15:01:00+07:00,,,2025-05-05T17:19:26+07:00,COMPLETED,2,190.93,0.7697,23.6,26.057,26.057,1.04,2.952,FUEL202505,294.66,322.0,94.29,True,Synthetic cost model; fuel unit-price benchmark from EPPO,True
T00741,L_CNX,LAST_MILE,V027,H_CNX,H_CNX,20250505_CNX,2025-05-05T16:08:00+07:00,2025-05-05T16:59:23+07:00,2025-05-05T16:08:00+07:00,,,2025-05-05T17:30:52+07:00,COMPLETED,1,24.88,0.0921,21.8,20.623,20.623,0.733,2.29,FUEL202505,263.62,252.09,73.14,True,Synthetic cost model; fuel unit-price benchmark from EPPO,True
T00742,L_CNX,LAST_MILE,V026,H_CNX,H_CNX,20250506_CNX,2025-05-06T08:30:00+07:00,2025-05-06T12:24:49+07:00,2025-05-06T08:30:00+07:00,,,2025-05-06T13:13:09+07:00,COMPLETED,18,1475.56,6.9965,52.4,49.105,49.105,1.778,6.29,FUEL202505,791.19,788.76,200.9,True,Synthetic cost model; fuel unit-price benchmark from EPPO,True
T00743,L_KSN,LAST_MILE,V033,H_KSN,H_KSN,20250506_KSN,2025-05-06T13:57:00+07:00,2025-05-06T15:03:11+07:00,2025-05-07T08:30:00+07:00,,,2025-05-07T11:00:51+07:00,COMPLETED,2,63.92,0.2991,23.6,24.168,24.168,0.868,2.969,FUEL202505,294.66,306.75,94.83,True,Synthetic cost model; fuel unit-price benchmark from EPPO,True
T00744,L_BKK,LAST_MILE,V029,H_BKK,H_BKK,20250506_BKK,2025-05-06T14:38:00+07:00,2025-05-06T15:35:59+07:00,2025-05-06T14:38:00+07:00,,,2025-05-06T16:39:23+07:00,COMPLETED,1,32.5,0.1254,21.8,23.701,23.701,0.959,2.617,FUEL202505,263.62,284.5,83.59,True,Synthetic cost model; fuel unit-price benchmark from EPPO,True
T00745,L_LPT,LAST_MILE,V043,H_LPT,H_LPT,20250507_LPT,2025-05-07T10:54:00+07:00,2025-05-07T14:59:56+07:00,2025-05-07T10:54:00+07:00,,,2025-05-07T15:22:23+07:00,COMPLETED,19,1432.44,6.0991,54.2,50.931,50.931,1.876,6.695,FUEL202505,822.22,828.63,213.84,True,Synthetic cost model; fuel unit-price benchmark from EPPO,True
T00746,L_KKC,LAST_MILE,V031,H_KKC,H_KKC,20250508_KKC,2025-05-08T08:30:00+07:00,2025-05-08T12:27:50+07:00,2025-05-08T08:30:00+07:00,,,2025-05-08T14:15:39+07:00,COMPLETED,18,1443.53,6.8505,52.4,50.513,50.513,1.986,6.763,FUEL202505,791.19,821.23,216.01,True,Synthetic cost model; fuel unit-price benchmark from EPPO,True
T00747,L_CNX,LAST_MILE,V027,H_CNX,H_CNX,20250508_CNX,2025-05-08T08:30:00+07:00,2025-05-08T13:03:30+07:00,2025-05-08T08:30:00+07:00,,,2025-05-08T13:54:00+07:00,COMPLETED,20,1153.68,5.044,56.0,60.436,60.436,1.986,7.121,FUEL202505,853.25,885.31,227.44,True,Synthetic cost model; fuel unit-price benchmark from EPPO,True
T00748,L_CNX,LAST_MILE,V028,H_CNX,H_CNX,20250508_CNX,2025-05-08T08:30:00+07:00,2025-05-08T12:34:46+07:00,2025-05-08T08:30:00+07:00,,,2025-05-08T13:30:53+07:00,COMPLETED,18,935.61,4.3675,52.4,53.75,53.75,2.024,7.08,FUEL202505,791.19,840.53,226.14,True,Synthetic cost model; fuel unit-price benchmark from EPPO,True
T00749,L_BKK,LAST_MILE,V030,H_BKK,H_BKK,20250508_BKK,2025-05-08T08:48:00+07:00,2025-05-08T13:08:22+07:00,2025-05-08T08:48:00+07:00,,,2025-05-08T14:05:26+07:00,COMPLETED,20,1354.6,6.2496,56.0,54.309,54.309,1.866,6.607,FUEL202505,853.25,848.27,211.03,True,Synthetic cost model; fuel unit-price benchmark from EPPO,True
T00750,L_LPT,LAST_MILE,V044,H_LPT,H_LPT,20250508_LPT,2025-05-08T15:52:00+07:00,2025-05-08T16:47:06+07:00,2025-05-08T15:52:00+07:00,,,2025-05-08T18:01:21+07:00,COMPLETED,1,95.32,0.5131,21.8,22.358,22.358,0.91,2.566,FUEL202505,263.62,276.74,81.96,True,Synthetic cost model; fuel unit-price benchmark from EPPO,True
T00751,L_NMA,LAST_MILE,V037,H_NMA,H_NMA,20250509_NMA,2025-05-09T08:30:00+07:00,2025-05-09T12:44:01+07:00,2025-05-09T08:30:00+07:00,,,2025-05-09T14:28:14+07:00,COMPLETED,18,1605.12,6.539,52.4,58.066,58.066,2.374,7.565,FUEL202505,791.19,889.11,241.63,True,Synthetic cost model; fuel unit-price benchmark from EPPO,True
T00752,L_CNX,LAST_MILE,V025,H_CNX,H_CNX,20250509_CNX,2025-05-09T08:30:00+07:00,2025-05-09T12:54:55+07:00,2025-05-09T08:30:00+07:00,,,2025-05-09T13:51:08+07:00,COMPLETED,20,1549.22,6.9547,56.0,56.432,56.432,1.903,7.296,FUEL202505,853.25,877.11,233.03,True,Synthetic cost model; fuel unit-price benchmark from EPPO,True
T00753,L_CNX,LAST_MILE,V027,H_CNX,H_CNX,20250509_CNX,2025-05-09T08:30:00+07:00,2025-05-09T12:53:49+07:00,2025-05-09T08:30:00+07:00,,,2025-05-09T13:28:37+07:00,COMPLETED,20,1566.84,7.2227,56.0,55.919,55.919,2.136,6.811,FUEL202505,853.25,876.9,217.54,True,Synthetic cost model; fuel unit-price benchmark from EPPO,True
T00754,L_RYG,LAST_MILE,V045,H_RYG,H_RYG,20250509_RYG,2025-05-09T08:30:00+07:00,2025-05-09T12:46:08+07:00,2025-05-09T08:30:00+07:00,,,2025-05-09T13:58:05+07:00,COMPLETED,20,1372.18,6.0546,56.0,52.331,52.331,2.036,6.579,FUEL202505,853.25,855.32,210.13,True,Synthetic cost model; fuel unit-price benchmark from EPPO,True
T00755,L_CNX,LAST_MILE,V028,H_CNX,H_CNX,20250509_CNX,2025-05-09T14:00:00+07:00,2025-05-09T14:57:52+07:00,2025-05-09T14:00:00+07:00,,,2025-05-09T15:39:29+07:00,COMPLETED,1,130.76,0.7751,21.8,23.651,23.651,0.96,2.932,FUEL202505,263.62,294.57,93.65,True,Synthetic cost model; fuel unit-price benchmark from EPPO,True
T00756,L_CNX,LAST_MILE,V026,H_CNX,H_CNX,20250509_CNX,2025-05-09T14:24:00+07:00,2025-05-09T15:17:36+07:00,2025-05-09T14:24:00+07:00,,,2025-05-09T16:16:19+07:00,COMPLETED,1,21.39,0.0923,21.8,21.656,21.656,0.868,2.546,FUEL202505,263.62,271.79,81.32,True,Synthetic cost model; fuel unit-price benchmark from EPPO,True
T00757,L_BKK,LAST_MILE,V029,H_BKK,H_BKK,20250509_BKK,2025-05-09T14:35:00+07:00,2025-05-09T15:57:29+07:00,2025-05-09T14:35:00+07:00,,,2025-05-09T17:01:45+07:00,COMPLETED,4,337.02,1.4027,27.2,25.055,25.055,1.022,2.873,FUEL202505,356.72,349.01,91.76,True,Synthetic cost model; fuel unit-price benchmark from EPPO,True
T00758,L_KKC,LAST_MILE,V032,H_KKC,H_KKC,20250509_KKC,2025-05-09T14:45:00+07:00,2025-05-09T15:34:18+07:00,2025-05-09T14:45:00+07:00,,,2025-05-09T15:53:57+07:00,COMPLETED,1,107.66,0.661,21.8,19.649,19.649,0.723,2.213,FUEL202505,263.62,246.95,70.68,True,Synthetic cost model; fuel unit-price benchmark from EPPO,True
T00759,L_KKC,LAST_MILE,V031,H_KKC,H_KKC,20250510_KKC,2025-05-10T08:30:00+07:00,2025-05-10T13:01:53+07:00,2025-05-10T08:30:00+07:00,,,2025-05-10T13:26:26+07:00,COMPLETED,20,1461.71,6.9221,56.0,59.684,59.684,2.288,7.298,FUEL202505,853.25,910.61,233.1,True,Synthetic cost model; fuel unit-price benchmark from EPPO,True
T00760,L_BKK,LAST_MILE,V030,H_BKK,H_BKK,20250510_BKK,2025-05-10T08:30:00+07:00,2025-05-10T12:39:35+07:00,2025-05-10T08:30:00+07:00,,,2025-05-10T13:58:48+07:00,COMPLETED,19,1334.01,5.9983,54.2,52.636,52.636,1.647,6.834,FUEL202505,822.22,820.47,218.28,True,Synthetic cost model; fuel unit-price benchmark from EPPO,True
T00761,L_CNX,LAST_MILE,V027,H_CNX,H_CNX,20250510_CNX,2025-05-10T13:58:00+07:00,2025-05-10T15:07:18+07:00,2025-05-10T13:58:00+07:00,,,2025-05-10T16:04:31+07:00,COMPLETED,2,98.73,0.5307,23.6,25.625,25.625,0.802,2.904,FUEL202505,294.66,302.97,92.75,True,Synthetic cost model; fuel unit-price benchmark from EPPO,True
T00762,L_CNX,LAST_MILE,V025,H_CNX,H_CNX,20250510_CNX,2025-05-10T14:21:00+07:00,2025-05-10T15:19:14+07:00,2025-05-10T14:21:00+07:00,,,2025-05-10T16:19:04+07:00,COMPLETED,1,27.16,0.0928,21.8,23.817,23.817,0.75,2.854,FUEL202505,263.62,277.69,91.16,True,Synthetic cost model; fuel unit-price benchmark from EPPO,True
T00763,L_KSN,LAST_MILE,V033,H_KSN,H_KSN,20250510_KSN,2025-05-10T16:09:00+07:00,2025-05-10T20:42:40+07:00,2025-05-10T16:09:00+07:00,,,2025-05-10T21:30:14+07:00,COMPLETED,20,1412.25,6.4268,56.0,60.517,60.517,2.38,7.91,FUEL202505,853.25,938.28,252.65,True,Synthetic cost model; fuel unit-price benchmark from EPPO,True
T00764,L_CNX,LAST_MILE,V027,H_CNX,H_CNX,20250511_CNX,2025-05-11T08:30:00+07:00,2025-05-11T12:23:06+07:00,2025-05-11T08:30:00+07:00,,,2025-05-11T13:36:58+07:00,COMPLETED,18,1114.99,4.7926,52.4,48.305,48.305,1.979,5.911,FUEL202505,791.19,789.17,188.8,True,Synthetic cost model; fuel unit-price benchmark from EPPO,True
T00765,L_UTH,LAST_MILE,V040,H_UTH,H_UTH,20250511_UTH,2025-05-11T08:30:00+07:00,2025-05-11T12:51:09+07:00,2025-05-11T08:30:00+07:00,,,2025-05-11T13:57:25+07:00,COMPLETED,19,1407.41,6.3243,54.2,58.033,58.033,2.384,7.484,FUEL202505,822.22,903.56,239.04,True,Synthetic cost model; fuel unit-price benchmark from EPPO,True
T00766,L_BKK,LAST_MILE,V030,H_BKK,H_BKK,20250511_BKK,2025-05-11T14:28:00+07:00,2025-05-11T15:17:17+07:00,2025-05-11T14:28:00+07:00,,,2025-05-11T16:06:27+07:00,COMPLETED,1,41.1,0.2447,21.8,19.64,19.64,0.674,2.196,FUEL202505,263.62,242.98,70.14,True,Synthetic cost model; fuel unit-price benchmark from EPPO,True
T00767,L_CNX,LAST_MILE,V027,H_CNX,H_CNX,20250512_CNX,2025-05-12T08:30:00+07:00,2025-05-12T12:34:06+07:00,2025-05-12T08:30:00+07:00,,,2025-05-12T13:15:16+07:00,COMPLETED,19,1235.06,5.8099,54.2,50.074,50.074,2.063,5.939,FUEL202505,822.22,815.87,189.69,True,Synthetic cost model; fuel unit-price benchmark from EPPO,True
T00768,L_CNX,LAST_MILE,V025,H_CNX,H_CNX,20250512_CNX,2025-05-12T14:06:00+07:00,2025-05-12T15:23:25+07:00,2025-05-12T14:06:00+07:00,,,2025-05-12T16:32:09+07:00,COMPLETED,3,295.99,1.2994,25.4,26.054,26.054,1.003,3.057,FUEL202505,325.69,339.13,97.64,True,Synthetic cost model; fuel unit-price benchmark from EPPO,True
T00769,L_UTH,LAST_MILE,V039,H_UTH,H_UTH,20250512_UTH,2025-05-12T14:27:00+07:00,2025-05-12T15:21:02+07:00,2025-05-12T14:27:00+07:00,,,2025-05-12T16:16:52+07:00,COMPLETED,1,180,1.0898,21.8,21.862,21.862,0.834,2.64,FUEL202505,263.62,272.84,84.32,True,Synthetic cost model; fuel unit-price benchmark from EPPO,True
T00770,L_BKK,LAST_MILE,V029,H_BKK,H_BKK,20250513_BKK,2025-05-13T08:30:00+07:00,2025-05-13T12:46:15+07:00,2025-05-13T08:30:00+07:00,,,2025-05-13T13:48:16+07:00,COMPLETED,20,1736.67,7.9215,56.0,52.39,52.39,1.762,6.599,FUEL202505,853.25,836.87,210.77,True,Synthetic cost model; fuel unit-price benchmark from EPPO,True
T00771,L_BKK,LAST_MILE,V030,H_BKK,H_BKK,20250513_BKK,2025-05-13T08:30:00+07:00,2025-05-13T13:04:53+07:00,2025-05-13T08:30:00+07:00,,,2025-05-13T14:10:16+07:00,COMPLETED,20,1420.01,6.086,56.0,61.084,61.084,2.511,7.47,FUEL202505,853.25,934.55,238.59,True,Synthetic cost model; fuel unit-price benchmark from EPPO,True
T00772,L_RYG,LAST_MILE,V045,H_RYG,H_RYG,20250513_RYG,2025-05-13T08:30:00+07:00,2025-05-13T12:59:00+07:00,2025-05-13T08:30:00+07:00,,,2025-05-13T14:05:30+07:00,COMPLETED,20,951.16,4.2916,56.0,58.334,58.334,2.065,7.095,FUEL202505,853.25,885.86,226.61,True,Synthetic cost model; fuel unit-price benchmark from EPPO,True
T00773,L_SSK,LAST_MILE,V035,H_SSK,H_SSK,20250514_SSK,2025-05-14T08:30:00+07:00,2025-05-14T12:25:24+07:00,2025-05-14T08:30:00+07:00,,,2025-05-14T12:58:28+07:00,COMPLETED,18,1292.4,5.729,52.4,49.375,49.375,1.732,7.006,FUEL202505,791.19,808.97,223.77,True,Synthetic cost model; fuel unit-price benchmark from EPPO,True
T00774,L_CNX,LAST_MILE,V026,H_CNX,H_CNX,20250514_CNX,2025-05-14T11:18:00+07:00,2025-05-14T15:19:22+07:00,2025-05-14T11:18:00+07:00,,,2025-05-14T16:42:21+07:00,COMPLETED,19,1156.1,5.8902,54.2,48.802,48.802,1.789,6.51,FUEL202505,822.22,812.36,207.93,True,Synthetic cost model; fuel unit-price benchmark from EPPO,True
T00775,L_RYG,LAST_MILE,V046,H_RYG,H_RYG,20250514_RYG,2025-05-14T14:35:00+07:00,2025-05-14T15:45:21+07:00,2025-05-14T14:35:00+07:00,,,2025-05-14T16:11:06+07:00,COMPLETED,2,88.7,0.4235,23.6,26.11,26.11,0.86,2.916,FUEL202505,294.66,308.38,93.14,True,Synthetic cost model; fuel unit-price benchmark from EPPO,True
T00776,L_CNX,LAST_MILE,V027,H_CNX,H_CNX,20250515_CNX,2025-05-15T08:30:00+07:00,2025-05-15T12:38:52+07:00,2025-05-15T08:30:00+07:00,,,2025-05-15T13:43:47+07:00,COMPLETED,19,1534.21,6.915,54.2,52.3,52.3,2.025,6.353,FUEL202505,822.22,830.83,202.91,True,Synthetic cost model; fuel unit-price benchmark from EPPO,True
T00777,L_KSN,LAST_MILE,V033,H_KSN,H_KSN,20250515_KSN,2025-05-15T08:30:00+07:00,2025-05-15T12:46:37+07:00,2025-05-15T08:30:00+07:00,,,2025-05-15T13:35:12+07:00,COMPLETED,20,1236.05,5.5686,56.0,52.559,52.559,1.903,6.774,FUEL202505,853.25,852.68,216.36,True,Synthetic cost model; fuel unit-price benchmark from EPPO,True
T00778,L_NMA,LAST_MILE,V037,H_NMA,H_NMA,20250515_NMA,2025-05-15T08:30:00+07:00,2025-05-15T13:04:39+07:00,2025-05-15T08:30:00+07:00,,,2025-05-15T13:49:10+07:00,COMPLETED,20,1425.46,6.3758,56.0,60.97,60.97,1.934,7.516,FUEL202505,853.25,895.37,240.06,True,Synthetic cost model; fuel unit-price benchmark from EPPO,True
T00779,L_SSK,LAST_MILE,V036,H_SSK,H_SSK,20250515_SSK,2025-05-15T13:28:00+07:00,2025-05-15T14:18:05+07:00,2025-05-15T13:28:00+07:00,,,2025-05-15T14:51:29+07:00,COMPLETED,1,174.4,0.5962,21.8,20.017,20.017,0.68,2.469,FUEL202505,263.62,252.92,78.86,True,Synthetic cost model; fuel unit-price benchmark from EPPO,True
T00780,L_UTH,LAST_MILE,V039,H_UTH,H_UTH,20250516_UTH,2025-05-16T08:30:00+07:00,2025-05-16T12:49:20+07:00,2025-05-16T08:30:00+07:00,,,2025-05-16T14:16:17+07:00,COMPLETED,20,1450.91,6.3425,56.0,53.824,53.824,2.038,7.464,FUEL202505,853.25,886.73,238.4,True,Synthetic cost model; fuel unit-price benchmark from EPPO,True
T00781,L_BKK,LAST_MILE,V029,H_BKK,H_BKK,20250516_BKK,2025-05-16T08:30:00+07:00,2025-05-16T12:43:38+07:00,2025-05-16T08:30:00+07:00,,,2025-05-16T13:52:08+07:00,COMPLETED,19,1140.4,5.0307,54.2,54.525,54.525,1.85,6.818,FUEL202505,822.22,837.93,217.77,True,Synthetic cost model; fuel unit-price benchmark from EPPO,True
T00782,L_KSN,LAST_MILE,V034,H_KSN,H_KSN,20250516_KSN,2025-05-16T14:05:00+07:00,2025-05-16T15:04:19+07:00,2025-05-16T14:05:00+07:00,,,2025-05-16T16:16:53+07:00,COMPLETED,1,110.28,0.5244,21.8,24.328,24.328,1.0,2.674,FUEL202505,263.62,290.5,85.41,True,Synthetic cost model; fuel unit-price benchmark from EPPO,True
T00783,L_CNX,LAST_MILE,V027,H_CNX,H_CNX,20250516_CNX,2025-05-16T14:13:00+07:00,2025-05-16T15:03:02+07:00,2025-05-16T14:13:00+07:00,,,2025-05-16T15:53:23+07:00,COMPLETED,1,155.64,0.7203,21.8,19.995,19.995,0.781,2.275,FUEL202505,263.62,253.75,72.66,True,Synthetic cost model; fuel unit-price benchmark from EPPO,True
T00784,L_NMA,LAST_MILE,V037,H_NMA,H_NMA,20250516_NMA,2025-05-16T14:19:00+07:00,2025-05-16T15:14:04+07:00,2025-05-16T14:19:00+07:00,,,2025-05-16T16:08:32+07:00,COMPLETED,1,66.73,0.2261,21.8,22.338,22.338,0.8,2.482,FUEL202505,263.62,266.35,79.28,True,Synthetic cost model; fuel unit-price benchmark from EPPO,True
T00785,L_CNX,LAST_MILE,V026,H_CNX,H_CNX,20250517_CNX,2025-05-17T08:30:00+07:00,2025-05-17T12:32:18+07:00,2025-05-17T08:30:00+07:00,,,2025-05-17T12:52:46+07:00,COMPLETED,18,1153.27,5.014,52.4,52.597,52.597,1.898,6.734,FUEL202505,791.19,818.33,215.08,True,Synthetic cost model; fuel unit-price benchmark from EPPO,True
T00786,L_CNX,LAST_MILE,V025,H_CNX,H_CNX,20250517_CNX,2025-05-17T09:25:00+07:00,2025-05-17T13:59:31+07:00,2025-05-17T09:25:00+07:00,,,2025-05-17T14:15:47+07:00,COMPLETED,20,1534.82,6.3861,56.0,60.913,60.913,1.936,7.866,FUEL202505,853.25,906.55,251.24,True,Synthetic cost model; fuel unit-price benchmark from EPPO,True
T00787,L_RET,LAST_MILE,V041,H_RET,H_RET,20250518_RET,2025-05-18T08:30:00+07:00,2025-05-18T12:59:21+07:00,2025-05-18T08:30:00+07:00,,,2025-05-18T13:25:50+07:00,COMPLETED,20,1284.32,6.0357,56.0,58.499,58.499,2.327,6.842,FUEL202505,853.25,896.45,218.53,True,Synthetic cost model; fuel unit-price benchmark from EPPO,True
T00788,L_UTH,LAST_MILE,V039,H_UTH,H_UTH,20250518_UTH,2025-05-18T08:30:00+07:00,2025-05-18T12:31:19+07:00,2025-05-18T08:30:00+07:00,,,2025-05-18T13:05:08+07:00,COMPLETED,18,1333.4,5.9443,52.4,52.137,52.137,2.115,6.703,FUEL202505,791.19,831.58,214.09,True,Synthetic cost model; fuel unit-price benchmark from EPPO,True
T00789,L_UTH,LAST_MILE,V040,H_UTH,H_UTH,20250518_UTH,2025-05-18T08:30:00+07:00,2025-05-18T12:20:53+07:00,2025-05-18T08:30:00+07:00,,,2025-05-18T13:03:52+07:00,COMPLETED,17,1187.89,5.0238,50.6,50.63,50.63,1.834,6.005,FUEL202505,760.16,770.24,191.8,True,Synthetic cost model; fuel unit-price benchmark from EPPO,True
T00790,L_CNX,LAST_MILE,V028,H_CNX,H_CNX,20250518_CNX,2025-05-18T13:22:00+07:00,2025-05-18T14:19:56+07:00,2025-05-18T13:22:00+07:00,,,2025-05-18T15:17:22+07:00,COMPLETED,1,76.55,0.2776,21.8,23.678,23.678,0.954,3.001,FUEL202505,263.62,296.37,95.85,True,Synthetic cost model; fuel unit-price benchmark from EPPO,True
T00791,L_CNX,LAST_MILE,V025,H_CNX,H_CNX,20250518_CNX,2025-05-18T14:45:00+07:00,2025-05-18T15:48:20+07:00,2025-05-18T14:45:00+07:00,,,2025-05-18T16:48:46+07:00,COMPLETED,2,91.03,0.4143,23.6,22.841,22.841,0.924,2.71,FUEL202505,294.66,299.7,86.56,True,Synthetic cost model; fuel unit-price benchmark from EPPO,True
T00792,L_CNX,LAST_MILE,V028,H_CNX,H_CNX,20250519_CNX,2025-05-19T08:30:00+07:00,2025-05-19T13:05:51+07:00,2025-05-19T08:30:00+07:00,,,2025-05-19T14:08:55+07:00,COMPLETED,20,1380.22,6.2828,56.0,61.536,61.536,2.464,8.394,FUEL202505,853.25,961.68,268.1,True,Synthetic cost model; fuel unit-price benchmark from EPPO,True
T00793,L_KKC,LAST_MILE,V031,H_KKC,H_KKC,20250519_KKC,2025-05-19T08:30:00+07:00,2025-05-19T12:34:46+07:00,2025-05-19T08:30:00+07:00,,,2025-05-19T13:31:53+07:00,COMPLETED,19,1791.7,8.1939,54.2,50.391,50.391,1.667,6.33,FUEL202505,822.22,801.26,202.18,True,Synthetic cost model; fuel unit-price benchmark from EPPO,True
T00794,L_UTH,LAST_MILE,V039,H_UTH,H_UTH,20250519_UTH,2025-05-19T08:30:00+07:00,2025-05-19T12:48:49+07:00,2025-05-19T08:30:00+07:00,,,2025-05-19T14:09:10+07:00,COMPLETED,20,1434.74,6.262,56.0,53.582,53.582,2.215,7.311,FUEL202505,853.25,893.74,233.51,True,Synthetic cost model; fuel unit-price benchmark from EPPO,True
T00795,L_CNX,LAST_MILE,V027,H_CNX,H_CNX,20250519_CNX,2025-05-19T10:32:00+07:00,2025-05-19T14:47:05+07:00,2025-05-19T10:32:00+07:00,,,2025-05-19T16:03:14+07:00,COMPLETED,19,1329.67,6.0352,54.2,55.206,55.206,2.123,6.597,FUEL202505,822.22,851.33,210.71,True,Synthetic cost model; fuel unit-price benchmark from EPPO,True
T00796,L_UTH,LAST_MILE,V040,H_UTH,H_UTH,20250519_UTH,2025-05-19T13:33:00+07:00,2025-05-19T14:55:08+07:00,2025-05-19T13:33:00+07:00,,,2025-05-19T15:34:59+07:00,COMPLETED,3,234.09,0.9838,25.4,28.249,28.249,0.937,3.28,FUEL202505,325.69,346.07,104.76,True,Synthetic cost model; fuel unit-price benchmark from EPPO,True
T00797,L_UTH,LAST_MILE,V039,H_UTH,H_UTH,20250519_UTH,2025-05-19T13:35:00+07:00,2025-05-19T14:40:08+07:00,2025-05-20T08:30:00+07:00,,,2025-05-20T10:26:32+07:00,COMPLETED,2,163.52,0.6322,23.6,23.683,23.683,0.951,2.931,FUEL202505,294.66,310.33,93.62,True,Synthetic cost model; fuel unit-price benchmark from EPPO,True
T00798,L_RET,LAST_MILE,V041,H_RET,H_RET,20250520_RET,2025-05-20T08:30:00+07:00,2025-05-20T12:37:07+07:00,2025-05-20T08:30:00+07:00,,,2025-05-20T14:27:50+07:00,COMPLETED,18,925.37,4.0031,52.4,54.843,54.843,2.201,6.496,FUEL202505,791.19,836.46,207.48,True,Synthetic cost model; fuel unit-price benchmark from EPPO,True
T00799,L_NMA,LAST_MILE,V038,H_NMA,H_NMA,20250520_NMA,2025-05-20T08:30:00+07:00,2025-05-20T12:45:06+07:00,2025-05-20T08:30:00+07:00,,,2025-05-20T13:08:47+07:00,COMPLETED,20,1572.82,7.1679,56.0,51.851,51.851,2.029,6.166,FUEL202505,853.25,840.71,196.94,True,Synthetic cost model; fuel unit-price benchmark from EPPO,True
T00800,L_CNX,LAST_MILE,V027,H_CNX,H_CNX,20250520_CNX,2025-05-20T14:38:00+07:00,2025-05-20T15:46:52+07:00,2025-05-20T14:38:00+07:00,,,2025-05-20T17:17:04+07:00,COMPLETED,2,211.54,0.9483,23.6,25.419,25.419,0.942,2.904,FUEL202505,294.66,312.31,92.75,True,Synthetic cost model; fuel unit-price benchmark from EPPO,True
T00801,L_UTH,LAST_MILE,V040,H_UTH,H_UTH,20250520_UTH,2025-05-20T14:39:00+07:00,2025-05-20T16:20:28+07:00,2025-05-20T14:39:00+07:00,,,2025-05-20T16:57:47+07:00,COMPLETED,5,237.59,1.175,29.0,30.558,30.558,1.1,3.458,FUEL202505,387.76,400.53,110.45,True,Synthetic cost model; fuel unit-price benchmark from EPPO,True
T00802,L_BKK,LAST_MILE,V030,H_BKK,H_BKK,20250521_BKK,2025-05-21T08:30:00+07:00,2025-05-21T12:53:19+07:00,2025-05-21T08:30:00+07:00,,,2025-05-21T13:34:57+07:00,COMPLETED,20,1305.01,5.8474,56.0,55.684,55.684,1.961,6.578,FUEL202505,853.25,856.72,210.1,True,Synthetic cost model; fuel unit-price benchmark from EPPO,True
T00803,L_KKC,LAST_MILE,V031,H_KKC,H_KKC,20250521_KKC,2025-05-21T08:30:00+07:00,2025-05-21T12:44:19+07:00,2025-05-21T08:30:00+07:00,,,2025-05-21T13:23:23+07:00,COMPLETED,20,1514.57,6.7727,56.0,51.485,51.485,1.688,6.485,FUEL202505,853.25,826.26,207.13,True,Synthetic cost model; fuel unit-price benchmark from EPPO,True
T00804,L_CNX,LAST_MILE,V027,H_CNX,H_CNX,20250521_CNX,2025-05-21T08:30:00+07:00,2025-05-21T09:27:45+07:00,2025-05-21T08:30:00+07:00,,,2025-05-21T10:43:45+07:00,COMPLETED,1,40.12,0.2215,21.8,23.597,23.597,0.934,2.624,FUEL202505,263.62,282.79,83.81,True,Synthetic cost model; fuel unit-price benchmark from EPPO,True
T00805,L_NMA,LAST_MILE,V037,H_NMA,H_NMA,20250521_NMA,2025-05-21T13:38:00+07:00,2025-05-21T14:27:49+07:00,2025-05-21T13:38:00+07:00,,,2025-05-21T15:36:11+07:00,COMPLETED,1,31.15,0.1751,21.8,19.893,19.893,0.671,2.15,FUEL202505,263.62,241.8,68.67,True,Synthetic cost model; fuel unit-price benchmark from EPPO,True
T00806,L_RET,LAST_MILE,V041,H_RET,H_RET,20250521_RET,2025-05-21T14:57:00+07:00,2025-05-21T16:16:31+07:00,2025-05-21T14:57:00+07:00,,,2025-05-21T16:47:51+07:00,COMPLETED,3,152.18,0.6447,25.4,27.034,27.034,1.117,2.975,FUEL202505,325.69,346.45,95.02,True,Synthetic cost model; fuel unit-price benchmark from EPPO,True
T00807,L_CNX,LAST_MILE,V028,H_CNX,H_CNX,20250522_CNX,2025-05-22T08:30:00+07:00,2025-05-22T13:03:17+07:00,2025-05-22T08:30:00+07:00,,,2025-05-22T13:35:56+07:00,COMPLETED,20,1260.16,6.1946,56.0,60.336,60.336,1.991,8.152,FUEL202505,853.25,918.4,260.37,True,Synthetic cost model; fuel unit-price benchmark from EPPO,True
T00808,L_KSN,LAST_MILE,V034,H_KSN,H_KSN,20250522_KSN,2025-05-22T08:30:00+07:00,2025-05-22T12:44:47+07:00,2025-05-22T08:30:00+07:00,,,2025-05-22T13:41:23+07:00,COMPLETED,20,1478.12,6.53,56.0,51.699,51.699,1.983,6.474,FUEL202505,853.25,847.02,206.78,True,Synthetic cost model; fuel unit-price benchmark from EPPO,True
T00809,L_KKC,LAST_MILE,V032,H_KKC,H_KKC,20250522_KKC,2025-05-22T13:53:00+07:00,2025-05-22T14:48:07+07:00,2025-05-22T13:53:00+07:00,,,2025-05-22T15:59:23+07:00,COMPLETED,1,70.73,0.4217,21.8,22.367,22.367,0.841,2.512,FUEL202505,263.62,270.2,80.23,True,Synthetic cost model; fuel unit-price benchmark from EPPO,True
T00810,L_SSK,LAST_MILE,V036,H_SSK,H_SSK,20250522_SSK,2025-05-22T14:01:00+07:00,2025-05-22T18:29:24+07:00,2025-05-22T14:01:00+07:00,,,2025-05-22T19:16:59+07:00,COMPLETED,20,1400.75,6.9208,56.0,58.058,58.058,1.839,7.989,FUEL202505,853.25,898.03,255.17,True,Synthetic cost model; fuel unit-price benchmark from EPPO,True
T00811,L_CNX,LAST_MILE,V027,H_CNX,H_CNX,20250523_CNX,2025-05-23T08:30:00+07:00,2025-05-23T12:47:38+07:00,2025-05-23T08:30:00+07:00,,,2025-05-23T13:39:23+07:00,COMPLETED,20,1450.13,6.5842,56.0,53.032,53.032,2.114,6.398,FUEL202505,853.25,856.42,204.35,True,Synthetic cost model; fuel unit-price benchmark from EPPO,True
T00812,L_LPT,LAST_MILE,V044,H_LPT,H_LPT,20250523_LPT,2025-05-23T08:30:00+07:00,2025-05-23T12:57:32+07:00,2025-05-23T08:30:00+07:00,,,2025-05-23T13:53:02+07:00,COMPLETED,20,1644.94,6.9289,56.0,57.65,57.65,2.29,7.648,FUEL202505,853.25,917.9,244.28,True,Synthetic cost model; fuel unit-price benchmark from EPPO,True
T00813,L_BKK,LAST_MILE,V030,H_BKK,H_BKK,20250523_BKK,2025-05-23T08:30:00+07:00,2025-05-23T12:53:16+07:00,2025-05-23T08:30:00+07:00,,,2025-05-23T14:09:58+07:00,COMPLETED,19,1183.48,5.4802,54.2,59.024,59.024,2.219,7.269,FUEL202505,822.22,887.17,232.17,True,Synthetic cost model; fuel unit-price benchmark from EPPO,True
T00814,L_RYG,LAST_MILE,V046,H_RYG,H_RYG,20250523_RYG,2025-05-23T08:30:00+07:00,2025-05-23T13:01:31+07:00,2025-05-23T08:30:00+07:00,,,2025-05-23T14:45:31+07:00,COMPLETED,20,1642.17,7.3355,56.0,59.509,59.509,2.243,7.804,FUEL202505,853.25,923.26,249.26,True,Synthetic cost model; fuel unit-price benchmark from EPPO,True
T00815,L_BKK,LAST_MILE,V029,H_BKK,H_BKK,20250523_BKK,2025-05-23T08:30:00+07:00,2025-05-23T12:59:52+07:00,2025-05-23T08:30:00+07:00,,,2025-05-23T13:28:03+07:00,COMPLETED,20,1109.31,5.1457,56.0,58.74,58.74,1.921,7.22,FUEL202505,853.25,880.57,230.61,True,Synthetic cost model; fuel unit-price benchmark from EPPO,True
T00816,L_UTH,LAST_MILE,V040,H_UTH,H_UTH,20250523_UTH,2025-05-23T08:30:00+07:00,2025-05-23T12:56:41+07:00,2025-05-23T08:30:00+07:00,,,2025-05-23T13:49:01+07:00,COMPLETED,20,1221.98,5.3083,56.0,57.253,57.253,1.982,6.809,FUEL202505,853.25,868.73,217.48,True,Synthetic cost model; fuel unit-price benchmark from EPPO,True
T00817,L_KKC,LAST_MILE,V031,H_KKC,H_KKC,20250523_KKC,2025-05-23T08:30:00+07:00,2025-05-23T12:53:51+07:00,2025-05-23T08:30:00+07:00,,,2025-05-23T14:24:41+07:00,COMPLETED,20,1465.72,6.8058,56.0,55.935,55.935,2.196,7.31,FUEL202505,853.25,897.07,233.48,True,Synthetic cost model; fuel unit-price benchmark from EPPO,True
T00818,L_CNX,LAST_MILE,V025,H_CNX,H_CNX,20250523_CNX,2025-05-23T14:05:00+07:00,2025-05-23T15:43:16+07:00,2025-05-23T14:05:00+07:00,,,2025-05-23T16:09:28+07:00,COMPLETED,5,259.93,1.4449,29.0,29.065,29.065,1.027,3.401,FUEL202505,387.76,390.62,108.63,True,Synthetic cost model; fuel unit-price benchmark from EPPO,True
T00819,L_KSN,LAST_MILE,V034,H_KSN,H_KSN,20250523_KSN,2025-05-23T14:11:00+07:00,2025-05-23T15:00:55+07:00,2025-05-23T14:11:00+07:00,,,2025-05-23T15:23:00+07:00,COMPLETED,1,127.84,0.5483,21.8,19.937,19.937,0.785,2.251,FUEL202505,263.62,253.09,71.9,True,Synthetic cost model; fuel unit-price benchmark from EPPO,True
T00820,L_CNX,LAST_MILE,V028,H_CNX,H_CNX,20250524_CNX,2025-05-24T08:30:00+07:00,2025-05-24T12:43:25+07:00,2025-05-24T08:30:00+07:00,,,2025-05-24T13:45:07+07:00,COMPLETED,20,1676.44,8.378,56.0,51.064,51.064,1.663,7.433,FUEL202505,853.25,853.92,237.41,True,Synthetic cost model; fuel unit-price benchmark from EPPO,True
T00821,L_LPT,LAST_MILE,V044,H_LPT,H_LPT,20250524_LPT,2025-05-24T09:04:00+07:00,2025-05-24T13:15:13+07:00,2025-05-24T09:04:00+07:00,,,2025-05-24T14:34:34+07:00,COMPLETED,19,1046.95,4.7357,54.2,53.398,53.398,2.204,6.753,FUEL202505,822.22,858.34,215.69,True,Synthetic cost model; fuel unit-price benchmark from EPPO,True
T00822,L_BKK,LAST_MILE,V029,H_BKK,H_BKK,20250524_BKK,2025-05-24T13:58:00+07:00,2025-05-24T14:48:17+07:00,2025-05-24T13:58:00+07:00,,,2025-05-24T15:07:42+07:00,COMPLETED,1,35.83,0.1524,21.8,20.11,20.11,0.677,2.166,FUEL202505,263.62,243.22,69.18,True,Synthetic cost model; fuel unit-price benchmark from EPPO,True
T00823,L_CNX,LAST_MILE,V025,H_CNX,H_CNX,20250524_CNX,2025-05-24T14:09:00+07:00,2025-05-24T15:15:18+07:00,2025-05-24T14:09:00+07:00,,,2025-05-24T16:50:20+07:00,COMPLETED,2,150.73,0.6707,23.6,24.221,24.221,0.777,2.929,FUEL202505,294.66,299.16,93.55,True,Synthetic cost model; fuel unit-price benchmark from EPPO,True
T00824,L_LPT,LAST_MILE,V043,H_LPT,H_LPT,20250524_LPT,2025-05-24T14:23:00+07:00,2025-05-24T15:15:17+07:00,2025-05-24T14:23:00+07:00,,,2025-05-24T15:39:05+07:00,COMPLETED,1,116.44,0.4847,21.8,21.044,21.044,0.876,2.501,FUEL202505,263.62,269.67,79.88,True,Synthetic cost model; fuel unit-price benchmark from EPPO,True
T00825,L_KKC,LAST_MILE,V032,H_KKC,H_KKC,20250524_KKC,2025-05-24T14:54:00+07:00,2025-05-24T15:56:16+07:00,2025-05-24T14:54:00+07:00,,,2025-05-24T16:10:47+07:00,COMPLETED,2,77.62,0.32,23.6,22.343,22.343,0.801,2.511,FUEL202505,294.66,283.77,80.2,True,Synthetic cost model; fuel unit-price benchmark from EPPO,True
T00826,L_RYG,LAST_MILE,V045,H_RYG,H_RYG,20250524_RYG,2025-05-24T15:15:00+07:00,2025-05-24T16:40:32+07:00,2025-05-24T15:15:00+07:00,,,2025-05-24T16:50:03+07:00,COMPLETED,4,430.02,2.0198,27.2,26.482,26.482,0.898,3.096,FUEL202505,356.72,350.31,98.89,True,Synthetic cost model; fuel unit-price benchmark from EPPO,True
T00827,L_CNX,LAST_MILE,V027,H_CNX,H_CNX,20250525_CNX,2025-05-25T08:30:00+07:00,2025-05-25T12:27:33+07:00,2025-05-25T08:30:00+07:00,,,2025-05-25T12:52:19+07:00,COMPLETED,18,1477.9,6.2984,52.4,50.379,50.379,1.922,6.092,FUEL202505,791.19,795.1,194.58,True,Synthetic cost model; fuel unit-price benchmark from EPPO,True
T00828,L_UTH,LAST_MILE,V040,H_UTH,H_UTH,20250525_UTH,2025-05-25T08:30:00+07:00,2025-05-25T12:44:01+07:00,2025-05-25T08:30:00+07:00,,,2025-05-25T13:39:39+07:00,COMPLETED,20,1509.85,6.6602,56.0,51.342,51.342,1.681,6.409,FUEL202505,853.25,823.04,204.7,True,Synthetic cost model; fuel unit-price benchmark from EPPO,True
T00829,L_CNX,LAST_MILE,V028,H_CNX,H_CNX,20250525_CNX,2025-05-25T12:09:00+07:00,2025-05-25T16:32:44+07:00,2025-05-25T12:09:00+07:00,,,2025-05-25T17:12:47+07:00,COMPLETED,20,1719.39,7.256,56.0,55.881,55.881,2.141,7.836,FUEL202505,853.25,909.91,250.28,True,Synthetic cost model; fuel unit-price benchmark from EPPO,True
T00830,L_CNX,LAST_MILE,V025,H_CNX,H_CNX,20250525_CNX,2025-05-25T14:06:00+07:00,2025-05-25T18:27:08+07:00,2025-05-25T14:06:00+07:00,,,2025-05-25T19:04:41+07:00,COMPLETED,20,1448.89,6.1419,56.0,54.664,54.664,1.86,7.011,FUEL202505,853.25,861.45,223.93,True,Synthetic cost model; fuel unit-price benchmark from EPPO,True
T00831,L_CNX,LAST_MILE,V026,H_CNX,H_CNX,20250525_CNX,2025-05-25T14:15:00+07:00,2025-05-25T15:12:10+07:00,2025-05-25T14:15:00+07:00,,,2025-05-25T16:10:03+07:00,COMPLETED,1,62.94,0.2883,21.8,23.323,23.323,0.898,2.75,FUEL202505,263.62,283.78,87.84,True,Synthetic cost model; fuel unit-price benchmark from EPPO,True
T00832,L_LPT,LAST_MILE,V043,H_LPT,H_LPT,20250525_LPT,2025-05-25T15:04:00+07:00,2025-05-25T15:54:52+07:00,2025-05-25T15:04:00+07:00,,,2025-05-25T16:50:46+07:00,COMPLETED,1,44.24,0.1488,21.8,20.378,20.378,0.705,2.473,FUEL202505,263.62,255.47,78.99,True,Synthetic cost model; fuel unit-price benchmark from EPPO,True
T00833,L_RYG,LAST_MILE,V046,H_RYG,H_RYG,20250526_RYG,2025-05-26T08:30:00+07:00,2025-05-26T12:32:28+07:00,2025-05-26T08:30:00+07:00,,,2025-05-26T13:24:22+07:00,COMPLETED,19,1767.19,8.5193,54.2,49.312,49.312,1.858,6.534,FUEL202505,822.22,818.95,208.7,True,Synthetic cost model; fuel unit-price benchmark from EPPO,True
T00834,L_CNX,LAST_MILE,V028,H_CNX,H_CNX,20250526_CNX,2025-05-26T13:22:00+07:00,2025-05-26T14:12:27+07:00,2025-05-26T13:22:00+07:00,,,2025-05-26T14:40:37+07:00,COMPLETED,1,72.76,0.3727,21.8,20.184,20.184,0.829,2.492,FUEL202505,263.62,264.36,79.59,True,Synthetic cost model; fuel unit-price benchmark from EPPO,True
T00835,L_KKC,LAST_MILE,V032,H_KKC,H_KKC,20250527_KKC,2025-05-27T08:30:00+07:00,2025-05-27T12:33:27+07:00,2025-05-27T08:30:00+07:00,,,2025-05-27T14:06:00+07:00,COMPLETED,19,1350.59,6.4289,54.2,49.777,49.777,1.892,6.42,FUEL202505,822.22,818.61,205.05,True,Synthetic cost model; fuel unit-price benchmark from EPPO,True
T00836,L_KSN,LAST_MILE,V034,H_KSN,H_KSN,20250527_KSN,2025-05-27T08:30:00+07:00,2025-05-27T12:41:18+07:00,2025-05-27T08:30:00+07:00,,,2025-05-27T14:28:45+07:00,COMPLETED,19,1387.19,6.3531,54.2,53.437,53.437,2.202,6.919,FUEL202505,822.22,863.59,220.99,True,Synthetic cost model; fuel unit-price benchmark from EPPO,True
T00837,L_CNX,LAST_MILE,V026,H_CNX,H_CNX,20250527_CNX,2025-05-27T08:30:00+07:00,2025-05-27T09:28:27+07:00,2025-05-27T08:30:00+07:00,,,2025-05-27T10:41:07+07:00,COMPLETED,1,180,0.7613,21.8,23.923,23.923,0.909,2.774,FUEL202505,263.62,286.49,88.6,True,Synthetic cost model; fuel unit-price benchmark from EPPO,True
T00838,L_CNX,LAST_MILE,V027,H_CNX,H_CNX,20250527_CNX,2025-05-27T08:30:00+07:00,2025-05-27T10:06:56+07:00,2025-05-27T08:30:00+07:00,,,2025-05-27T11:13:12+07:00,COMPLETED,5,312.92,1.1913,29.0,28.442,28.442,0.98,3.065,FUEL202505,387.76,375.36,97.9,True,Synthetic cost model; fuel unit-price benchmark from EPPO,True
T00839,L_CNX,LAST_MILE,V028,H_CNX,H_CNX,20250527_CNX,2025-05-27T08:41:00+07:00,2025-05-27T12:53:23+07:00,2025-05-27T08:41:00+07:00,,,2025-05-27T13:36:39+07:00,COMPLETED,19,1528.82,6.9953,54.2,53.944,53.944,2.141,7.261,FUEL202505,822.22,871.3,231.92,True,Synthetic cost model; fuel unit-price benchmark from EPPO,True
T00840,L_RYG,LAST_MILE,V045,H_RYG,H_RYG,20250527_RYG,2025-05-27T13:54:00+07:00,2025-05-27T14:49:35+07:00,2025-05-27T13:54:00+07:00,,,2025-05-27T15:24:45+07:00,COMPLETED,1,47.94,0.1978,21.8,22.583,22.583,0.758,2.567,FUEL202505,263.62,266.6,81.99,True,Synthetic cost model; fuel unit-price benchmark from EPPO,True
T00841,L_SSK,LAST_MILE,V035,H_SSK,H_SSK,20250528_SSK,2025-05-28T08:30:00+07:00,2025-05-28T13:05:59+07:00,2025-05-28T08:30:00+07:00,,,2025-05-28T14:27:07+07:00,COMPLETED,20,1410.98,6.8315,56.0,61.596,61.596,2.486,9.191,FUEL202505,853.25,988.81,293.56,True,Synthetic cost model; fuel unit-price benchmark from EPPO,True
T00842,L_NMA,LAST_MILE,V037,H_NMA,H_NMA,20250528_NMA,2025-05-28T08:30:00+07:00,2025-05-28T12:46:41+07:00,2025-05-28T08:30:00+07:00,,,2025-05-28T13:21:24+07:00,COMPLETED,19,1424.13,6.3603,54.2,55.952,55.952,1.766,7.184,FUEL202505,822.22,846.6,229.46,True,Synthetic cost model; fuel unit-price benchmark from EPPO,True
T00843,L_NMA,LAST_MILE,V038,H_NMA,H_NMA,20250528_NMA,2025-05-28T08:30:00+07:00,2025-05-28T12:45:23+07:00,2025-05-28T08:30:00+07:00,,,2025-05-28T13:52:36+07:00,COMPLETED,20,1183.54,5.2227,56.0,51.981,51.981,1.943,6.401,FUEL202505,853.25,842.4,204.45,True,Synthetic cost model; fuel unit-price benchmark from EPPO,True
T00844,L_CNX,LAST_MILE,V027,H_CNX,H_CNX,20250528_CNX,2025-05-28T14:06:00+07:00,2025-05-28T14:57:59+07:00,2025-05-28T14:06:00+07:00,,,2025-05-28T16:03:04+07:00,COMPLETED,1,102.17,0.4658,21.8,20.904,20.904,0.847,2.275,FUEL202505,263.62,260.15,72.66,True,Synthetic cost model; fuel unit-price benchmark from EPPO,True
T00845,L_KSN,LAST_MILE,V034,H_KSN,H_KSN,20250528_KSN,2025-05-28T14:58:00+07:00,2025-05-28T15:54:54+07:00,2025-05-28T14:58:00+07:00,,,2025-05-28T17:01:08+07:00,COMPLETED,1,53.82,0.2716,21.8,23.194,23.194,0.784,2.604,FUEL202505,263.62,270.83,83.17,True,Synthetic cost model; fuel unit-price benchmark from EPPO,True
T00846,L_NMA,LAST_MILE,V038,H_NMA,H_NMA,20250529_NMA,2025-05-29T08:30:00+07:00,2025-05-29T12:54:27+07:00,2025-05-29T08:30:00+07:00,,,2025-05-29T13:48:31+07:00,COMPLETED,20,1269.66,5.4369,56.0,56.213,56.213,2.153,6.691,FUEL202505,853.25,874.83,213.71,True,Synthetic cost model; fuel unit-price benchmark from EPPO,True
T00847,L_BKK,LAST_MILE,V030,H_BKK,H_BKK,20250529_BKK,2025-05-29T08:30:00+07:00,2025-05-29T12:36:16+07:00,2025-05-29T08:30:00+07:00,,,2025-05-29T13:50:53+07:00,COMPLETED,19,1625.44,7.5185,54.2,51.088,51.088,1.945,6.617,FUEL202505,822.22,831.31,211.35,True,Synthetic cost model; fuel unit-price benchmark from EPPO,True
T00848,L_NMA,LAST_MILE,V037,H_NMA,H_NMA,20250529_NMA,2025-05-29T08:30:00+07:00,2025-05-29T12:52:45+07:00,2025-05-29T08:30:00+07:00,,,2025-05-29T13:45:35+07:00,COMPLETED,20,1306.94,5.6994,56.0,55.419,55.419,1.851,6.767,FUEL202505,853.25,854.58,216.14,True,Synthetic cost model; fuel unit-price benchmark from EPPO,True
T00849,L_CNX,LAST_MILE,V026,H_CNX,H_CNX,20250529_CNX,2025-05-29T08:30:00+07:00,2025-05-29T12:47:23+07:00,2025-05-29T08:30:00+07:00,,,2025-05-29T12:50:07+07:00,COMPLETED,20,1503.09,6.8694,56.0,52.914,52.914,1.709,7.15,FUEL202505,853.25,851.81,228.37,True,Synthetic cost model; fuel unit-price benchmark from EPPO,True
T00850,L_KKC,LAST_MILE,V031,H_KKC,H_KKC,20250529_KKC,2025-05-29T08:30:00+07:00,2025-05-29T12:43:32+07:00,2025-05-29T08:30:00+07:00,,,2025-05-29T13:11:14+07:00,COMPLETED,20,1507.59,6.5569,56.0,51.123,51.123,1.647,6.605,FUEL202505,853.25,826.53,210.96,True,Synthetic cost model; fuel unit-price benchmark from EPPO,True
T00851,L_KKC,LAST_MILE,V032,H_KKC,H_KKC,20250529_KKC,2025-05-29T08:30:00+07:00,2025-05-29T12:51:16+07:00,2025-05-29T08:30:00+07:00,,,2025-05-29T13:41:15+07:00,COMPLETED,20,1370.42,6.0172,56.0,54.73,54.73,2.101,6.966,FUEL202505,853.25,877.04,222.49,True,Synthetic cost model; fuel unit-price benchmark from EPPO,True
T00852,L_SSK,LAST_MILE,V036,H_SSK,H_SSK,20250529_SSK,2025-05-29T08:30:00+07:00,2025-05-29T12:50:49+07:00,2025-05-29T08:30:00+07:00,,,2025-05-29T14:11:52+07:00,COMPLETED,20,1532.37,6.5481,56.0,54.516,54.516,2.149,7.279,FUEL202505,853.25,889.94,232.49,True,Synthetic cost model; fuel unit-price benchmark from EPPO,True
T00853,L_NMA,LAST_MILE,V037,H_NMA,H_NMA,20250529_NMA,2025-05-29T13:51:00+07:00,2025-05-29T15:00:00+07:00,2025-05-30T08:30:00+07:00,,,2025-05-30T10:40:48+07:00,COMPLETED,2,252.97,0.9837,23.6,25.486,25.486,1.001,2.871,FUEL202505,294.66,315.57,91.7,True,Synthetic cost model; fuel unit-price benchmark from EPPO,True
T00854,L_NMA,LAST_MILE,V038,H_NMA,H_NMA,20250529_NMA,2025-05-29T14:22:00+07:00,2025-05-29T15:18:50+07:00,2025-05-30T08:30:00+07:00,,,2025-05-30T09:52:45+07:00,COMPLETED,1,94.58,0.361,21.8,23.169,23.169,0.792,2.522,FUEL202505,263.62,268.73,80.55,True,Synthetic cost model; fuel unit-price benchmark from EPPO,True
T00855,L_LPT,LAST_MILE,V043,H_LPT,H_LPT,20250530_LPT,2025-05-30T08:30:00+07:00,2025-05-30T12:44:10+07:00,2025-05-30T08:30:00+07:00,,,2025-05-30T13:53:51+07:00,COMPLETED,19,1152.82,5.1717,54.2,54.772,54.772,1.937,6.865,FUEL202505,822.22,845.97,219.27,True,Synthetic cost model; fuel unit-price benchmark from EPPO,True
T00856,L_BKK,LAST_MILE,V029,H_BKK,H_BKK,20250530_BKK,2025-05-30T08:30:00+07:00,2025-05-30T12:56:36+07:00,2025-05-30T08:30:00+07:00,,,2025-05-30T13:28:37+07:00,COMPLETED,20,1465.08,6.8268,56.0,57.217,57.217,1.955,6.873,FUEL202505,853.25,868.84,219.52,True,Synthetic cost model; fuel unit-price benchmark from EPPO,True
T00857,L_UTH,LAST_MILE,V039,H_UTH,H_UTH,20250530_UTH,2025-05-30T08:30:00+07:00,2025-05-30T12:49:14+07:00,2025-05-30T08:30:00+07:00,,,2025-05-30T13:53:39+07:00,COMPLETED,20,1581.89,7.1016,56.0,53.783,53.783,1.967,7.427,FUEL202505,853.25,880.49,237.22,True,Synthetic cost model; fuel unit-price benchmark from EPPO,True
T00858,L_NMA,LAST_MILE,V038,H_NMA,H_NMA,20250530_NMA,2025-05-30T14:15:00+07:00,2025-05-30T15:11:52+07:00,2025-05-31T08:30:00+07:00,,,2025-05-31T10:53:15+07:00,COMPLETED,1,62.98,0.3303,21.8,23.181,23.181,0.769,2.623,FUEL202505,263.62,270.38,83.78,True,Synthetic cost model; fuel unit-price benchmark from EPPO,True
T00859,L_NMA,LAST_MILE,V037,H_NMA,H_NMA,20250530_NMA,2025-05-30T14:18:00+07:00,2025-05-30T15:12:03+07:00,2025-05-31T08:30:00+07:00,,,2025-05-31T10:35:01+07:00,COMPLETED,1,30.43,0.1398,21.8,21.867,21.867,0.769,2.524,FUEL202505,263.62,264.57,80.62,True,Synthetic cost model; fuel unit-price benchmark from EPPO,True
T00860,L_SSK,LAST_MILE,V036,H_SSK,H_SSK,20250530_SSK,2025-05-30T14:41:00+07:00,2025-05-30T16:25:34+07:00,2025-05-30T14:41:00+07:00,,,2025-05-30T16:49:49+07:00,COMPLETED,5,590.5,2.5271,29.0,32.004,32.004,1.069,4.071,FUEL202505,387.76,420.89,130.03,True,Synthetic cost model; fuel unit-price benchmark from EPPO,True
T00861,L_BKK,LAST_MILE,V030,H_BKK,H_BKK,20250531_BKK,2025-05-31T08:30:00+07:00,2025-05-31T12:52:44+07:00,2025-05-31T08:30:00+07:00,,,2025-05-31T13:19:29+07:00,COMPLETED,19,880.86,3.6603,54.2,58.776,58.776,1.982,7.07,FUEL202505,822.22,863.72,225.82,True,Synthetic cost model; fuel unit-price benchmark from EPPO,True
T00862,L_BKK,LAST_MILE,V029,H_BKK,H_BKK,20250531_BKK,2025-05-31T08:30:00+07:00,2025-05-31T12:47:34+07:00,2025-05-31T08:30:00+07:00,,,2025-05-31T13:01:30+07:00,COMPLETED,19,1454.48,6.648,54.2,56.364,56.364,1.859,7.12,FUEL202505,822.22,851.89,227.41,True,Synthetic cost model; fuel unit-price benchmark from EPPO,True
T00863,L_SSK,LAST_MILE,V035,H_SSK,H_SSK,20250531_SSK,2025-05-31T08:30:00+07:00,2025-05-31T13:05:54+07:00,2025-05-31T08:30:00+07:00,,,2025-05-31T13:41:55+07:00,COMPLETED,20,1280.19,6.4198,56.0,61.561,61.561,2.552,8.726,FUEL202505,853.25,978.45,278.71,True,Synthetic cost model; fuel unit-price benchmark from EPPO,True
T00864,L_BKK,LAST_MILE,V030,H_BKK,H_BKK,20250531_BKK,2025-05-31T13:58:00+07:00,2025-05-31T15:01:14+07:00,2025-06-01T08:30:00+07:00,,,2025-06-01T09:44:32+07:00,COMPLETED,2,139.02,0.5409,23.6,22.796,22.796,0.736,2.594,FUEL202505,294.66,282.79,82.85,True,Synthetic cost model; fuel unit-price benchmark from EPPO,True
T00865,L_LPT,LAST_MILE,V044,H_LPT,H_LPT,20250531_LPT,2025-05-31T14:23:00+07:00,2025-05-31T15:22:18+07:00,2025-05-31T14:23:00+07:00,,,2025-05-31T15:56:58+07:00,COMPLETED,1,25.1,0.1114,21.8,24.314,24.314,0.788,2.847,FUEL202505,263.62,281.1,90.93,True,Synthetic cost model; fuel unit-price benchmark from EPPO,True
T00866,L_UTH,LAST_MILE,V039,H_UTH,H_UTH,20250531_UTH,2025-05-31T14:23:00+07:00,2025-05-31T15:26:11+07:00,2025-05-31T14:23:00+07:00,,,2025-05-31T16:19:19+07:00,COMPLETED,2,146.71,0.6719,23.6,22.769,22.769,0.828,2.742,FUEL202505,294.66,293.91,87.58,True,Synthetic cost model; fuel unit-price benchmark from EPPO,True
T00867,L_BKK,LAST_MILE,V029,H_BKK,H_BKK,20250601_BKK,2025-06-01T13:31:00+07:00,2025-06-01T14:32:58+07:00,2025-06-01T13:31:00+07:00,,,2025-06-01T15:41:19+07:00,COMPLETED,2,249.24,1.3701,23.6,22.199,22.199,0.802,2.662,FUEL202506,294.66,288.37,85.02,True,Synthetic cost model; fuel unit-price benchmark from EPPO,True
T00868,L_BKK,LAST_MILE,V029,H_BKK,H_BKK,20250601_BKK,2025-06-01T13:49:00+07:00,2025-06-01T14:39:47+07:00,2025-06-02T08:30:00+07:00,,,2025-06-02T11:03:23+07:00,COMPLETED,1,16.84,0.0727,21.8,20.342,20.342,0.764,2.399,FUEL202506,263.62,257.16,76.62,True,Synthetic cost model; fuel unit-price benchmark from EPPO,True
T00869,L_SSK,LAST_MILE,V035,H_SSK,H_SSK,20250601_SSK,2025-06-01T14:11:00+07:00,2025-06-01T15:04:59+07:00,2025-06-01T14:11:00+07:00,,,2025-06-01T15:39:27+07:00,COMPLETED,1,111.98,0.6472,21.8,21.833,21.833,0.881,2.906,FUEL202506,263.62,284.58,92.82,True,Synthetic cost model; fuel unit-price benchmark from EPPO,True
T00870,L_CNX,LAST_MILE,V026,H_CNX,H_CNX,20250602_CNX,2025-06-02T08:30:00+07:00,2025-06-02T12:51:42+07:00,2025-06-02T08:30:00+07:00,,,2025-06-02T13:54:59+07:00,COMPLETED,19,1407.19,6.3923,54.2,58.288,58.288,2.038,7.816,FUEL202506,822.22,890.48,249.64,True,Synthetic cost model; fuel unit-price benchmark from EPPO,True
T00871,L_CNX,LAST_MILE,V025,H_CNX,H_CNX,20250602_CNX,2025-06-02T08:30:00+07:00,2025-06-02T12:57:10+07:00,2025-06-02T08:30:00+07:00,,,2025-06-02T13:40:59+07:00,COMPLETED,20,1289.6,5.4132,56.0,57.478,57.478,2.354,7.469,FUEL202506,853.25,916.33,238.56,True,Synthetic cost model; fuel unit-price benchmark from EPPO,True
T00872,L_NMA,LAST_MILE,V037,H_NMA,H_NMA,20250602_NMA,2025-06-02T08:30:00+07:00,2025-06-02T12:52:21+07:00,2025-06-02T08:30:00+07:00,,,2025-06-02T13:44:57+07:00,COMPLETED,19,1565.27,6.9698,54.2,58.595,58.595,2.158,7.497,FUEL202506,822.22,889.31,239.45,True,Synthetic cost model; fuel unit-price benchmark from EPPO,True
T00873,L_KSN,LAST_MILE,V034,H_KSN,H_KSN,20250602_KSN,2025-06-02T08:30:00+07:00,2025-06-02T12:52:00+07:00,2025-06-02T08:30:00+07:00,,,2025-06-02T13:45:43+07:00,COMPLETED,20,1496.1,6.8601,56.0,55.071,55.071,1.732,7.014,FUEL202506,853.25,853.41,224.03,True,Synthetic cost model; fuel unit-price benchmark from EPPO,True
T00874,L_CNX,LAST_MILE,V027,H_CNX,H_CNX,20250602_CNX,2025-06-02T12:19:00+07:00,2025-06-02T16:56:50+07:00,2025-06-02T12:19:00+07:00,,,2025-06-02T17:19:36+07:00,COMPLETED,20,1081.93,5.3782,56.0,62.457,62.457,2.27,7.511,FUEL202506,853.25,921.71,239.9,True,Synthetic cost model; fuel unit-price benchmark from EPPO,True
T00875,L_SSK,LAST_MILE,V036,H_SSK,H_SSK,20250603_SSK,2025-06-03T08:30:00+07:00,2025-06-03T12:45:51+07:00,2025-06-03T08:30:00+07:00,,,2025-06-03T13:59:03+07:00,COMPLETED,20,1423.47,6.7398,56.0,52.2,52.2,2.042,7.086,FUEL202506,853.25,871.65,226.33,True,Synthetic cost model; fuel unit-price benchmark from EPPO,True
T00876,L_CNX,LAST_MILE,V027,H_CNX,H_CNX,20250603_CNX,2025-06-03T08:30:00+07:00,2025-06-03T13:00:12+07:00,2025-06-03T08:30:00+07:00,,,2025-06-03T14:35:04+07:00,COMPLETED,20,1382.28,6.0832,56.0,58.898,58.898,2.166,7.556,FUEL202506,853.25,908.76,241.34,True,Synthetic cost model; fuel unit-price benchmark from EPPO,True
T00877,L_SSK,LAST_MILE,V035,H_SSK,H_SSK,20250603_SSK,2025-06-03T08:30:00+07:00,2025-06-03T12:44:31+07:00,2025-06-03T08:30:00+07:00,,,2025-06-03T13:14:38+07:00,COMPLETED,20,1268.45,5.9386,56.0,51.575,51.575,2.069,7.304,FUEL202506,853.25,879.26,233.29,True,Synthetic cost model; fuel unit-price benchmark from EPPO,True
T00878,L_BKK,LAST_MILE,V029,H_BKK,H_BKK,20250603_BKK,2025-06-03T08:30:00+07:00,2025-06-03T12:42:40+07:00,2025-06-03T08:30:00+07:00,,,2025-06-03T14:11:07+07:00,COMPLETED,20,1291.67,5.4033,56.0,50.713,50.713,1.695,6.418,FUEL202506,853.25,823.05,204.99,True,Synthetic cost model; fuel unit-price benchmark from EPPO,True
T00879,L_CNX,LAST_MILE,V028,H_CNX,H_CNX,20250603_CNX,2025-06-03T09:20:00+07:00,2025-06-03T13:45:13+07:00,2025-06-03T09:20:00+07:00,,,2025-06-03T14:38:46+07:00,COMPLETED,19,1068.75,4.6125,54.2,59.933,59.933,2.119,8.527,FUEL202506,822.22,922.13,272.35,True,Synthetic cost model; fuel unit-price benchmark from EPPO,True
T00880,L_LPT,LAST_MILE,V044,H_LPT,H_LPT,20250603_LPT,2025-06-03T10:15:00+07:00,2025-06-03T14:35:36+07:00,2025-06-03T10:15:00+07:00,,,2025-06-03T15:11:47+07:00,COMPLETED,20,1340.98,5.7544,56.0,54.417,54.417,1.914,7.044,FUEL202506,853.25,865.83,224.99,True,Synthetic cost model; fuel unit-price benchmark from EPPO,True
T00881,L_KSN,LAST_MILE,V033,H_KSN,H_KSN,20250603_KSN,2025-06-03T14:15:00+07:00,2025-06-03T15:05:06+07:00,2025-06-03T14:15:00+07:00,,,2025-06-03T15:58:55+07:00,COMPLETED,1,79.7,0.3928,21.8,20.021,20.021,0.807,2.364,FUEL202506,263.62,258.46,75.51,True,Synthetic cost model; fuel unit-price benchmark from EPPO,True
T00882,L_CNX,LAST_MILE,V025,H_CNX,H_CNX,20250603_CNX,2025-06-03T14:24:00+07:00,2025-06-03T15:23:24+07:00,2025-06-03T14:24:00+07:00,,,2025-06-03T16:29:00+07:00,COMPLETED,1,15.03,0.0913,21.8,24.36,24.36,0.963,2.994,FUEL202506,263.62,298.17,95.63,True,Synthetic cost model; fuel unit-price benchmark from EPPO,True
T00883,L_KKC,LAST_MILE,V031,H_KKC,H_KKC,20250604_KKC,2025-06-04T08:30:00+07:00,2025-06-04T12:52:41+07:00,2025-06-04T08:30:00+07:00,,,2025-06-04T14:06:11+07:00,COMPLETED,20,1408.12,5.8514,56.0,55.393,55.393,2.268,6.917,FUEL202506,853.25,888.49,220.93,True,Synthetic cost model; fuel unit-price benchmark from EPPO,True
T00884,L_LPT,LAST_MILE,V043,H_LPT,H_LPT,20250604_LPT,2025-06-04T08:30:00+07:00,2025-06-04T12:47:17+07:00,2025-06-04T08:30:00+07:00,,,2025-06-04T13:05:53+07:00,COMPLETED,19,1632.78,7.5298,54.2,56.232,56.232,1.822,7.325,FUEL202506,822.22,855.56,233.96,True,Synthetic cost model; fuel unit-price benchmark from EPPO,True
T00885,L_CNX,LAST_MILE,V025,H_CNX,H_CNX,20250604_CNX,2025-06-04T08:30:00+07:00,2025-06-04T09:32:12+07:00,2025-06-04T08:30:00+07:00,,,2025-06-04T10:55:03+07:00,COMPLETED,2,115.94,0.4457,23.6,22.309,22.309,0.794,2.762,FUEL202506,294.66,291.23,88.22,True,Synthetic cost model; fuel unit-price benchmark from EPPO,True
T00886,L_SSK,LAST_MILE,V036,H_SSK,H_SSK,20250604_SSK,2025-06-04T13:44:00+07:00,2025-06-04T14:37:39+07:00,2025-06-04T13:44:00+07:00,,,2025-06-04T15:35:12+07:00,COMPLETED,1,40.56,0.1702,21.8,21.681,21.681,0.685,2.831,FUEL202506,263.62,268.14,90.42,True,Synthetic cost model; fuel unit-price benchmark from EPPO,True
T00887,L_SSK,LAST_MILE,V035,H_SSK,H_SSK,20250604_SSK,2025-06-04T14:29:00+07:00,2025-06-04T15:36:55+07:00,2025-06-04T14:29:00+07:00,,,2025-06-04T16:36:15+07:00,COMPLETED,2,248.55,1.0709,23.6,24.982,24.982,0.941,3.499,FUEL202506,294.66,330.39,111.76,True,Synthetic cost model; fuel unit-price benchmark from EPPO,True
T00888,L_SSK,LAST_MILE,V035,H_SSK,H_SSK,20250604_SSK,2025-06-04T14:38:00+07:00,2025-06-04T19:13:23+07:00,2025-06-05T08:30:00+07:00,,,2025-06-05T14:24:16+07:00,COMPLETED,20,1498.21,6.8523,56.0,61.314,61.314,1.932,9.456,FUEL202506,853.25,957.92,302.02,True,Synthetic cost model; fuel unit-price benchmark from EPPO,True
T00889,L_BKK,LAST_MILE,V030,H_BKK,H_BKK,20250604_BKK,2025-06-04T14:41:00+07:00,2025-06-04T15:56:26+07:00,2025-06-04T14:41:00+07:00,,,2025-06-04T16:12:34+07:00,COMPLETED,3,146.46,0.5383,25.4,25.127,25.127,0.848,2.717,FUEL202506,325.69,315.59,86.78,True,Synthetic cost model; fuel unit-price benchmark from EPPO,True
T00890,L_CNX,LAST_MILE,V028,H_CNX,H_CNX,20250604_CNX,2025-06-04T15:08:00+07:00,2025-06-04T15:59:32+07:00,2025-06-04T15:08:00+07:00,,,2025-06-04T17:42:47+07:00,COMPLETED,1,42.27,0.1493,21.8,20.693,20.693,0.814,2.725,FUEL202506,263.62,271.8,87.04,True,Synthetic cost model; fuel unit-price benchmark from EPPO,True
T00891,L_CNX,LAST_MILE,V026,H_CNX,H_CNX,20250605_CNX,2025-06-05T08:30:00+07:00,2025-06-05T13:05:45+07:00,2025-06-05T08:30:00+07:00,,,2025-06-05T14:26:52+07:00,COMPLETED,20,1340.07,5.9298,56.0,61.485,61.485,2.062,8.323,FUEL202506,853.25,931.15,265.84,True,Synthetic cost model; fuel unit-price benchmark from EPPO,True
T00892,L_UTH,LAST_MILE,V040,H_UTH,H_UTH,20250605_UTH,2025-06-05T08:30:00+07:00,2025-06-05T12:47:09+07:00,2025-06-05T08:30:00+07:00,,,2025-06-05T13:52:21+07:00,COMPLETED,19,1731.68,8.6211,54.2,56.166,56.166,2.324,6.961,FUEL202506,822.22,878.91,222.33,True,Synthetic cost model; fuel unit-price benchmark from EPPO,True
T00893,L_UTH,LAST_MILE,V039,H_UTH,H_UTH,20250605_UTH,2025-06-05T08:30:00+07:00,2025-06-05T09:28:35+07:00,2025-06-05T08:30:00+07:00,,,2025-06-05T10:12:39+07:00,COMPLETED,1,70.88,0.2941,21.8,23.986,23.986,0.975,2.801,FUEL202506,263.62,292.1,89.46,True,Synthetic cost model; fuel unit-price benchmark from EPPO,True
T00894,L_CNX,LAST_MILE,V025,H_CNX,H_CNX,20250605_CNX,2025-06-05T08:30:00+07:00,2025-06-05T12:41:09+07:00,2025-06-05T08:30:00+07:00,,,2025-06-05T14:05:58+07:00,COMPLETED,19,1217.31,5.665,54.2,53.371,53.371,1.871,6.999,FUEL202506,822.22,842.86,223.55,True,Synthetic cost model; fuel unit-price benchmark from EPPO,True
T00895,L_CNX,LAST_MILE,V027,H_CNX,H_CNX,20250605_CNX,2025-06-05T09:33:00+07:00,2025-06-05T13:36:42+07:00,2025-06-05T09:33:00+07:00,,,2025-06-05T14:13:05+07:00,COMPLETED,19,1485.22,6.2741,54.2,49.894,49.894,1.669,6.288,FUEL202506,822.22,799.05,200.84,True,Synthetic cost model; fuel unit-price benchmark from EPPO,True
T00896,L_CNX,LAST_MILE,V028,H_CNX,H_CNX,20250605_CNX,2025-06-05T10:24:00+07:00,2025-06-05T14:38:44+07:00,2025-06-05T10:24:00+07:00,,,2025-06-05T15:43:49+07:00,COMPLETED,20,1251.96,5.3156,56.0,51.683,51.683,1.634,7.269,FUEL202506,853.25,847.91,232.17,True,Synthetic cost model; fuel unit-price benchmark from EPPO,True
T00897,L_LPT,LAST_MILE,V043,H_LPT,H_LPT,20250605_LPT,2025-06-05T13:35:00+07:00,2025-06-05T14:56:58+07:00,2025-06-05T13:35:00+07:00,,,2025-06-05T16:44:04+07:00,COMPLETED,3,382.99,1.8481,25.4,28.177,28.177,1.151,3.557,FUEL202506,325.69,369.72,113.61,True,Synthetic cost model; fuel unit-price benchmark from EPPO,True
T00898,L_KKC,LAST_MILE,V032,H_KKC,H_KKC,20250605_KKC,2025-06-05T14:36:00+07:00,2025-06-05T15:38:06+07:00,2025-06-05T14:36:00+07:00,,,2025-06-05T17:11:45+07:00,COMPLETED,2,77.33,0.2773,23.6,22.263,22.263,0.876,2.606,FUEL202506,294.66,291.89,83.24,True,Synthetic cost model; fuel unit-price benchmark from EPPO,True
T00899,L_BKK,LAST_MILE,V029,H_BKK,H_BKK,20250606_BKK,2025-06-06T08:30:00+07:00,2025-06-06T12:42:14+07:00,2025-06-06T08:30:00+07:00,,,2025-06-06T13:52:57+07:00,COMPLETED,19,1425.84,6.3221,54.2,53.869,53.869,1.871,6.891,FUEL202506,822.22,840.41,220.1,True,Synthetic cost model; fuel unit-price benchmark from EPPO,True
T00900,L_CNX,LAST_MILE,V027,H_CNX,H_CNX,20250606_CNX,2025-06-06T10:47:00+07:00,2025-06-06T15:01:22+07:00,2025-06-06T10:47:00+07:00,,,2025-06-06T15:26:48+07:00,COMPLETED,20,1485.62,7.1353,56.0,51.505,51.505,1.671,6.076,FUEL202506,853.25,812.08,194.07,True,Synthetic cost model; fuel unit-price benchmark from EPPO,True
T00901,L_CNX,LAST_MILE,V025,H_CNX,H_CNX,20250606_CNX,2025-06-06T11:51:00+07:00,2025-06-06T15:54:00+07:00,2025-06-06T11:51:00+07:00,,,2025-06-06T16:20:27+07:00,COMPLETED,19,1192.53,5.4819,54.2,49.567,49.567,1.983,6.072,FUEL202506,822.22,813.48,193.94,True,Synthetic cost model; fuel unit-price benchmark from EPPO,True
T00902,L_CNX,LAST_MILE,V028,H_CNX,H_CNX,20250606_CNX,2025-06-06T14:35:00+07:00,2025-06-06T15:25:51+07:00,2025-06-06T14:35:00+07:00,,,2025-06-06T15:46:11+07:00,COMPLETED,1,87.28,0.4031,21.8,20.371,20.371,0.665,2.455,FUEL202506,263.62,252.08,78.41,True,Synthetic cost model; fuel unit-price benchmark from EPPO,True
T00903,L_CNX,LAST_MILE,V026,H_CNX,H_CNX,20250606_CNX,2025-06-06T14:43:00+07:00,2025-06-06T15:49:59+07:00,2025-06-06T14:43:00+07:00,,,2025-06-06T16:13:18+07:00,COMPLETED,2,202.19,1.0903,23.6,24.543,24.543,0.955,2.85,FUEL202506,294.66,309.76,91.03,True,Synthetic cost model; fuel unit-price benchmark from EPPO,True
T00904,L_SSK,LAST_MILE,V036,H_SSK,H_SSK,20250606_SSK,2025-06-06T14:54:00+07:00,2025-06-06T15:52:41+07:00,2025-06-06T14:54:00+07:00,,,2025-06-06T17:24:02+07:00,COMPLETED,1,98.84,0.5542,21.8,24.033,24.033,0.85,3.071,FUEL202506,263.62,292.08,98.09,True,Synthetic cost model; fuel unit-price benchmark from EPPO,True
T00905,L_CNX,LAST_MILE,V025,H_CNX,H_CNX,20250606_CNX,2025-06-06T16:13:00+07:00,2025-06-06T17:12:26+07:00,2025-06-07T08:30:00+07:00,,,2025-06-07T10:15:37+07:00,COMPLETED,1,51.42,0.2275,21.8,24.378,24.378,0.875,2.739,FUEL202506,263.62,283.91,87.48,True,Synthetic cost model; fuel unit-price benchmark from EPPO,True
T00906,L_CNX,LAST_MILE,V027,H_CNX,H_CNX,20250607_CNX,2025-06-07T08:30:00+07:00,2025-06-07T12:57:55+07:00,2025-06-07T08:30:00+07:00,,,2025-06-07T14:13:45+07:00,COMPLETED,20,1581.68,7.9849,56.0,57.829,57.829,2.319,7.346,FUEL202506,853.25,910.64,234.63,True,Synthetic cost model; fuel unit-price benchmark from EPPO,True
T00907,L_CNX,LAST_MILE,V028,H_CNX,H_CNX,20250607_CNX,2025-06-07T08:30:00+07:00,2025-06-07T12:54:50+07:00,2025-06-07T08:30:00+07:00,,,2025-06-07T14:19:14+07:00,COMPLETED,19,1386.01,6.1193,54.2,59.755,59.755,1.948,8.495,FUEL202506,822.22,908.78,271.33,True,Synthetic cost model; fuel unit-price benchmark from EPPO,True
T00908,L_BKK,LAST_MILE,V029,H_BKK,H_BKK,20250607_BKK,2025-06-07T08:30:00+07:00,2025-06-07T12:47:16+07:00,2025-06-07T08:30:00+07:00,,,2025-06-07T13:04:34+07:00,COMPLETED,19,1189.44,5.6018,54.2,56.221,56.221,1.796,6.606,FUEL202506,822.22,830.75,211.0,True,Synthetic cost model; fuel unit-price benchmark from EPPO,True
T00909,L_BKK,LAST_MILE,V030,H_BKK,H_BKK,20250607_BKK,2025-06-07T14:22:00+07:00,2025-06-07T15:31:44+07:00,2025-06-07T14:22:00+07:00,,,2025-06-07T15:56:47+07:00,COMPLETED,2,204.71,0.9331,23.6,25.827,25.827,1.002,2.805,FUEL202506,294.66,314.21,89.59,True,Synthetic cost model; fuel unit-price benchmark from EPPO,True
T00910,L_BKK,LAST_MILE,V029,H_BKK,H_BKK,20250608_BKK,2025-06-08T08:30:00+07:00,2025-06-08T12:38:13+07:00,2025-06-08T08:30:00+07:00,,,2025-06-08T12:56:09+07:00,COMPLETED,19,1342.85,6.0524,54.2,52.0,52.0,1.703,6.344,FUEL202506,822.22,807.45,202.63,True,Synthetic cost model; fuel unit-price benchmark from EPPO,True
T00911,L_NMA,LAST_MILE,V037,H_NMA,H_NMA,20250608_NMA,2025-06-08T08:30:00+07:00,2025-06-08T12:45:31+07:00,2025-06-08T08:30:00+07:00,,,2025-06-08T14:08:28+07:00,COMPLETED,20,1479.66,6.2769,56.0,52.043,52.043,1.901,6.712,FUEL202506,853.25,849.55,214.38,True,Synthetic cost model; fuel unit-price benchmark from EPPO,True
T00912,L_KKC,LAST_MILE,V031,H_KKC,H_KKC,20250608_KKC,2025-06-08T08:30:00+07:00,2025-06-08T12:39:04+07:00,2025-06-08T08:30:00+07:00,,,2025-06-08T13:00:35+07:00,COMPLETED,19,1785.14,8.3183,54.2,52.398,52.398,1.713,6.748,FUEL202506,822.22,821.82,215.53,True,Synthetic cost model; fuel unit-price benchmark from EPPO,True
T00913,L_KKC,LAST_MILE,V032,H_KKC,H_KKC,20250608_KKC,2025-06-08T08:30:00+07:00,2025-06-08T09:21:03+07:00,2025-06-08T08:30:00+07:00,,,2025-06-08T09:31:50+07:00,COMPLETED,1,69.19,0.2978,21.8,20.465,20.465,0.692,2.298,FUEL202506,263.62,249.16,73.4,True,Synthetic cost model; fuel unit-price benchmark from EPPO,True
T00914,L_BKK,LAST_MILE,V030,H_BKK,H_BKK,20250608_BKK,2025-06-08T13:34:00+07:00,2025-06-08T15:03:45+07:00,2025-06-08T13:34:00+07:00,,,2025-06-08T16:07:07+07:00,COMPLETED,4,158.46,0.7164,27.2,28.444,28.444,0.898,3.158,FUEL202506,356.72,356.22,100.87,True,Synthetic cost model; fuel unit-price benchmark from EPPO,True
T00915,L_CNX,LAST_MILE,V028,H_CNX,H_CNX,20250608_CNX,2025-06-08T14:43:00+07:00,2025-06-08T15:38:52+07:00,2025-06-08T14:43:00+07:00,,,2025-06-08T15:53:01+07:00,COMPLETED,1,56.37,0.2483,21.8,22.718,22.718,0.83,2.801,FUEL202506,263.62,279.38,89.46,True,Synthetic cost model; fuel unit-price benchmark from EPPO,True
T00916,L_CNX,LAST_MILE,V026,H_CNX,H_CNX,20250608_CNX,2025-06-08T14:49:00+07:00,2025-06-08T15:58:56+07:00,2025-06-08T14:49:00+07:00,,,2025-06-08T16:55:39+07:00,COMPLETED,2,224.37,0.9562,23.6,25.921,25.921,1.026,3.093,FUEL202506,294.66,325.24,98.79,True,Synthetic cost model; fuel unit-price benchmark from EPPO,True
T00917,L_BKK,LAST_MILE,V029,H_BKK,H_BKK,20250609_BKK,2025-06-09T08:30:00+07:00,2025-06-09T12:58:16+07:00,2025-06-09T08:30:00+07:00,,,2025-06-09T13:35:51+07:00,COMPLETED,20,1500.49,6.7485,56.0,57.992,57.992,2.21,6.986,FUEL202506,853.25,891.84,223.13,True,Synthetic cost model; fuel unit-price benchmark from EPPO,True
T00918,L_CNX,LAST_MILE,V025,H_CNX,H_CNX,20250609_CNX,2025-06-09T08:30:00+07:00,2025-06-09T13:07:30+07:00,2025-06-09T08:30:00+07:00,,,2025-06-09T14:51:55+07:00,COMPLETED,20,1138.33,5.0252,56.0,62.307,62.307,2.513,8.334,FUEL202506,853.25,964.75,266.19,True,Synthetic cost model; fuel unit-price benchmark from EPPO,True
T00919,L_BKK,LAST_MILE,V030,H_BKK,H_BKK,20250609_BKK,2025-06-09T13:26:00+07:00,2025-06-09T14:24:18+07:00,2025-06-09T13:26:00+07:00,,,2025-06-09T15:06:54+07:00,COMPLETED,1,180,0.7078,21.8,23.851,23.851,0.822,2.586,FUEL202506,263.62,274.23,82.6,True,Synthetic cost model; fuel unit-price benchmark from EPPO,True
T00920,L_NMA,LAST_MILE,V037,H_NMA,H_NMA,20250609_NMA,2025-06-09T14:38:00+07:00,2025-06-09T15:58:14+07:00,2025-06-09T14:38:00+07:00,,,2025-06-09T17:06:51+07:00,COMPLETED,3,133.51,0.65,25.4,27.366,27.366,0.888,3.183,FUEL202506,325.69,337.77,101.67,True,Synthetic cost model; fuel unit-price benchmark from EPPO,True
T00921,L_BKK,LAST_MILE,V029,H_BKK,H_BKK,20250610_BKK,2025-06-10T08:30:00+07:00,2025-06-10T12:45:41+07:00,2025-06-10T08:30:00+07:00,,,2025-06-10T14:10:13+07:00,COMPLETED,19,1092.73,5.0385,54.2,55.481,55.481,2.016,6.912,FUEL202506,822.22,854.46,220.77,True,Synthetic cost model; fuel unit-price benchmark from EPPO,True
T00922,L_CNX,LAST_MILE,V025,H_CNX,H_CNX,20250610_CNX,2025-06-10T14:42:00+07:00,2025-06-10T19:05:10+07:00,2025-06-10T14:42:00+07:00,,,2025-06-10T20:22:54+07:00,COMPLETED,20,1620.38,6.9935,56.0,55.615,55.615,2.219,7.233,FUEL202506,853.25,895.6,231.02,True,Synthetic cost model; fuel unit-price benchmark from EPPO,True
T00923,L_SSK,LAST_MILE,V036,H_SSK,H_SSK,20250611_SSK,2025-06-11T08:30:00+07:00,2025-06-11T12:15:01+07:00,2025-06-11T08:30:00+07:00,,,2025-06-11T13:23:56+07:00,COMPLETED,17,1644.56,7.4573,50.6,47.89,47.89,1.902,6.618,FUEL202506,760.16,789.12,211.38,True,Synthetic cost model; fuel unit-price benchmark from EPPO,True
T00924,L_SSK,LAST_MILE,V035,H_SSK,H_SSK,20250611_SSK,2025-06-11T08:30:00+07:00,2025-06-11T09:30:45+07:00,2025-06-11T08:30:00+07:00,,,2025-06-11T10:36:57+07:00,COMPLETED,2,237.63,1.185,23.6,21.63,21.63,0.72,2.831,FUEL202506,294.66,286.91,90.42,True,Synthetic cost model; fuel unit-price benchmark from EPPO,True
T00925,L_RYG,LAST_MILE,V046,H_RYG,H_RYG,20250611_RYG,2025-06-11T08:30:00+07:00,2025-06-11T12:53:11+07:00,2025-06-11T08:30:00+07:00,,,2025-06-11T13:37:18+07:00,COMPLETED,20,1294.74,5.8466,56.0,55.619,55.619,1.912,6.634,FUEL202506,853.25,854.94,211.89,True,Synthetic cost model; fuel unit-price benchmark from EPPO,True
T00926,L_CNX,LAST_MILE,V027,H_CNX,H_CNX,20250611_CNX,2025-06-11T08:30:00+07:00,2025-06-11T12:44:47+07:00,2025-06-11T08:30:00+07:00,,,2025-06-11T14:20:46+07:00,COMPLETED,20,1036.25,5.0389,56.0,51.699,51.699,2.08,6.288,FUEL202506,853.25,847.83,200.84,True,Synthetic cost model; fuel unit-price benchmark from EPPO,True
T00927,L_CNX,LAST_MILE,V028,H_CNX,H_CNX,20250611_CNX,2025-06-11T13:11:00+07:00,2025-06-11T17:29:42+07:00,2025-06-11T13:11:00+07:00,,,2025-06-11T18:06:12+07:00,COMPLETED,20,1158.53,5.0627,56.0,53.527,53.527,1.796,7.473,FUEL202506,853.25,869.47,238.69,True,Synthetic cost model; fuel unit-price benchmark from EPPO,True
T00928,L_CNX,LAST_MILE,V026,H_CNX,H_CNX,20250611_CNX,2025-06-11T14:25:00+07:00,2025-06-11T18:13:55+07:00,2025-06-11T14:25:00+07:00,,,2025-06-11T19:16:11+07:00,COMPLETED,17,1225.55,5.8711,50.6,49.708,49.708,1.56,6.668,FUEL202506,760.16,770.41,212.98,True,Synthetic cost model; fuel unit-price benchmark from EPPO,True
T00929,L_BKK,LAST_MILE,V030,H_BKK,H_BKK,20250611_BKK,2025-06-11T14:40:00+07:00,2025-06-11T16:00:26+07:00,2025-06-11T14:40:00+07:00,,,2025-06-11T17:01:40+07:00,COMPLETED,3,103.96,0.4995,25.4,27.459,27.459,0.937,2.96,FUEL202506,325.69,334.26,94.54,True,Synthetic cost model; fuel unit-price benchmark from EPPO,True
T00930,L_NMA,LAST_MILE,V038,H_NMA,H_NMA,20250612_NMA,2025-06-12T08:30:00+07:00,2025-06-12T13:08:06+07:00,2025-06-12T08:30:00+07:00,,,2025-06-12T14:35:55+07:00,COMPLETED,20,1267.74,5.568,56.0,62.587,62.587,2.456,7.963,FUEL202506,853.25,949.47,254.34,True,Synthetic cost model; fuel unit-price benchmark from EPPO,True
T00931,L_CNX,LAST_MILE,V027,H_CNX,H_CNX,20250612_CNX,2025-06-12T08:30:00+07:00,2025-06-12T13:03:48+07:00,2025-06-12T08:30:00+07:00,,,2025-06-12T14:07:22+07:00,COMPLETED,20,1719.63,8.0967,56.0,60.578,60.578,2.204,7.668,FUEL202506,853.25,918.38,244.92,True,Synthetic cost model; fuel unit-price benchmark from EPPO,True
T00932,L_RYG,LAST_MILE,V045,H_RYG,H_RYG,20250612_RYG,2025-06-12T08:30:00+07:00,2025-06-12T12:36:34+07:00,2025-06-12T08:30:00+07:00,,,2025-06-12T13:48:52+07:00,COMPLETED,19,1397.94,6.4595,54.2,51.226,51.226,1.934,6.454,FUEL202506,822.22,825.57,206.14,True,Synthetic cost model; fuel unit-price benchmark from EPPO,True
T00933,L_BKK,LAST_MILE,V029,H_BKK,H_BKK,20250612_BKK,2025-06-12T08:30:00+07:00,2025-06-12T12:33:51+07:00,2025-06-12T08:30:00+07:00,,,2025-06-12T13:02:14+07:00,COMPLETED,19,1509.23,7.3277,54.2,49.96,49.96,1.787,6.022,FUEL202506,822.22,798.92,192.34,True,Synthetic cost model; fuel unit-price benchmark from EPPO,True
T00934,L_CNX,LAST_MILE,V026,H_CNX,H_CNX,20250612_CNX,2025-06-12T08:30:00+07:00,2025-06-12T09:50:49+07:00,2025-06-12T08:30:00+07:00,,,2025-06-12T10:15:55+07:00,COMPLETED,3,261.23,1.039,25.4,27.639,27.639,0.902,3.393,FUEL202506,325.69,345.98,108.37,True,Synthetic cost model; fuel unit-price benchmark from EPPO,True
T00935,L_SSK,LAST_MILE,V036,H_SSK,H_SSK,20250612_SSK,2025-06-12T13:44:00+07:00,2025-06-12T18:14:44+07:00,2025-06-12T13:44:00+07:00,,,2025-06-12T19:22:41+07:00,COMPLETED,20,1348.87,6.2761,56.0,59.143,59.143,1.868,8.313,FUEL202506,853.25,912.54,265.52,True,Synthetic cost model; fuel unit-price benchmark from EPPO,True
T00936,L_RYG,LAST_MILE,V046,H_RYG,H_RYG,20250612_RYG,2025-06-12T14:07:00+07:00,2025-06-12T15:15:47+07:00,2025-06-12T14:07:00+07:00,,,2025-06-12T16:17:29+07:00,COMPLETED,2,92.01,0.4233,23.6,25.385,25.385,0.92,2.763,FUEL202506,294.66,306.24,88.25,True,Synthetic cost model; fuel unit-price benchmark from EPPO,True
T00937,L_CNX,LAST_MILE,V028,H_CNX,H_CNX,20250612_CNX,2025-06-12T14:50:00+07:00,2025-06-12T15:52:47+07:00,2025-06-12T14:50:00+07:00,,,2025-06-12T17:08:29+07:00,COMPLETED,2,177.84,1.0552,23.6,22.581,22.581,0.912,2.883,FUEL202506,294.66,303.89,92.08,True,Synthetic cost model; fuel unit-price benchmark from EPPO,True
T00938,L_KSN,LAST_MILE,V033,H_KSN,H_KSN,20250613_KSN,2025-06-13T08:30:00+07:00,2025-06-13T12:52:01+07:00,2025-06-13T08:30:00+07:00,,,2025-06-13T13:15:57+07:00,COMPLETED,20,1324.92,6.403,56.0,55.082,55.082,1.827,6.97,FUEL202506,853.25,858.68,222.62,True,Synthetic cost model; fuel unit-price benchmark from EPPO,True
T00939,L_CNX,LAST_MILE,V025,H_CNX,H_CNX,20250613_CNX,2025-06-13T08:30:00+07:00,2025-06-13T09:20:44+07:00,2025-06-13T08:30:00+07:00,,,2025-06-13T10:19:09+07:00,COMPLETED,1,80.94,0.3227,21.8,20.316,20.316,0.769,2.288,FUEL202506,263.62,253.94,73.08,True,Synthetic cost model; fuel unit-price benchmark from EPPO,True
T00940,L_BKK,LAST_MILE,V029,H_BKK,H_BKK,20250613_BKK,2025-06-13T13:32:00+07:00,2025-06-13T14:34:23+07:00,2025-06-13T13:32:00+07:00,,,2025-06-13T15:47:14+07:00,COMPLETED,2,93.08,0.4736,23.6,22.395,22.395,0.914,2.587,FUEL202506,294.66,294.17,82.63,True,Synthetic cost model; fuel unit-price benchmark from EPPO,True
T00941,L_RYG,LAST_MILE,V046,H_RYG,H_RYG,20250613_RYG,2025-06-13T14:18:00+07:00,2025-06-13T15:12:39+07:00,2025-06-13T14:18:00+07:00,,,2025-06-13T16:44:59+07:00,COMPLETED,1,35.26,0.1903,21.8,22.145,22.145,0.855,2.5,FUEL202506,263.62,270.36,79.85,True,Synthetic cost model; fuel unit-price benchmark from EPPO,True
T00942,L_CNX,LAST_MILE,V026,H_CNX,H_CNX,20250613_CNX,2025-06-13T14:37:00+07:00,2025-06-13T15:26:41+07:00,2025-06-13T14:37:00+07:00,,,2025-06-13T16:26:33+07:00,COMPLETED,1,54.5,0.313,21.8,19.832,19.832,0.697,2.278,FUEL202506,263.62,247.64,72.76,True,Synthetic cost model; fuel unit-price benchmark from EPPO,True
T00943,L_NMA,LAST_MILE,V037,H_NMA,H_NMA,20250613_NMA,2025-06-13T15:05:00+07:00,2025-06-13T16:00:41+07:00,2025-06-13T15:05:00+07:00,,,2025-06-13T16:45:56+07:00,COMPLETED,1,58.69,0.2077,21.8,22.628,22.628,0.757,2.513,FUEL202506,263.62,264.95,80.27,True,Synthetic cost model; fuel unit-price benchmark from EPPO,True
T00944,L_NMA,LAST_MILE,V038,H_NMA,H_NMA,20250613_NMA,2025-06-13T15:08:00+07:00,2025-06-13T19:17:50+07:00,2025-06-13T15:08:00+07:00,,,2025-06-13T20:03:16+07:00,COMPLETED,19,1751.84,8.1338,54.2,52.75,52.75,2.018,6.529,FUEL202506,822.22,836.89,208.54,True,Synthetic cost model; fuel unit-price benchmark from EPPO,True
T00945,L_CNX,LAST_MILE,V028,H_CNX,H_CNX,20250614_CNX,2025-06-14T08:30:00+07:00,2025-06-14T12:46:37+07:00,2025-06-14T08:30:00+07:00,,,2025-06-14T13:10:20+07:00,COMPLETED,20,1593.4,7.3696,56.0,52.558,52.558,1.887,7.486,FUEL202506,853.25,874.33,239.1,True,Synthetic cost model; fuel unit-price benchmark from EPPO,True
T00946,L_KKC,LAST_MILE,V031,H_KKC,H_KKC,20250614_KKC,2025-06-14T08:30:00+07:00,2025-06-14T12:34:50+07:00,2025-06-14T08:30:00+07:00,,,2025-06-14T13:05:24+07:00,COMPLETED,19,1186.91,5.1446,54.2,50.423,50.423,1.699,6.187,FUEL202506,822.22,798.96,197.61,True,Synthetic cost model; fuel unit-price benchmark from EPPO,True
T00947,L_SSK,LAST_MILE,V036,H_SSK,H_SSK,20250614_SSK,2025-06-14T08:30:00+07:00,2025-06-14T09:20:28+07:00,2025-06-14T08:30:00+07:00,,,2025-06-14T10:03:48+07:00,COMPLETED,1,61.67,0.2515,21.8,20.192,20.192,0.682,2.47,FUEL202506,263.62,253.43,78.89,True,Synthetic cost model; fuel unit-price benchmark from EPPO,True
T00948,L_RYG,LAST_MILE,V046,H_RYG,H_RYG,20250615_RYG,2025-06-15T08:30:00+07:00,2025-06-15T12:43:35+07:00,2025-06-15T08:30:00+07:00,,,2025-06-15T13:51:32+07:00,COMPLETED,19,1430.04,6.5767,54.2,54.505,54.505,1.896,6.572,FUEL202506,822.22,833.24,209.91,True,Synthetic cost model; fuel unit-price benchmark from EPPO,True
T00949,L_KKC,LAST_MILE,V032,H_KKC,H_KKC,20250615_KKC,2025-06-15T08:30:00+07:00,2025-06-15T13:05:47+07:00,2025-06-15T08:30:00+07:00,,,2025-06-15T13:41:09+07:00,COMPLETED,20,1555.38,7.3083,56.0,61.504,61.504,2.512,7.743,FUEL202506,853.25,944.17,247.31,True,Synthetic cost model; fuel unit-price benchmark from EPPO,True
T00950,L_RET,LAST_MILE,V041,H_RET,H_RET,20250615_RET,2025-06-15T08:30:00+07:00,2025-06-15T12:43:42+07:00,2025-06-15T08:30:00+07:00,,,2025-06-15T13:27:07+07:00,COMPLETED,20,1545.71,6.8263,56.0,51.195,51.195,2.065,6.271,FUEL202506,853.25,845.27,200.3,True,Synthetic cost model; fuel unit-price benchmark from EPPO,True
T00951,L_NMA,LAST_MILE,V037,H_NMA,H_NMA,20250615_NMA,2025-06-15T08:30:00+07:00,2025-06-15T09:39:31+07:00,2025-06-15T08:30:00+07:00,,,2025-06-15T10:28:10+07:00,COMPLETED,2,227.69,0.9148,23.6,25.727,25.727,1.008,2.892,FUEL202506,294.66,317.16,92.37,True,Synthetic cost model; fuel unit-price benchmark from EPPO,True
T00952,L_KKC,LAST_MILE,V031,H_KKC,H_KKC,20250615_KKC,2025-06-15T13:35:00+07:00,2025-06-15T14:45:19+07:00,2025-06-15T13:35:00+07:00,,,2025-06-15T15:29:31+07:00,COMPLETED,2,98.98,0.4705,23.6,26.096,26.096,0.872,2.948,FUEL202506,294.66,310.22,94.16,True,Synthetic cost model; fuel unit-price benchmark from EPPO,True
T00953,L_KKC,LAST_MILE,V032,H_KKC,H_KKC,20250616_KKC,2025-06-16T08:30:00+07:00,2025-06-16T12:31:35+07:00,2025-06-16T08:30:00+07:00,,,2025-06-16T13:26:44+07:00,COMPLETED,19,1512.58,6.7798,54.2,48.899,48.899,1.682,6.39,FUEL202506,822.22,801.27,204.1,True,Synthetic cost model; fuel unit-price benchmark from EPPO,True
T00954,L_KSN,LAST_MILE,V033,H_KSN,H_KSN,20250616_KSN,2025-06-16T08:30:00+07:00,2025-06-16T12:51:29+07:00,2025-06-16T08:30:00+07:00,,,2025-06-16T13:27:15+07:00,COMPLETED,19,1165.13,4.9121,54.2,58.187,58.187,2.218,7.653,FUEL202506,822.22,897.71,244.44,True,Synthetic cost model; fuel unit-price benchmark from EPPO,True
T00955,L_UTH,LAST_MILE,V040,H_UTH,H_UTH,20250616_UTH,2025-06-16T08:30:00+07:00,2025-06-16T12:41:40+07:00,2025-06-16T08:30:00+07:00,,,2025-06-16T14:01:16+07:00,COMPLETED,18,1379.43,6.114,52.4,56.972,56.972,2.086,7.33,FUEL202506,791.19,859.28,234.12,True,Synthetic cost model; fuel unit-price benchmark from EPPO,True
T00956,L_KKC,LAST_MILE,V031,H_KKC,H_KKC,20250616_KKC,2025-06-16T08:30:00+07:00,2025-06-16T13:08:01+07:00,2025-06-16T08:30:00+07:00,,,2025-06-16T14:03:45+07:00,COMPLETED,20,1259.89,5.385,56.0,62.547,62.547,2.383,8.04,FUEL202506,853.25,946.69,256.8,True,Synthetic cost model; fuel unit-price benchmark from EPPO,True
T00957,L_RET,LAST_MILE,V042,H_RET,H_RET,20250616_RET,2025-06-16T08:30:00+07:00,2025-06-16T12:44:08+07:00,2025-06-16T08:30:00+07:00,,,2025-06-16T13:16:18+07:00,COMPLETED,20,1404.57,6.1615,56.0,51.398,51.398,1.946,6.566,FUEL202506,853.25,846.73,209.72,True,Synthetic cost model; fuel unit-price benchmark from EPPO,True
T00958,L_SSK,LAST_MILE,V036,H_SSK,H_SSK,20250616_SSK,2025-06-16T12:20:00+07:00,2025-06-16T16:53:03+07:00,2025-06-16T12:20:00+07:00,,,2025-06-16T17:14:29+07:00,COMPLETED,20,1533.47,6.7759,56.0,60.229,60.229,1.92,8.249,FUEL202506,853.25,916.3,263.47,True,Synthetic cost model; fuel unit-price benchmark from EPPO,True
T00959,L_CNX,LAST_MILE,V028,H_CNX,H_CNX,20250616_CNX,2025-06-16T13:08:00+07:00,2025-06-16T17:20:14+07:00,2025-06-16T13:08:00+07:00,,,2025-06-16T18:05:50+07:00,COMPLETED,18,1669.73,7.4083,52.4,57.232,57.232,1.935,8.326,FUEL202506,791.19,881.02,265.93,True,Synthetic cost model; fuel unit-price benchmark from EPPO,True
T00960,L_CNX,LAST_MILE,V027,H_CNX,H_CNX,20250616_CNX,2025-06-16T13:08:00+07:00,2025-06-16T14:04:30+07:00,2025-06-16T13:08:00+07:00,,,2025-06-16T15:08:28+07:00,COMPLETED,1,180,0.6894,21.8,23.009,23.009,0.721,2.623,FUEL202506,263.62,266.69,83.78,True,Synthetic cost model; fuel unit-price benchmark from EPPO,True
T00961,L_RET,LAST_MILE,V041,H_RET,H_RET,20250616_RET,2025-06-16T13:57:00+07:00,2025-06-16T15:14:18+07:00,2025-06-16T13:57:00+07:00,,,2025-06-16T15:42:56+07:00,COMPLETED,3,189.07,0.713,25.4,26.001,26.001,0.907,2.944,FUEL202506,325.69,328.73,94.03,True,Synthetic cost model; fuel unit-price benchmark from EPPO,True
T00962,L_KKC,LAST_MILE,V032,H_KKC,H_KKC,20250616_KKC,2025-06-16T14:11:00+07:00,2025-06-16T15:21:59+07:00,2025-06-17T08:30:00+07:00,,,2025-06-17T10:54:26+07:00,COMPLETED,3,259.29,1.2536,25.4,23.047,23.047,0.943,2.734,FUEL202506,325.69,318.63,87.32,True,Synthetic cost model; fuel unit-price benchmark from EPPO,True
T00963,L_RYG,LAST_MILE,V046,H_RYG,H_RYG,20250616_RYG,2025-06-16T14:21:00+07:00,2025-06-16T15:18:23+07:00,2025-06-16T14:21:00+07:00,,,2025-06-16T15:43:40+07:00,COMPLETED,1,93.16,0.4708,21.8,23.425,23.425,0.887,2.55,FUEL202506,263.62,276.8,81.45,True,Synthetic cost model; fuel unit-price benchmark from EPPO,True
T00964,L_RET,LAST_MILE,V041,H_RET,H_RET,20250616_RET,2025-06-16T15:38:00+07:00,2025-06-16T20:06:54+07:00,2025-06-17T08:30:00+07:00,,,2025-06-17T13:14:42+07:00,COMPLETED,20,1415.23,6.5644,56.0,58.292,58.292,1.994,7.252,FUEL202506,853.25,885.76,231.63,True,Synthetic cost model; fuel unit-price benchmark from EPPO,True
T00965,L_CNX,LAST_MILE,V028,H_CNX,H_CNX,20250617_CNX,2025-06-17T08:30:00+07:00,2025-06-17T12:46:06+07:00,2025-06-17T08:30:00+07:00,,,2025-06-17T13:32:32+07:00,COMPLETED,19,1342.97,6.5981,54.2,55.674,55.674,1.848,7.887,FUEL202506,822.22,874.21,251.91,True,Synthetic cost model; fuel unit-price benchmark from EPPO,True
T00966,L_KKC,LAST_MILE,V031,H_KKC,H_KKC,20250617_KKC,2025-06-17T08:30:00+07:00,2025-06-17T12:43:06+07:00,2025-06-17T08:30:00+07:00,,,2025-06-17T13:46:51+07:00,COMPLETED,20,1376.82,6.3068,56.0,50.92,50.92,1.653,6.607,FUEL202506,853.25,826.55,211.03,True,Synthetic cost model; fuel unit-price benchmark from EPPO,True
T00967,L_RET,LAST_MILE,V042,H_RET,H_RET,20250617_RET,2025-06-17T08:30:00+07:00,2025-06-17T12:52:12+07:00,2025-06-17T08:30:00+07:00,,,2025-06-17T13:52:51+07:00,COMPLETED,20,1520.45,6.7837,56.0,55.163,55.163,1.887,7.41,FUEL202506,853.25,877.13,236.68,True,Synthetic cost model; fuel unit-price benchmark from EPPO,True
T00968,L_RET,LAST_MILE,V041,H_RET,H_RET,20250617_RET,2025-06-17T13:46:00+07:00,2025-06-17T14:53:39+07:00,2025-06-18T08:30:00+07:00,,,2025-06-18T10:45:51+07:00,COMPLETED,2,91.09,0.4762,23.6,24.852,24.852,0.78,2.91,FUEL202506,294.66,300.07,92.95,True,Synthetic cost model; fuel unit-price benchmark from EPPO,True
T00969,L_KKC,LAST_MILE,V031,H_KKC,H_KKC,20250617_KKC,2025-06-17T13:56:00+07:00,2025-06-17T14:59:47+07:00,2025-06-18T08:30:00+07:00,,,2025-06-18T10:39:59+07:00,COMPLETED,2,86.45,0.3343,23.6,23.047,23.047,0.785,2.71,FUEL202506,294.66,290.4,86.56,True,Synthetic cost model; fuel unit-price benchmark from EPPO,True
T00970,L_UTH,LAST_MILE,V039,H_UTH,H_UTH,20250617_UTH,2025-06-17T14:31:00+07:00,2025-06-17T15:32:58+07:00,2025-06-17T14:31:00+07:00,,,2025-06-17T16:12:07+07:00,COMPLETED,2,59.21,0.2568,23.6,22.201,22.201,0.925,2.657,FUEL202506,294.66,296.79,84.86,True,Synthetic cost model; fuel unit-price benchmark from EPPO,True
T00971,L_CNX,LAST_MILE,V028,H_CNX,H_CNX,20250618_CNX,2025-06-18T08:30:00+07:00,2025-06-18T12:03:38+07:00,2025-06-18T08:30:00+07:00,,,2025-06-18T13:11:45+07:00,COMPLETED,16,1724.78,8.1673,48.8,45.942,45.942,1.749,6.714,FUEL202506,729.12,761.19,214.45,True,Synthetic cost model; fuel unit-price benchmark from EPPO,True
T00972,L_CNX,LAST_MILE,V026,H_CNX,H_CNX,20250618_CNX,2025-06-18T08:30:00+07:00,2025-06-18T09:59:34+07:00,2025-06-18T08:30:00+07:00,,,2025-06-18T10:46:02+07:00,COMPLETED,4,210.96,0.8693,27.2,28.358,28.358,0.963,3.521,FUEL202506,356.72,372.19,112.46,True,Synthetic cost model; fuel unit-price benchmark from EPPO,True
T00973,L_SSK,LAST_MILE,V035,H_SSK,H_SSK,20250618_SSK,2025-06-18T08:30:00+07:00,2025-06-18T09:21:18+07:00,2025-06-18T08:30:00+07:00,,,2025-06-18T09:59:21+07:00,COMPLETED,1,49.9,0.1761,21.8,20.586,20.586,0.651,2.769,FUEL202506,263.62,261.61,88.44,True,Synthetic cost model; fuel unit-price benchmark from EPPO,True
T00974,L_CNX,LAST_MILE,V027,H_CNX,H_CNX,20250618_CNX,2025-06-18T14:02:00+07:00,2025-06-18T15:28:04+07:00,2025-06-18T14:02:00+07:00,,,2025-06-18T16:32:21+07:00,COMPLETED,4,286.11,1.3947,27.2,26.732,26.732,0.863,3.071,FUEL202506,356.72,347.58,98.09,True,Synthetic cost model; fuel unit-price benchmark from EPPO,True
T00975,L_KKC,LAST_MILE,V032,H_KKC,H_KKC,20250618_KKC,2025-06-18T14:16:00+07:00,2025-06-18T15:44:22+07:00,2025-06-18T14:16:00+07:00,,,2025-06-18T16:36:55+07:00,COMPLETED,4,413.39,2.1937,27.2,27.805,27.805,1.108,3.203,FUEL202506,356.72,371.06,102.3,True,Synthetic cost model; fuel unit-price benchmark from EPPO,True
T00976,L_CNX,LAST_MILE,V027,H_CNX,H_CNX,20250619_CNX,2025-06-19T08:30:00+07:00,2025-06-19T12:51:07+07:00,2025-06-19T08:30:00+07:00,,,2025-06-19T13:46:49+07:00,COMPLETED,19,1291.73,5.634,54.2,58.022,58.022,2.082,7.094,FUEL202506,822.22,869.95,226.58,True,Synthetic cost model; fuel unit-price benchmark from EPPO,True
T00977,L_CNX,LAST_MILE,V028,H_CNX,H_CNX,20250619_CNX,2025-06-19T08:30:00+07:00,2025-06-19T12:54:27+07:00,2025-06-19T08:30:00+07:00,,,2025-06-19T13:11:27+07:00,COMPLETED,20,1327.12,5.5141,56.0,56.211,56.211,2.007,7.836,FUEL202506,853.25,901.17,250.28,True,Synthetic cost model; fuel unit-price benchmark from EPPO,True
T00978,L_RET,LAST_MILE,V042,H_RET,H_RET,20250619_RET,2025-06-19T08:30:00+07:00,2025-06-19T12:32:06+07:00,2025-06-19T08:30:00+07:00,,,2025-06-19T12:49:16+07:00,COMPLETED,19,1303.03,5.6531,54.2,49.147,49.147,1.645,6.068,FUEL202506,822.22,788.84,193.81,True,Synthetic cost model; fuel unit-price benchmark from EPPO,True
T00979,L_SSK,LAST_MILE,V035,H_SSK,H_SSK,20250619_SSK,2025-06-19T08:30:00+07:00,2025-06-19T12:54:19+07:00,2025-06-19T08:30:00+07:00,,,2025-06-19T13:26:26+07:00,COMPLETED,20,1386.9,6.7291,56.0,56.154,56.154,1.809,8.153,FUEL202506,853.25,897.32,260.41,True,Synthetic cost model; fuel unit-price benchmark from EPPO,True
T00980,L_CNX,LAST_MILE,V025,H_CNX,H_CNX,20250619_CNX,2025-06-19T11:16:00+07:00,2025-06-19T12:09:50+07:00,2025-06-19T11:16:00+07:00,,,2025-06-19T12:29:45+07:00,COMPLETED,1,51.89,0.2626,21.8,21.765,21.765,0.799,2.575,FUEL202506,263.62,268.1,82.25,True,Synthetic cost model; fuel unit-price benchmark from EPPO,True
T00981,L_CNX,LAST_MILE,V026,H_CNX,H_CNX,20250619_CNX,2025-06-19T12:51:00+07:00,2025-06-19T17:05:46+07:00,2025-06-19T12:51:00+07:00,,,2025-06-19T18:03:35+07:00,COMPLETED,19,1259.36,5.8126,54.2,55.055,55.055,2.197,7.296,FUEL202506,822.22,878.56,233.03,True,Synthetic cost model; fuel unit-price benchmark from EPPO,True
T00982,L_KSN,LAST_MILE,V033,H_KSN,H_KSN,20250620_KSN,2025-06-20T08:30:00+07:00,2025-06-20T13:02:20+07:00,2025-06-20T08:30:00+07:00,,,2025-06-20T14:15:51+07:00,COMPLETED,20,1394.61,6.3129,56.0,59.896,59.896,1.873,8.143,FUEL202506,853.25,909.03,260.09,True,Synthetic cost model; fuel unit-price benchmark from EPPO,True
T00983,L_CNX,LAST_MILE,V025,H_CNX,H_CNX,20250620_CNX,2025-06-20T11:32:00+07:00,2025-06-20T16:03:59+07:00,2025-06-20T11:32:00+07:00,,,2025-06-20T16:27:42+07:00,COMPLETED,20,1561.49,7.2078,56.0,59.731,59.731,2.276,7.731,FUEL202506,853.25,923.69,246.93,True,Synthetic cost model; fuel unit-price benchmark from EPPO,True
T00984,L_RET,LAST_MILE,V042,H_RET,H_RET,20250620_RET,2025-06-20T13:19:00+07:00,2025-06-20T14:28:09+07:00,2025-06-20T13:19:00+07:00,,,2025-06-20T14:58:27+07:00,COMPLETED,2,114.63,0.4237,23.6,25.556,25.556,0.971,2.882,FUEL202506,294.66,313.96,92.05,True,Synthetic cost model; fuel unit-price benchmark from EPPO,True
T00985,L_CNX,LAST_MILE,V027,H_CNX,H_CNX,20250620_CNX,2025-06-20T13:41:00+07:00,2025-06-20T15:02:44+07:00,2025-06-20T13:41:00+07:00,,,2025-06-20T15:54:16+07:00,COMPLETED,3,131.76,0.4957,25.4,28.064,28.064,1.022,3.061,FUEL202506,325.69,344.65,97.77,True,Synthetic cost model; fuel unit-price benchmark from EPPO,True
T00986,L_CNX,LAST_MILE,V027,H_CNX,H_CNX,20250621_CNX,2025-06-21T08:30:00+07:00,2025-06-21T09:29:13+07:00,2025-06-21T08:30:00+07:00,,,2025-06-21T11:10:54+07:00,COMPLETED,1,26.31,0.1191,21.8,24.277,24.277,0.916,2.809,FUEL202506,263.62,288.82,89.72,True,Synthetic cost model; fuel unit-price benchmark from EPPO,True
T00987,L_KSN,LAST_MILE,V033,H_KSN,H_KSN,20250621_KSN,2025-06-21T14:45:00+07:00,2025-06-21T15:55:11+07:00,2025-06-21T14:45:00+07:00,,,2025-06-21T16:48:55+07:00,COMPLETED,2,80.12,0.3926,23.6,26.033,26.033,0.977,3.286,FUEL202506,294.66,328.23,104.95,True,Synthetic cost model; fuel unit-price benchmark from EPPO,True
T00988,L_KKC,LAST_MILE,V032,H_KKC,H_KKC,20250622_KKC,2025-06-22T08:30:00+07:00,2025-06-22T13:05:59+07:00,2025-06-22T08:30:00+07:00,,,2025-06-22T13:52:46+07:00,COMPLETED,20,1743.48,8.0251,56.0,61.594,61.594,2.24,8.202,FUEL202506,853.25,939.93,261.97,True,Synthetic cost model; fuel unit-price benchmark from EPPO,True
T00989,L_RYG,LAST_MILE,V045,H_RYG,H_RYG,20250622_RYG,2025-06-22T08:30:00+07:00,2025-06-22T12:37:57+07:00,2025-06-22T08:30:00+07:00,,,2025-06-22T12:56:10+07:00,COMPLETED,19,1342.36,5.9886,54.2,51.87,51.87,1.642,6.506,FUEL202506,822.22,808.1,207.8,True,Synthetic cost model; fuel unit-price benchmark from EPPO,True
T00990,L_CNX,LAST_MILE,V028,H_CNX,H_CNX,20250622_CNX,2025-06-22T08:30:00+07:00,2025-06-22T09:24:08+07:00,2025-06-22T08:30:00+07:00,,,2025-06-22T10:52:43+07:00,COMPLETED,1,83.88,0.3541,21.8,21.907,21.907,0.707,2.894,FUEL202506,263.62,272.15,92.43,True,Synthetic cost model; fuel unit-price benchmark from EPPO,True
T00991,L_CNX,LAST_MILE,V027,H_CNX,H_CNX,20250623_CNX,2025-06-23T13:39:00+07:00,2025-06-23T18:04:56+07:00,2025-06-23T13:39:00+07:00,,,2025-06-23T18:37:05+07:00,COMPLETED,20,1617.85,8.1949,56.0,56.903,56.903,1.974,6.96,FUEL202506,853.25,872.31,222.3,True,Synthetic cost model; fuel unit-price benchmark from EPPO,True
T00992,L_KKC,LAST_MILE,V032,H_KKC,H_KKC,20250623_KKC,2025-06-23T14:22:00+07:00,2025-06-23T15:11:25+07:00,2025-06-23T14:22:00+07:00,,,2025-06-23T15:56:06+07:00,COMPLETED,1,104.05,0.4456,21.8,19.706,19.706,0.704,2.311,FUEL202506,263.62,248.88,73.81,True,Synthetic cost model; fuel unit-price benchmark from EPPO,True
T00993,L_KKC,LAST_MILE,V031,H_KKC,H_KKC,20250624_KKC,2025-06-24T08:30:00+07:00,2025-06-24T12:26:20+07:00,2025-06-24T08:30:00+07:00,,,2025-06-24T13:11:59+07:00,COMPLETED,18,1178.22,5.1331,52.4,49.813,49.813,1.592,6.268,FUEL202506,791.19,776.46,200.2,True,Synthetic cost model; fuel unit-price benchmark from EPPO,True
T00994,L_CNX,LAST_MILE,V028,H_CNX,H_CNX,20250624_CNX,2025-06-24T08:30:00+07:00,2025-06-24T12:56:26+07:00,2025-06-24T08:30:00+07:00,,,2025-06-24T14:30:29+07:00,COMPLETED,19,1758.08,7.4731,54.2,60.498,60.498,2.251,8.865,FUEL202506,822.22,943.35,283.15,True,Synthetic cost model; fuel unit-price benchmark from EPPO,True
T00995,L_CNX,LAST_MILE,V025,H_CNX,H_CNX,20250624_CNX,2025-06-24T08:30:00+07:00,2025-06-24T12:42:41+07:00,2025-06-24T08:30:00+07:00,,,2025-06-24T14:16:04+07:00,COMPLETED,20,1178.08,5.174,56.0,50.723,50.723,1.726,6.631,FUEL202506,853.25,832.04,211.79,True,Synthetic cost model; fuel unit-price benchmark from EPPO,True
T00996,L_RET,LAST_MILE,V041,H_RET,H_RET,20250624_RET,2025-06-24T08:30:00+07:00,2025-06-24T12:49:02+07:00,2025-06-24T08:30:00+07:00,,,2025-06-24T13:27:14+07:00,COMPLETED,20,1206.09,5.4684,56.0,53.688,53.688,1.872,6.4,FUEL202506,853.25,840.82,204.42,True,Synthetic cost model; fuel unit-price benchmark from EPPO,True
T00997,L_RYG,LAST_MILE,V046,H_RYG,H_RYG,20250625_RYG,2025-06-25T08:30:00+07:00,2025-06-25T12:31:42+07:00,2025-06-25T08:30:00+07:00,,,2025-06-25T13:33:00+07:00,COMPLETED,19,1636.86,7.4065,54.2,48.955,48.955,1.777,5.852,FUEL202506,822.22,790.78,186.91,True,Synthetic cost model; fuel unit-price benchmark from EPPO,True
T00998,L_BKK,LAST_MILE,V030,H_BKK,H_BKK,20250625_BKK,2025-06-25T08:30:00+07:00,2025-06-25T12:47:41+07:00,2025-06-25T08:30:00+07:00,,,2025-06-25T13:00:50+07:00,COMPLETED,19,1346.99,6.186,54.2,56.416,56.416,1.834,6.859,FUEL202506,822.22,841.88,219.08,True,Synthetic cost model; fuel unit-price benchmark from EPPO,True
T00999,L_CNX,LAST_MILE,V026,H_CNX,H_CNX,20250625_CNX,2025-06-25T08:30:00+07:00,2025-06-25T09:27:44+07:00,2025-06-25T08:30:00+07:00,,,2025-06-25T10:17:50+07:00,COMPLETED,1,87.74,0.5156,21.8,23.583,23.583,0.89,2.902,FUEL202506,263.62,288.53,92.69,True,Synthetic cost model; fuel unit-price benchmark from EPPO,True
T01000,L_CNX,LAST_MILE,V028,H_CNX,H_CNX,20250625_CNX,2025-06-25T08:59:00+07:00,2025-06-25T13:17:05+07:00,2025-06-25T08:59:00+07:00,,,2025-06-25T14:34:46+07:00,COMPLETED,19,929.28,4.051,54.2,56.605,56.605,1.957,7.763,FUEL202506,822.22,879.78,247.95,True,Synthetic cost model; fuel unit-price benchmark from EPPO,True
T01001,L_KKC,LAST_MILE,V031,H_KKC,H_KKC,20250625_KKC,2025-06-25T13:41:00+07:00,2025-06-25T14:47:06+07:00,2025-06-25T13:41:00+07:00,,,2025-06-25T15:25:37+07:00,COMPLETED,2,125.03,0.5585,23.6,24.133,24.133,0.792,2.921,FUEL202506,294.66,299.8,93.3,True,Synthetic cost model; fuel unit-price benchmark from EPPO,True
T01002,L_CNX,LAST_MILE,V027,H_CNX,H_CNX,20250625_CNX,2025-06-25T14:46:00+07:00,2025-06-25T15:54:23+07:00,2025-06-25T14:46:00+07:00,,,2025-06-25T16:53:00+07:00,COMPLETED,2,123.93,0.5586,23.6,25.197,25.197,0.981,2.861,FUEL202506,294.66,313.23,91.38,True,Synthetic cost model; fuel unit-price benchmark from EPPO,True
T01003,L_BKK,LAST_MILE,V030,H_BKK,H_BKK,20250626_BKK,2025-06-26T08:30:00+07:00,2025-06-26T13:00:49+07:00,2025-06-26T08:30:00+07:00,,,2025-06-26T14:05:42+07:00,COMPLETED,20,1586.32,6.6948,56.0,59.187,59.187,2.303,7.642,FUEL202506,853.25,921.7,244.09,True,Synthetic cost model; fuel unit-price benchmark from EPPO,True
T01004,L_NMA,LAST_MILE,V037,H_NMA,H_NMA,20250626_NMA,2025-06-26T08:30:00+07:00,2025-06-26T13:01:45+07:00,2025-06-26T08:30:00+07:00,,,2025-06-26T13:41:27+07:00,COMPLETED,20,1609.48,7.3805,56.0,59.623,59.623,2.102,7.46,FUEL202506,853.25,902.68,238.27,True,Synthetic cost model; fuel unit-price benchmark from EPPO,True
T01005,L_BKK,LAST_MILE,V029,H_BKK,H_BKK,20250626_BKK,2025-06-26T08:42:00+07:00,2025-06-26T13:12:10+07:00,2025-06-26T08:42:00+07:00,,,2025-06-26T14:12:45+07:00,COMPLETED,20,1404.33,6.47,56.0,58.883,58.883,2.267,7.52,FUEL202506,853.25,914.64,240.19,True,Synthetic cost model; fuel unit-price benchmark from EPPO,True
T01006,L_KSN,LAST_MILE,V033,H_KSN,H_KSN,20250626_KSN,2025-06-26T09:50:00+07:00,2025-06-26T14:14:47+07:00,2025-06-26T09:50:00+07:00,,,2025-06-26T15:23:31+07:00,COMPLETED,19,1210.68,5.6596,54.2,59.731,59.731,2.051,8.003,FUEL202506,822.22,900.26,255.62,True,Synthetic cost model; fuel unit-price benchmark from EPPO,True
T01007,L_BKK,LAST_MILE,V029,H_BKK,H_BKK,20250626_BKK,2025-06-26T13:30:00+07:00,2025-06-26T14:35:41+07:00,2025-06-27T08:30:00+07:00,,,2025-06-27T11:09:21+07:00,COMPLETED,2,143.47,0.7831,23.6,23.934,23.934,0.801,2.775,FUEL202506,294.66,295.38,88.63,True,Synthetic cost model; fuel unit-price benchmark from EPPO,True
T01008,L_CNX,LAST_MILE,V026,H_CNX,H_CNX,20250626_CNX,2025-06-26T15:04:00+07:00,2025-06-26T16:00:12+07:00,2025-06-26T15:04:00+07:00,,,2025-06-26T16:53:38+07:00,COMPLETED,1,27.83,0.1528,21.8,22.87,22.87,0.868,2.69,FUEL202506,263.62,278.8,85.92,True,Synthetic cost model; fuel unit-price benchmark from EPPO,True
T01009,L_KKC,LAST_MILE,V032,H_KKC,H_KKC,20250627_KKC,2025-06-27T08:30:00+07:00,2025-06-27T13:05:47+07:00,2025-06-27T08:30:00+07:00,,,2025-06-27T13:45:37+07:00,COMPLETED,20,1218.86,5.7897,56.0,61.499,61.499,1.967,8.056,FUEL202506,853.25,915.99,257.31,True,Synthetic cost model; fuel unit-price benchmark from EPPO,True
T01010,L_NMA,LAST_MILE,V037,H_NMA,H_NMA,20250627_NMA,2025-06-27T14:11:00+07:00,2025-06-27T15:05:02+07:00,2025-06-27T14:11:00+07:00,,,2025-06-27T15:42:56+07:00,COMPLETED,1,67.79,0.3017,21.8,21.86,21.86,0.742,2.429,FUEL202506,263.62,259.65,77.58,True,Synthetic cost model; fuel unit-price benchmark from EPPO,True
T01011,L_BKK,LAST_MILE,V030,H_BKK,H_BKK,20250627_BKK,2025-06-27T14:42:00+07:00,2025-06-27T15:39:07+07:00,2025-06-27T14:42:00+07:00,,,2025-06-27T16:58:24+07:00,COMPLETED,1,180,0.937,21.8,23.299,23.299,0.797,2.631,FUEL202506,263.62,272.82,84.03,True,Synthetic cost model; fuel unit-price benchmark from EPPO,True
T01012,L_KSN,LAST_MILE,V033,H_KSN,H_KSN,20250627_KSN,2025-06-27T15:53:00+07:00,2025-06-27T16:55:51+07:00,2025-06-27T15:53:00+07:00,,,2025-06-27T17:20:56+07:00,COMPLETED,2,127.24,0.4596,23.6,22.616,22.616,0.771,2.612,FUEL202506,294.66,285.45,83.43,True,Synthetic cost model; fuel unit-price benchmark from EPPO,True
T01013,L_KSN,LAST_MILE,V034,H_KSN,H_KSN,20250628_KSN,2025-06-28T08:30:00+07:00,2025-06-28T13:04:45+07:00,2025-06-28T08:30:00+07:00,,,2025-06-28T14:26:27+07:00,COMPLETED,20,1295.39,5.8778,56.0,61.017,61.017,2.368,7.843,FUEL202506,853.25,936.32,250.51,True,Synthetic cost model; fuel unit-price benchmark from EPPO,True
T01014,L_CNX,LAST_MILE,V026,H_CNX,H_CNX,20250628_CNX,2025-06-28T09:52:00+07:00,2025-06-28T14:06:09+07:00,2025-06-28T09:52:00+07:00,,,2025-06-28T15:42:00+07:00,COMPLETED,19,1303.14,5.5657,54.2,54.771,54.771,1.986,7.587,FUEL202506,822.22,872.46,242.33,True,Synthetic cost model; fuel unit-price benchmark from EPPO,True
T01015,L_KKC,LAST_MILE,V032,H_KKC,H_KKC,20250628_KKC,2025-06-28T14:15:00+07:00,2025-06-28T15:18:42+07:00,2025-06-28T14:15:00+07:00,,,2025-06-28T16:19:56+07:00,COMPLETED,2,73.72,0.3378,23.6,23.014,23.014,0.898,2.764,FUEL202506,294.66,299.95,88.28,True,Synthetic cost model; fuel unit-price benchmark from EPPO,True
T01016,L_LPT,LAST_MILE,V044,H_LPT,H_LPT,20250629_LPT,2025-06-29T08:30:00+07:00,2025-06-29T12:55:20+07:00,2025-06-29T08:30:00+07:00,,,2025-06-29T13:46:54+07:00,COMPLETED,20,1277.36,5.6939,56.0,56.623,56.623,1.976,7.292,FUEL202506,853.25,882.51,232.91,True,Synthetic cost model; fuel unit-price benchmark from EPPO,True
T01017,L_BKK,LAST_MILE,V030,H_BKK,H_BKK,20250629_BKK,2025-06-29T09:13:00+07:00,2025-06-29T13:37:22+07:00,2025-06-29T09:13:00+07:00,,,2025-06-29T14:48:15+07:00,COMPLETED,19,1296.67,6.1525,54.2,59.532,59.532,1.931,7.706,FUEL202506,822.22,882.0,246.13,True,Synthetic cost model; fuel unit-price benchmark from EPPO,True
T01018,L_CNX,LAST_MILE,V025,H_CNX,H_CNX,20250629_CNX,2025-06-29T12:10:00+07:00,2025-06-29T16:38:05+07:00,2025-06-29T12:10:00+07:00,,,2025-06-29T16:37:35+07:00,COMPLETED,20,1381.84,5.9952,56.0,57.911,57.911,1.856,7.387,FUEL202506,853.25,879.66,235.94,True,Synthetic cost model; fuel unit-price benchmark from EPPO,True
T01019,L_KSN,LAST_MILE,V034,H_KSN,H_KSN,20250629_KSN,2025-06-29T14:56:00+07:00,2025-06-29T15:54:47+07:00,2025-06-29T14:56:00+07:00,,,2025-06-29T16:46:31+07:00,COMPLETED,1,62.32,0.3234,21.8,24.073,24.073,0.944,2.776,FUEL202506,263.62,289.32,88.67,True,Synthetic cost model; fuel unit-price benchmark from EPPO,True
T01020,L_CNX,LAST_MILE,V028,H_CNX,H_CNX,20250629_CNX,2025-06-29T16:12:00+07:00,2025-06-29T17:10:48+07:00,2025-06-29T16:12:00+07:00,,,2025-06-29T17:58:20+07:00,COMPLETED,1,15.37,0.0663,21.8,24.087,24.087,0.893,2.961,FUEL202506,263.62,291.69,94.57,True,Synthetic cost model; fuel unit-price benchmark from EPPO,True
T01021,L_CNX,LAST_MILE,V025,H_CNX,H_CNX,20250630_CNX,2025-06-30T08:30:00+07:00,2025-06-30T12:45:09+07:00,2025-06-30T08:30:00+07:00,,,2025-06-30T13:49:27+07:00,COMPLETED,19,1684.0,7.8368,54.2,55.235,55.235,2.172,7.221,FUEL202506,822.22,874.73,230.64,True,Synthetic cost model; fuel unit-price benchmark from EPPO,True
T01022,L_CNX,LAST_MILE,V028,H_CNX,H_CNX,20250630_CNX,2025-06-30T08:30:00+07:00,2025-06-30T13:02:21+07:00,2025-06-30T08:30:00+07:00,,,2025-06-30T13:30:40+07:00,COMPLETED,20,1503.77,6.5366,56.0,59.897,59.897,2.321,8.252,FUEL202506,853.25,943.87,263.57,True,Synthetic cost model; fuel unit-price benchmark from EPPO,True
T01023,L_KSN,LAST_MILE,V033,H_KSN,H_KSN,20250630_KSN,2025-06-30T08:30:00+07:00,2025-06-30T12:49:35+07:00,2025-06-30T08:30:00+07:00,,,2025-06-30T12:57:20+07:00,COMPLETED,19,1188.71,5.1673,54.2,57.305,57.305,1.794,7.551,FUEL202506,822.22,862.98,241.18,True,Synthetic cost model; fuel unit-price benchmark from EPPO,True
T01024,L_KKC,LAST_MILE,V032,H_KKC,H_KKC,20250630_KKC,2025-06-30T08:30:00+07:00,2025-06-30T12:46:28+07:00,2025-06-30T08:30:00+07:00,,,2025-06-30T13:41:10+07:00,COMPLETED,19,1267.98,6.0139,54.2,55.846,55.846,1.791,7.05,FUEL202506,822.22,843.82,225.18,True,Synthetic cost model; fuel unit-price benchmark from EPPO,True
T01025,L_CNX,LAST_MILE,V026,H_CNX,H_CNX,20250630_CNX,2025-06-30T08:30:00+07:00,2025-06-30T13:08:09+07:00,2025-06-30T08:30:00+07:00,,,2025-06-30T14:15:58+07:00,COMPLETED,20,1678.4,7.3137,56.0,62.608,62.608,2.544,8.362,FUEL202506,853.25,968.35,267.08,True,Synthetic cost model; fuel unit-price benchmark from EPPO,True
T01026,L_BKK,LAST_MILE,V029,H_BKK,H_BKK,20250630_BKK,2025-06-30T08:30:00+07:00,2025-06-30T12:23:21+07:00,2025-06-30T08:30:00+07:00,,,2025-06-30T14:05:34+07:00,COMPLETED,18,1243.07,5.1759,52.4,48.422,48.422,1.784,6.105,FUEL202506,791.19,781.92,194.99,True,Synthetic cost model; fuel unit-price benchmark from EPPO,True
T01027,L_LPT,LAST_MILE,V044,H_LPT,H_LPT,20250630_LPT,2025-06-30T14:16:00+07:00,2025-06-30T15:13:21+07:00,2025-06-30T14:16:00+07:00,,,2025-06-30T16:49:57+07:00,COMPLETED,1,119.63,0.5227,21.8,23.407,23.407,0.885,2.803,FUEL202506,263.62,284.71,89.53,True,Synthetic cost model; fuel unit-price benchmark from EPPO,True
T01028,L_BKK,LAST_MILE,V030,H_BKK,H_BKK,20250630_BKK,2025-06-30T14:34:00+07:00,2025-06-30T19:06:11+07:00,2025-06-30T14:34:00+07:00,,,2025-06-30T20:01:15+07:00,COMPLETED,20,1310.29,5.9299,56.0,59.821,59.821,1.939,7.553,FUEL202506,853.25,894.63,241.24,True,Synthetic cost model; fuel unit-price benchmark from EPPO,True
T01029,L_BKK,LAST_MILE,V029,H_BKK,H_BKK,20250630_BKK,2025-06-30T15:18:00+07:00,2025-06-30T16:17:30+07:00,2025-07-01T08:30:00+07:00,,,2025-07-01T10:42:49+07:00,COMPLETED,1,98.17,0.5871,21.8,24.412,24.412,0.82,2.821,FUEL202506,263.62,282.7,90.1,True,Synthetic cost model; fuel unit-price benchmark from EPPO,True
T01030,L_CNX,LAST_MILE,V028,H_CNX,H_CNX,20250701_CNX,2025-07-01T08:30:00+07:00,2025-07-01T09:45:29+07:00,2025-07-01T08:30:00+07:00,,,2025-07-01T10:20:24+07:00,COMPLETED,3,172.8,0.7734,25.4,25.146,25.146,0.872,3.127,FUEL202507,325.69,330.4,99.88,True,Synthetic cost model; fuel unit-price benchmark from EPPO,True
T01031,L_CNX,LAST_MILE,V027,H_CNX,H_CNX,20250701_CNX,2025-07-01T14:00:00+07:00,2025-07-01T14:51:11+07:00,2025-07-01T14:00:00+07:00,,,2025-07-01T15:22:07+07:00,COMPLETED,1,57.98,0.1967,21.8,20.529,20.529,0.803,2.227,FUEL202507,263.62,254.79,71.13,True,Synthetic cost model; fuel unit-price benchmark from EPPO,True
T01032,L_KKC,LAST_MILE,V032,H_KKC,H_KKC,20250701_KKC,2025-07-01T14:11:00+07:00,2025-07-01T15:06:10+07:00,2025-07-01T14:11:00+07:00,,,2025-07-01T16:21:39+07:00,COMPLETED,1,46.2,0.2507,21.8,22.386,22.386,0.883,2.683,FUEL202507,263.62,278.65,85.7,True,Synthetic cost model; fuel unit-price benchmark from EPPO,True
T01033,L_CNX,LAST_MILE,V026,H_CNX,H_CNX,20250701_CNX,2025-07-01T14:19:00+07:00,2025-07-01T15:10:06+07:00,2025-07-01T14:19:00+07:00,,,2025-07-01T15:32:32+07:00,COMPLETED,1,180,0.8175,21.8,20.49,20.49,0.687,2.437,FUEL202507,263.62,253.33,77.84,True,Synthetic cost model; fuel unit-price benchmark from EPPO,True
T01034,L_CNX,LAST_MILE,V025,H_CNX,H_CNX,20250701_CNX,2025-07-01T14:45:00+07:00,2025-07-01T15:50:01+07:00,2025-07-01T14:45:00+07:00,,,2025-07-01T16:10:38+07:00,COMPLETED,2,172.09,0.7281,23.6,23.627,23.627,0.827,2.747,FUEL202507,294.66,295.7,87.74,True,Synthetic cost model; fuel unit-price benchmark from EPPO,True
T01035,L_BKK,LAST_MILE,V029,H_BKK,H_BKK,20250702_BKK,2025-07-02T08:30:00+07:00,2025-07-02T12:32:00+07:00,2025-07-02T08:30:00+07:00,,,2025-07-02T12:36:39+07:00,COMPLETED,19,1341.31,6.4949,54.2,49.099,49.099,1.626,6.147,FUEL202507,822.22,789.97,196.34,True,Synthetic cost model; fuel unit-price benchmark from EPPO,True
T01036,L_RYG,LAST_MILE,V046,H_RYG,H_RYG,20250702_RYG,2025-07-02T08:30:00+07:00,2025-07-02T13:03:19+07:00,2025-07-02T08:30:00+07:00,,,2025-07-02T13:23:43+07:00,COMPLETED,20,1620.94,6.6214,56.0,60.352,60.352,1.92,7.205,FUEL202507,853.25,883.27,230.13,True,Synthetic cost model; fuel unit-price benchmark from EPPO,True
T01037,L_RYG,LAST_MILE,V045,H_RYG,H_RYG,20250702_RYG,2025-07-02T08:30:00+07:00,2025-07-02T12:48:35+07:00,2025-07-02T08:30:00+07:00,,,2025-07-02T13:57:09+07:00,COMPLETED,19,1611.33,7.116,54.2,56.838,56.838,2.24,7.103,FUEL202507,822.22,878.94,226.87,True,Synthetic cost model; fuel unit-price benchmark from EPPO,True
T01038,L_KSN,LAST_MILE,V034,H_KSN,H_KSN,20250702_KSN,2025-07-02T08:30:00+07:00,2025-07-02T12:48:33+07:00,2025-07-02T08:30:00+07:00,,,2025-07-02T14:46:44+07:00,COMPLETED,20,1483.34,6.4207,56.0,53.459,53.459,2.218,6.976,FUEL202507,853.25,883.0,222.81,True,Synthetic cost model; fuel unit-price benchmark from EPPO,True
T01039,L_BKK,LAST_MILE,V030,H_BKK,H_BKK,20250702_BKK,2025-07-02T08:30:00+07:00,2025-07-02T09:26:48+07:00,2025-07-02T08:30:00+07:00,,,2025-07-02T10:17:52+07:00,COMPLETED,1,84.15,0.3326,21.8,23.151,23.151,0.821,2.624,FUEL202507,263.62,274.0,83.81,True,Synthetic cost model; fuel unit-price benchmark from EPPO,True
T01040,L_CNX,LAST_MILE,V028,H_CNX,H_CNX,20250702_CNX,2025-07-02T10:40:00+07:00,2025-07-02T15:00:34+07:00,2025-07-02T10:40:00+07:00,,,2025-07-02T16:42:42+07:00,COMPLETED,20,1367.37,6.2342,56.0,54.398,54.398,2.152,7.722,FUEL202507,853.25,904.09,246.64,True,Synthetic cost model; fuel unit-price benchmark from EPPO,True
T01041,L_CNX,LAST_MILE,V026,H_CNX,H_CNX,20250703_CNX,2025-07-03T08:30:00+07:00,2025-07-03T12:52:56+07:00,2025-07-03T08:30:00+07:00,,,2025-07-03T13:41:26+07:00,COMPLETED,20,1277.94,5.8485,56.0,55.508,55.508,1.945,7.178,FUEL202507,853.25,874.45,229.27,True,Synthetic cost model; fuel unit-price benchmark from EPPO,True
T01042,L_KSN,LAST_MILE,V034,H_KSN,H_KSN,20250703_KSN,2025-07-03T08:30:00+07:00,2025-07-03T13:06:03+07:00,2025-07-03T08:30:00+07:00,,,2025-07-03T14:23:27+07:00,COMPLETED,20,1365.69,5.8671,56.0,61.628,61.628,2.261,7.767,FUEL202507,853.25,927.64,248.08,True,Synthetic cost model; fuel unit-price benchmark from EPPO,True
T01043,L_RYG,LAST_MILE,V046,H_RYG,H_RYG,20250703_RYG,2025-07-03T14:27:00+07:00,2025-07-03T15:45:55+07:00,2025-07-03T14:27:00+07:00,,,2025-07-03T17:14:05+07:00,COMPLETED,3,163.31,0.8966,25.4,26.749,26.749,0.902,3.048,FUEL202507,325.69,333.16,97.35,True,Synthetic cost model; fuel unit-price benchmark from EPPO,True
T01044,L_SSK,LAST_MILE,V036,H_SSK,H_SSK,20250703_SSK,2025-07-03T15:10:00+07:00,2025-07-03T19:43:45+07:00,2025-07-03T15:10:00+07:00,,,2025-07-03T20:15:05+07:00,COMPLETED,20,1545.47,6.9223,56.0,60.55,60.55,1.944,8.43,FUEL202507,853.25,924.4,269.25,True,Synthetic cost model; fuel unit-price benchmark from EPPO,True
T01045,L_KSN,LAST_MILE,V033,H_KSN,H_KSN,20250703_KSN,2025-07-03T15:16:00+07:00,2025-07-03T16:22:56+07:00,2025-07-03T15:16:00+07:00,,,2025-07-03T17:41:49+07:00,COMPLETED,2,189.62,0.7594,23.6,24.518,24.518,0.768,2.963,FUEL202507,294.66,300.26,94.64,True,Synthetic cost model; fuel unit-price benchmark from EPPO,True
T01046,L_NMA,LAST_MILE,V038,H_NMA,H_NMA,20250704_NMA,2025-07-04T08:30:00+07:00,2025-07-04T13:03:40+07:00,2025-07-04T08:30:00+07:00,,,2025-07-04T13:45:30+07:00,COMPLETED,20,1712.18,7.9554,56.0,60.512,60.512,2.124,7.777,FUEL202507,853.25,916.07,248.4,True,Synthetic cost model; fuel unit-price benchmark from EPPO,True
T01047,L_CNX,LAST_MILE,V026,H_CNX,H_CNX,20250704_CNX,2025-07-04T14:11:00+07:00,2025-07-04T15:05:43+07:00,2025-07-04T14:11:00+07:00,,,2025-07-04T16:08:32+07:00,COMPLETED,1,61.92,0.3417,21.8,22.182,22.182,0.781,2.796,FUEL202507,263.62,274.76,89.3,True,Synthetic cost model; fuel unit-price benchmark from EPPO,True
T01048,L_CNX,LAST_MILE,V026,H_CNX,H_CNX,20250705_CNX,2025-07-05T08:30:00+07:00,2025-07-05T12:55:58+07:00,2025-07-05T08:30:00+07:00,,,2025-07-05T13:22:09+07:00,COMPLETED,19,1379.36,6.0639,54.2,60.284,60.284,2.14,7.662,FUEL202507,822.22,896.69,244.72,True,Synthetic cost model; fuel unit-price benchmark from EPPO,True
T01049,L_BKK,LAST_MILE,V030,H_BKK,H_BKK,20250705_BKK,2025-07-05T08:30:00+07:00,2025-07-05T13:08:09+07:00,2025-07-05T08:30:00+07:00,,,2025-07-05T13:30:20+07:00,COMPLETED,20,1506.0,6.8645,56.0,62.607,62.607,2.269,7.912,FUEL202507,853.25,934.74,252.71,True,Synthetic cost model; fuel unit-price benchmark from EPPO,True
T01050,L_SSK,LAST_MILE,V035,H_SSK,H_SSK,20250705_SSK,2025-07-05T08:30:00+07:00,2025-07-05T12:51:19+07:00,2025-07-05T08:30:00+07:00,,,2025-07-05T13:49:56+07:00,COMPLETED,20,1705.02,7.8101,56.0,54.75,54.75,1.857,8.032,FUEL202507,853.25,894.05,256.54,True,Synthetic cost model; fuel unit-price benchmark from EPPO,True
T01051,L_UTH,LAST_MILE,V040,H_UTH,H_UTH,20250705_UTH,2025-07-05T08:30:00+07:00,2025-07-05T12:43:10+07:00,2025-07-05T08:30:00+07:00,,,2025-07-05T13:46:35+07:00,COMPLETED,20,1447.18,6.4773,56.0,50.949,50.949,1.83,6.327,FUEL202507,853.25,830.1,202.08,True,Synthetic cost model; fuel unit-price benchmark from EPPO,True
T01052,L_CNX,LAST_MILE,V027,H_CNX,H_CNX,20250705_CNX,2025-07-05T11:38:00+07:00,2025-07-05T15:54:40+07:00,2025-07-05T11:38:00+07:00,,,2025-07-05T16:31:49+07:00,COMPLETED,20,1497.26,6.2778,56.0,52.583,52.583,1.717,6.209,FUEL202507,853.25,821.66,198.32,True,Synthetic cost model; fuel unit-price benchmark from EPPO,True
T01053,L_NMA,LAST_MILE,V038,H_NMA,H_NMA,20250705_NMA,2025-07-05T14:15:00+07:00,2025-07-05T15:25:54+07:00,2025-07-05T14:15:00+07:00,,,2025-07-05T16:41:18+07:00,COMPLETED,2,98.55,0.3619,23.6,26.37,26.37,1.041,2.947,FUEL202507,294.66,322.53,94.13,True,Synthetic cost model; fuel unit-price benchmark from EPPO,True
T01054,L_SSK,LAST_MILE,V036,H_SSK,H_SSK,20250705_SSK,2025-07-05T15:22:00+07:00,2025-07-05T19:35:58+07:00,2025-07-05T15:22:00+07:00,,,2025-07-05T20:16:11+07:00,COMPLETED,20,1212.36,5.9776,56.0,51.324,51.324,1.791,6.85,FUEL202507,853.25,844.84,218.79,True,Synthetic cost model; fuel unit-price benchmark from EPPO,True
T01055,L_RET,LAST_MILE,V041,H_RET,H_RET,20250706_RET,2025-07-06T08:30:00+07:00,2025-07-06T12:51:10+07:00,2025-07-06T08:30:00+07:00,,,2025-07-06T13:17:25+07:00,COMPLETED,19,1093.96,5.6565,54.2,58.039,58.039,2.288,6.686,FUEL202507,822.22,871.39,213.55,True,Synthetic cost model; fuel unit-price benchmark from EPPO,True
T01056,L_KSN,LAST_MILE,V033,H_KSN,H_KSN,20250706_KSN,2025-07-06T08:30:00+07:00,2025-07-06T12:47:09+07:00,2025-07-06T08:30:00+07:00,,,2025-07-06T14:15:46+07:00,COMPLETED,19,1551.52,6.7197,54.2,56.167,56.167,2.182,7.734,FUEL202507,822.22,893.71,247.02,True,Synthetic cost model; fuel unit-price benchmark from EPPO,True
T01057,L_NMA,LAST_MILE,V038,H_NMA,H_NMA,20250706_NMA,2025-07-06T08:30:00+07:00,2025-07-06T12:58:17+07:00,2025-07-06T08:30:00+07:00,,,2025-07-06T13:11:51+07:00,COMPLETED,20,1612.78,7.141,56.0,57.999,57.999,2.008,7.097,FUEL202507,853.25,881.25,226.68,True,Synthetic cost model; fuel unit-price benchmark from EPPO,True
T01058,L_BKK,LAST_MILE,V029,H_BKK,H_BKK,20250706_BKK,2025-07-06T08:30:00+07:00,2025-07-06T12:47:43+07:00,2025-07-06T08:30:00+07:00,,,2025-07-06T14:23:39+07:00,COMPLETED,19,1068.77,4.7174,54.2,56.428,56.428,2.3,7.017,FUEL202507,822.22,879.58,224.12,True,Synthetic cost model; fuel unit-price benchmark from EPPO,True
T01059,L_CNX,LAST_MILE,V026,H_CNX,H_CNX,20250706_CNX,2025-07-06T13:16:00+07:00,2025-07-06T17:33:32+07:00,2025-07-06T13:16:00+07:00,,,2025-07-06T18:05:09+07:00,COMPLETED,19,1368.42,6.3389,54.2,56.347,56.347,2.083,7.155,FUEL202507,822.22,868.62,228.53,True,Synthetic cost model; fuel unit-price benchmark from EPPO,True
T01060,L_CNX,LAST_MILE,V028,H_CNX,H_CNX,20250706_CNX,2025-07-06T13:52:00+07:00,2025-07-06T15:36:29+07:00,2025-07-06T13:52:00+07:00,,,2025-07-06T16:35:53+07:00,COMPLETED,6,524.41,2.2654,30.8,28.606,28.606,0.991,3.56,FUEL202507,418.79,408.7,113.71,True,Synthetic cost model; fuel unit-price benchmark from EPPO,True
T01061,L_UTH,LAST_MILE,V039,H_UTH,H_UTH,20250706_UTH,2025-07-06T14:16:00+07:00,2025-07-06T15:11:11+07:00,2025-07-06T14:16:00+07:00,,,2025-07-06T15:49:04+07:00,COMPLETED,1,87.64,0.3917,21.8,22.395,22.395,0.708,2.757,FUEL202507,263.62,268.79,88.06,True,Synthetic cost model; fuel unit-price benchmark from EPPO,True
T01062,L_SSK,LAST_MILE,V035,H_SSK,H_SSK,20250706_SSK,2025-07-06T14:19:00+07:00,2025-07-06T15:13:10+07:00,2025-07-06T14:19:00+07:00,,,2025-07-06T16:35:38+07:00,COMPLETED,1,40.29,0.1662,21.8,21.922,21.922,0.846,2.946,FUEL202507,263.62,283.59,94.1,True,Synthetic cost model; fuel unit-price benchmark from EPPO,True
T01063,L_BKK,LAST_MILE,V030,H_BKK,H_BKK,20250707_BKK,2025-07-07T08:30:00+07:00,2025-07-07T12:36:34+07:00,2025-07-07T08:30:00+07:00,,,2025-07-07T13:21:08+07:00,COMPLETED,19,1354.77,5.7019,54.2,51.229,51.229,1.881,6.076,FUEL202507,822.22,809.82,194.07,True,Synthetic cost model; fuel unit-price benchmark from EPPO,True
T01064,L_BKK,LAST_MILE,V029,H_BKK,H_BKK,20250707_BKK,2025-07-07T08:30:00+07:00,2025-07-07T12:54:19+07:00,2025-07-07T08:30:00+07:00,,,2025-07-07T13:46:14+07:00,COMPLETED,19,1356.67,5.4449,54.2,59.513,59.513,2.145,7.086,FUEL202507,822.22,877.09,226.33,True,Synthetic cost model; fuel unit-price benchmark from EPPO,True
T01065,L_CNX,LAST_MILE,V027,H_CNX,H_CNX,20250707_CNX,2025-07-07T08:30:00+07:00,2025-07-07T12:48:19+07:00,2025-07-07T08:30:00+07:00,,,2025-07-07T13:36:57+07:00,COMPLETED,20,1407.76,6.3297,56.0,53.355,53.355,1.706,6.584,FUEL202507,853.25,834.45,210.29,True,Synthetic cost model; fuel unit-price benchmark from EPPO,True
T01066,L_UTH,LAST_MILE,V039,H_UTH,H_UTH,20250707_UTH,2025-07-07T08:30:00+07:00,2025-07-07T13:03:14+07:00,2025-07-07T08:30:00+07:00,,,2025-07-07T14:10:23+07:00,COMPLETED,20,1333.83,5.7971,56.0,60.309,60.309,2.218,8.078,FUEL202507,853.25,931.87,258.01,True,Synthetic cost model; fuel unit-price benchmark from EPPO,True
T01067,L_SSK,LAST_MILE,V035,H_SSK,H_SSK,20250707_SSK,2025-07-07T08:30:00+07:00,2025-07-07T12:39:34+07:00,2025-07-07T08:30:00+07:00,,,2025-07-07T14:00:41+07:00,COMPLETED,19,1764.15,7.9412,54.2,52.63,52.63,2.072,7.88,FUEL202507,822.22,883.56,251.69,True,Synthetic cost model; fuel unit-price benchmark from EPPO,True
T01068,L_SSK,LAST_MILE,V036,H_SSK,H_SSK,20250707_SSK,2025-07-07T08:30:00+07:00,2025-07-07T09:28:57+07:00,2025-07-07T08:30:00+07:00,,,2025-07-07T10:34:19+07:00,COMPLETED,1,42.42,0.2146,21.8,24.156,24.156,0.828,2.997,FUEL202507,263.62,288.37,95.72,True,Synthetic cost model; fuel unit-price benchmark from EPPO,True
T01069,L_CNX,LAST_MILE,V028,H_CNX,H_CNX,20250707_CNX,2025-07-07T08:30:00+07:00,2025-07-07T09:38:51+07:00,2025-07-07T08:30:00+07:00,,,2025-07-07T09:58:47+07:00,COMPLETED,2,101.89,0.5067,23.6,25.411,25.411,0.93,3.227,FUEL202507,294.66,321.81,103.07,True,Synthetic cost model; fuel unit-price benchmark from EPPO,True
T01070,L_SSK,LAST_MILE,V035,H_SSK,H_SSK,20250707_SSK,2025-07-07T08:30:00+07:00,2025-07-07T09:40:14+07:00,2025-07-08T08:30:00+07:00,,,2025-07-08T10:27:43+07:00,COMPLETED,2,70.96,0.2742,23.6,26.059,26.059,1.005,3.422,FUEL202507,294.66,334.56,109.3,True,Synthetic cost model; fuel unit-price benchmark from EPPO,True
T01071,L_NMA,LAST_MILE,V037,H_NMA,H_NMA,20250707_NMA,2025-07-07T13:41:00+07:00,2025-07-07T14:32:49+07:00,2025-07-07T13:41:00+07:00,,,2025-07-07T15:16:43+07:00,COMPLETED,1,34.81,0.1529,21.8,20.827,20.827,0.725,2.251,FUEL202507,263.62,250.67,71.9,True,Synthetic cost model; fuel unit-price benchmark from EPPO,True
T01072,L_KSN,LAST_MILE,V033,H_KSN,H_KSN,20250707_KSN,2025-07-07T14:45:00+07:00,2025-07-07T15:34:18+07:00,2025-07-07T14:45:00+07:00,,,2025-07-07T16:37:59+07:00,COMPLETED,1,144.51,0.4822,21.8,19.652,19.652,0.628,2.428,FUEL202507,263.62,247.19,77.55,True,Synthetic cost model; fuel unit-price benchmark from EPPO,True
T01073,L_BKK,LAST_MILE,V030,H_BKK,H_BKK,20250707_BKK,2025-07-07T14:53:00+07:00,2025-07-07T15:44:48+07:00,2025-07-08T08:30:00+07:00,,,2025-07-08T10:03:45+07:00,COMPLETED,1,38.29,0.1606,21.8,20.819,20.819,0.694,2.234,FUEL202507,263.62,247.96,71.35,True,Synthetic cost model; fuel unit-price benchmark from EPPO,True
T01074,L_RET,LAST_MILE,V041,H_RET,H_RET,20250707_RET,2025-07-07T16:12:00+07:00,2025-07-07T20:24:27+07:00,2025-07-07T16:12:00+07:00,,,2025-07-07T20:38:06+07:00,COMPLETED,19,1366.93,5.8455,54.2,53.971,53.971,1.69,6.688,FUEL202507,822.22,821.47,213.61,True,Synthetic cost model; fuel unit-price benchmark from EPPO,True
T01075,L_BKK,LAST_MILE,V029,H_BKK,H_BKK,20250708_BKK,2025-07-08T08:30:00+07:00,2025-07-08T12:31:02+07:00,2025-07-08T08:30:00+07:00,,,2025-07-08T12:43:10+07:00,COMPLETED,18,1242.13,5.7031,52.4,52.007,52.007,1.737,6.459,FUEL202507,791.19,797.12,206.3,True,Synthetic cost model; fuel unit-price benchmark from EPPO,True
T01076,L_LPT,LAST_MILE,V043,H_LPT,H_LPT,20250708_LPT,2025-07-08T08:30:00+07:00,2025-07-08T12:25:15+07:00,2025-07-08T08:30:00+07:00,,,2025-07-08T12:59:13+07:00,COMPLETED,18,1369.37,6.3894,52.4,49.304,49.304,1.737,6.618,FUEL202507,791.19,796.79,211.38,True,Synthetic cost model; fuel unit-price benchmark from EPPO,True
T01077,L_KSN,LAST_MILE,V034,H_KSN,H_KSN,20250708_KSN,2025-07-08T08:30:00+07:00,2025-07-08T12:58:12+07:00,2025-07-08T08:30:00+07:00,,,2025-07-08T13:51:38+07:00,COMPLETED,20,1182.32,4.9465,56.0,57.96,57.96,1.869,7.088,FUEL202507,853.25,871.14,226.39,True,Synthetic cost model; fuel unit-price benchmark from EPPO,True
T01078,L_CNX,LAST_MILE,V025,H_CNX,H_CNX,20250708_CNX,2025-07-08T12:06:00+07:00,2025-07-08T16:34:59+07:00,2025-07-08T12:06:00+07:00,,,2025-07-08T17:17:09+07:00,COMPLETED,20,1311.93,5.9012,56.0,58.333,58.333,2.076,7.214,FUEL202507,853.25,890.39,230.42,True,Synthetic cost model; fuel unit-price benchmark from EPPO,True
T01079,L_CNX,LAST_MILE,V026,H_CNX,H_CNX,20250708_CNX,2025-07-08T14:06:00+07:00,2025-07-08T15:13:06+07:00,2025-07-08T14:06:00+07:00,,,2025-07-08T16:14:58+07:00,COMPLETED,2,109.15,0.4924,23.6,24.601,24.601,0.782,2.838,FUEL202507,294.66,297.4,90.65,True,Synthetic cost model; fuel unit-price benchmark from EPPO,True
T01080,L_BKK,LAST_MILE,V030,H_BKK,H_BKK,20250708_BKK,2025-07-08T14:16:00+07:00,2025-07-08T15:14:30+07:00,2025-07-09T08:30:00+07:00,,,2025-07-09T10:09:34+07:00,COMPLETED,1,31.59,0.1802,21.8,23.941,23.941,0.895,2.703,FUEL202507,263.62,283.3,86.33,True,Synthetic cost model; fuel unit-price benchmark from EPPO,True
T01081,L_SSK,LAST_MILE,V036,H_SSK,H_SSK,20250708_SSK,2025-07-08T14:30:00+07:00,2025-07-08T15:19:57+07:00,2025-07-08T14:30:00+07:00,,,2025-07-08T16:25:48+07:00,COMPLETED,1,180,0.6254,21.8,19.954,19.954,0.657,2.565,FUEL202507,263.62,254.22,81.93,True,Synthetic cost model; fuel unit-price benchmark from EPPO,True
T01082,L_UTH,LAST_MILE,V039,H_UTH,H_UTH,20250708_UTH,2025-07-08T14:40:00+07:00,2025-07-08T16:02:32+07:00,2025-07-08T14:40:00+07:00,,,2025-07-08T17:10:39+07:00,COMPLETED,3,169.23,0.6545,25.4,28.443,28.443,1.088,3.575,FUEL202507,325.69,366.41,114.19,True,Synthetic cost model; fuel unit-price benchmark from EPPO,True
T01083,L_CNX,LAST_MILE,V026,H_CNX,H_CNX,20250709_CNX,2025-07-09T08:30:00+07:00,2025-07-09T13:08:15+07:00,2025-07-09T08:30:00+07:00,,,2025-07-09T14:28:06+07:00,COMPLETED,20,1708.03,7.9362,56.0,62.654,62.654,2.397,8.738,FUEL202507,853.25,970.21,279.09,True,Synthetic cost model; fuel unit-price benchmark from EPPO,True
T01084,L_BKK,LAST_MILE,V029,H_BKK,H_BKK,20250709_BKK,2025-07-09T08:30:00+07:00,2025-07-09T12:49:58+07:00,2025-07-09T08:30:00+07:00,,,2025-07-09T13:18:47+07:00,COMPLETED,19,1248.02,5.1282,54.2,57.483,57.483,1.895,6.786,FUEL202507,822.22,845.96,216.74,True,Synthetic cost model; fuel unit-price benchmark from EPPO,True
T01085,L_RET,LAST_MILE,V041,H_RET,H_RET,20250709_RET,2025-07-09T08:30:00+07:00,2025-07-09T09:24:24+07:00,2025-07-09T08:30:00+07:00,,,2025-07-09T10:54:05+07:00,COMPLETED,1,122.79,0.4638,21.8,22.028,22.028,0.893,2.456,FUEL202507,263.62,271.39,78.44,True,Synthetic cost model; fuel unit-price benchmark from EPPO,True
T01086,L_BKK,LAST_MILE,V029,H_BKK,H_BKK,20250709_BKK,2025-07-09T09:50:00+07:00,2025-07-09T14:05:01+07:00,2025-07-10T08:30:00+07:00,,,2025-07-10T13:27:56+07:00,COMPLETED,18,1686.51,7.5584,52.4,58.529,58.529,2.405,7.158,FUEL202507,791.19,879.22,228.63,True,Synthetic cost model; fuel unit-price benchmark from EPPO,True
T01087,L_BKK,LAST_MILE,V030,H_BKK,H_BKK,20250709_BKK,2025-07-09T09:50:00+07:00,2025-07-09T10:50:55+07:00,2025-07-10T08:30:00+07:00,,,2025-07-10T10:19:52+07:00,COMPLETED,2,200.28,1.1272,23.6,21.713,21.713,0.752,2.357,FUEL202507,294.66,274.11,75.28,True,Synthetic cost model; fuel unit-price benchmark from EPPO,True
T01088,L_BKK,LAST_MILE,V030,H_BKK,H_BKK,20250709_BKK,2025-07-09T13:13:00+07:00,2025-07-09T14:06:49+07:00,2025-07-11T08:30:00+07:00,,,2025-07-11T09:51:02+07:00,COMPLETED,1,140.98,0.7177,21.8,21.756,21.756,0.844,2.352,FUEL202507,263.62,264.1,75.12,True,Synthetic cost model; fuel unit-price benchmark from EPPO,True
T01089,L_SSK,LAST_MILE,V036,H_SSK,H_SSK,20250710_SSK,2025-07-10T08:30:00+07:00,2025-07-10T12:44:38+07:00,2025-07-10T08:30:00+07:00,,,2025-07-10T13:29:14+07:00,COMPLETED,19,1482.85,6.3825,54.2,54.994,54.994,1.995,7.698,FUEL202507,822.22,877.07,245.87,True,Synthetic cost model; fuel unit-price benchmark from EPPO,True
T01090,L_CNX,LAST_MILE,V028,H_CNX,H_CNX,20250710_CNX,2025-07-10T08:30:00+07:00,2025-07-10T09:29:22+07:00,2025-07-10T08:30:00+07:00,,,2025-07-10T09:48:28+07:00,COMPLETED,1,43.57,0.1712,21.8,24.345,24.345,0.956,2.999,FUEL202507,263.62,297.8,95.79,True,Synthetic cost model; fuel unit-price benchmark from EPPO,True
T01091,L_RYG,LAST_MILE,V045,H_RYG,H_RYG,20250710_RYG,2025-07-10T09:15:00+07:00,2025-07-10T13:38:03+07:00,2025-07-10T09:15:00+07:00,,,2025-07-10T15:24:20+07:00,COMPLETED,20,1126.37,4.8184,56.0,55.561,55.561,2.066,7.136,FUEL202507,853.25,881.65,227.92,True,Synthetic cost model; fuel unit-price benchmark from EPPO,True
T01092,L_CNX,LAST_MILE,V027,H_CNX,H_CNX,20250710_CNX,2025-07-10T11:01:00+07:00,2025-07-10T15:22:18+07:00,2025-07-10T11:01:00+07:00,,,2025-07-10T15:50:39+07:00,COMPLETED,19,1336.35,6.284,54.2,58.102,58.102,1.946,6.946,FUEL202507,822.22,855.86,221.86,True,Synthetic cost model; fuel unit-price benchmark from EPPO,True
T01093,L_BKK,LAST_MILE,V029,H_BKK,H_BKK,20250710_BKK,2025-07-10T13:48:00+07:00,2025-07-10T15:16:19+07:00,2025-07-11T08:30:00+07:00,,,2025-07-11T11:08:05+07:00,COMPLETED,4,319.95,1.4079,27.2,27.775,27.775,0.961,3.263,FUEL202507,356.72,362.62,104.22,True,Synthetic cost model; fuel unit-price benchmark from EPPO,True
T01094,L_CNX,LAST_MILE,V026,H_CNX,H_CNX,20250710_CNX,2025-07-10T14:58:00+07:00,2025-07-10T15:53:49+07:00,2025-07-10T14:58:00+07:00,,,2025-07-10T16:42:53+07:00,COMPLETED,1,131.87,0.5357,21.8,22.693,22.693,0.864,2.689,FUEL202507,263.62,278.18,85.89,True,Synthetic cost model; fuel unit-price benchmark from EPPO,True
T01095,L_BKK,LAST_MILE,V030,H_BKK,H_BKK,20250711_BKK,2025-07-11T08:30:00+07:00,2025-07-11T13:01:50+07:00,2025-07-12T08:30:00+07:00,,,2025-07-12T14:20:09+07:00,COMPLETED,20,1432.76,6.4261,56.0,59.661,59.661,1.914,7.417,FUEL202507,853.25,888.21,236.9,True,Synthetic cost model; fuel unit-price benchmark from EPPO,True
T01096,L_BKK,LAST_MILE,V029,H_BKK,H_BKK,20250711_BKK,2025-07-11T08:30:00+07:00,2025-07-11T12:50:23+07:00,2025-07-12T08:30:00+07:00,,,2025-07-12T13:59:26+07:00,COMPLETED,19,1620.03,6.6187,54.2,57.674,57.674,1.891,7.308,FUEL202507,822.22,862.73,233.42,True,Synthetic cost model; fuel unit-price benchmark from EPPO,True
T01097,L_RYG,LAST_MILE,V045,H_RYG,H_RYG,20250711_RYG,2025-07-11T08:30:00+07:00,2025-07-11T13:02:17+07:00,2025-07-11T08:30:00+07:00,,,2025-07-11T14:16:38+07:00,COMPLETED,20,1656.56,7.6918,56.0,59.869,59.869,2.029,7.823,FUEL202507,853.25,909.67,249.87,True,Synthetic cost model; fuel unit-price benchmark from EPPO,True
T01098,L_KKC,LAST_MILE,V031,H_KKC,H_KKC,20250711_KKC,2025-07-11T08:30:00+07:00,2025-07-11T13:02:29+07:00,2025-07-11T08:30:00+07:00,,,2025-07-11T15:02:50+07:00,COMPLETED,20,1666.61,7.2844,56.0,59.961,59.961,2.489,7.766,FUEL202507,853.25,940.19,248.05,True,Synthetic cost model; fuel unit-price benchmark from EPPO,True
T01099,L_CNX,LAST_MILE,V028,H_CNX,H_CNX,20250711_CNX,2025-07-11T09:03:00+07:00,2025-07-11T13:18:54+07:00,2025-07-11T09:03:00+07:00,,,2025-07-11T14:26:51+07:00,COMPLETED,20,1390.36,5.9677,56.0,52.223,52.223,1.839,7.13,FUEL202507,853.25,858.9,227.73,True,Synthetic cost model; fuel unit-price benchmark from EPPO,True
T01100,L_CNX,LAST_MILE,V027,H_CNX,H_CNX,20250711_CNX,2025-07-11T11:32:00+07:00,2025-07-11T15:55:33+07:00,2025-07-11T11:32:00+07:00,,,2025-07-11T16:32:39+07:00,COMPLETED,19,1460.7,7.0108,54.2,59.151,59.151,1.963,7.143,FUEL202507,822.22,865.49,228.15,True,Synthetic cost model; fuel unit-price benchmark from EPPO,True
T01101,L_SSK,LAST_MILE,V036,H_SSK,H_SSK,20250711_SSK,2025-07-11T13:59:00+07:00,2025-07-11T15:07:23+07:00,2025-07-11T13:59:00+07:00,,,2025-07-11T15:53:04+07:00,COMPLETED,2,260.27,0.9845,23.6,25.195,25.195,1.016,3.127,FUEL202507,294.66,324.2,99.88,True,Synthetic cost model; fuel unit-price benchmark from EPPO,True
T01102,L_CNX,LAST_MILE,V026,H_CNX,H_CNX,20250711_CNX,2025-07-11T16:20:00+07:00,2025-07-11T17:24:46+07:00,2025-07-11T16:20:00+07:00,,,2025-07-11T17:49:34+07:00,COMPLETED,2,202.82,1.1175,23.6,23.505,23.505,0.856,2.8,FUEL202507,294.66,299.13,89.43,True,Synthetic cost model; fuel unit-price benchmark from EPPO,True
T01103,L_CNX,LAST_MILE,V028,H_CNX,H_CNX,20250712_CNX,2025-07-12T08:30:00+07:00,2025-07-12T12:51:19+07:00,2025-07-12T08:30:00+07:00,,,2025-07-12T13:32:04+07:00,COMPLETED,19,1435.4,5.9608,54.2,58.115,58.115,1.901,7.764,FUEL202507,822.22,878.91,247.98,True,Synthetic cost model; fuel unit-price benchmark from EPPO,True
T01104,L_CNX,LAST_MILE,V025,H_CNX,H_CNX,20250712_CNX,2025-07-12T08:30:00+07:00,2025-07-12T13:02:58+07:00,2025-07-12T08:30:00+07:00,,,2025-07-12T14:13:55+07:00,COMPLETED,20,1303.59,6.1559,56.0,60.19,60.19,2.338,7.439,FUEL202507,853.25,919.67,237.6,True,Synthetic cost model; fuel unit-price benchmark from EPPO,True
T01105,L_RET,LAST_MILE,V042,H_RET,H_RET,20250712_RET,2025-07-12T08:30:00+07:00,2025-07-12T12:44:06+07:00,2025-07-12T08:30:00+07:00,,,2025-07-12T13:55:12+07:00,COMPLETED,19,1605.66,6.749,54.2,54.743,54.743,1.837,7.215,FUEL202507,822.22,850.1,230.45,True,Synthetic cost model; fuel unit-price benchmark from EPPO,True
T01106,L_BKK,LAST_MILE,V029,H_BKK,H_BKK,20250712_BKK,2025-07-12T10:49:00+07:00,2025-07-12T15:18:51+07:00,2025-07-13T08:30:00+07:00,,,2025-07-13T13:19:28+07:00,COMPLETED,20,1156.09,5.356,56.0,58.734,58.734,2.043,6.883,FUEL202507,853.25,878.31,219.84,True,Synthetic cost model; fuel unit-price benchmark from EPPO,True
T01107,L_CNX,LAST_MILE,V026,H_CNX,H_CNX,20250712_CNX,2025-07-12T12:35:00+07:00,2025-07-12T17:01:45+07:00,2025-07-12T12:35:00+07:00,,,2025-07-12T17:26:20+07:00,COMPLETED,19,1229.6,5.5603,54.2,60.647,60.647,2.222,7.617,FUEL202507,822.22,901.75,243.29,True,Synthetic cost model; fuel unit-price benchmark from EPPO,True
T01108,L_RYG,LAST_MILE,V045,H_RYG,H_RYG,20250712_RYG,2025-07-12T14:46:00+07:00,2025-07-12T15:48:39+07:00,2025-07-12T14:46:00+07:00,,,2025-07-12T15:59:26+07:00,COMPLETED,2,121.62,0.4645,23.6,22.517,22.517,0.76,2.641,FUEL202507,294.66,285.39,84.35,True,Synthetic cost model; fuel unit-price benchmark from EPPO,True
T01109,L_CNX,LAST_MILE,V027,H_CNX,H_CNX,20250712_CNX,2025-07-12T14:56:00+07:00,2025-07-12T15:54:09+07:00,2025-07-12T14:56:00+07:00,,,2025-07-12T16:57:03+07:00,COMPLETED,1,180,0.863,21.8,23.778,23.778,0.906,2.537,FUEL202507,263.62,278.4,81.03,True,Synthetic cost model; fuel unit-price benchmark from EPPO,True
T01110,L_KKC,LAST_MILE,V032,H_KKC,H_KKC,20250713_KKC,2025-07-13T08:30:00+07:00,2025-07-13T12:31:41+07:00,2025-07-13T08:30:00+07:00,,,2025-07-13T13:11:35+07:00,COMPLETED,19,1174.5,5.6957,54.2,48.948,48.948,1.695,6.134,FUEL202507,822.22,794.04,195.92,True,Synthetic cost model; fuel unit-price benchmark from EPPO,True
T01111,L_CNX,LAST_MILE,V027,H_CNX,H_CNX,20250713_CNX,2025-07-13T08:30:00+07:00,2025-07-13T09:22:05+07:00,2025-07-13T08:30:00+07:00,,,2025-07-13T10:25:31+07:00,COMPLETED,1,180,1.066,21.8,20.948,20.948,0.738,2.293,FUEL202507,263.62,253.18,73.24,True,Synthetic cost model; fuel unit-price benchmark from EPPO,True
T01112,L_CNX,LAST_MILE,V028,H_CNX,H_CNX,20250713_CNX,2025-07-13T14:02:00+07:00,2025-07-13T14:52:26+07:00,2025-07-13T14:02:00+07:00,,,2025-07-13T15:15:07+07:00,COMPLETED,1,60.93,0.3088,21.8,20.183,20.183,0.802,2.49,FUEL202507,263.62,262.4,79.53,True,Synthetic cost model; fuel unit-price benchmark from EPPO,True
T01113,L_RET,LAST_MILE,V041,H_RET,H_RET,20250713_RET,2025-07-13T14:25:00+07:00,2025-07-13T15:16:38+07:00,2025-07-13T14:25:00+07:00,,,2025-07-13T16:38:55+07:00,COMPLETED,1,123.31,0.5628,21.8,20.74,20.74,0.672,2.435,FUEL202507,263.62,252.72,77.77,True,Synthetic cost model; fuel unit-price benchmark from EPPO,True
T01114,L_BKK,LAST_MILE,V030,H_BKK,H_BKK,20250713_BKK,2025-07-13T14:29:00+07:00,2025-07-13T15:35:14+07:00,2025-07-13T14:29:00+07:00,,,2025-07-13T16:55:07+07:00,COMPLETED,2,84.03,0.3872,23.6,24.195,24.195,0.902,2.783,FUEL202507,294.66,303.24,88.89,True,Synthetic cost model; fuel unit-price benchmark from EPPO,True
T01115,L_BKK,LAST_MILE,V029,H_BKK,H_BKK,20250713_BKK,2025-07-13T14:50:00+07:00,2025-07-13T15:39:46+07:00,2025-07-14T08:30:00+07:00,,,2025-07-14T10:03:14+07:00,COMPLETED,1,123.32,0.5502,21.8,19.87,19.87,0.649,2.301,FUEL202507,263.62,245.06,73.49,True,Synthetic cost model; fuel unit-price benchmark from EPPO,True
T01116,L_SSK,LAST_MILE,V035,H_SSK,H_SSK,20250714_SSK,2025-07-14T08:30:00+07:00,2025-07-14T13:02:03+07:00,2025-07-14T08:30:00+07:00,,,2025-07-14T13:50:56+07:00,COMPLETED,20,1500.4,6.6588,56.0,59.758,59.758,1.938,8.981,FUEL202507,853.25,940.02,286.85,True,Synthetic cost model; fuel unit-price benchmark from EPPO,True
T01117,L_SSK,LAST_MILE,V036,H_SSK,H_SSK,20250714_SSK,2025-07-14T08:30:00+07:00,2025-07-14T12:49:22+07:00,2025-07-14T08:30:00+07:00,,,2025-07-14T13:51:04+07:00,COMPLETED,19,1575.7,6.9961,54.2,57.204,57.204,1.871,8.189,FUEL202507,822.22,888.56,261.56,True,Synthetic cost model; fuel unit-price benchmark from EPPO,True
T01118,L_CNX,LAST_MILE,V027,H_CNX,H_CNX,20250714_CNX,2025-07-14T08:30:00+07:00,2025-07-14T09:20:15+07:00,2025-07-14T08:30:00+07:00,,,2025-07-14T10:05:36+07:00,COMPLETED,1,80.81,0.4423,21.8,20.091,20.091,0.671,2.24,FUEL202507,263.62,245.08,71.55,True,Synthetic cost model; fuel unit-price benchmark from EPPO,True
T01119,L_BKK,LAST_MILE,V030,H_BKK,H_BKK,20250714_BKK,2025-07-14T13:49:00+07:00,2025-07-14T14:51:43+07:00,2025-07-14T13:49:00+07:00,,,2025-07-14T15:46:25+07:00,COMPLETED,2,88.02,0.3163,23.6,22.553,22.553,0.707,2.429,FUEL202507,294.66,274.98,77.58,True,Synthetic cost model; fuel unit-price benchmark from EPPO,True
T01120,L_CNX,LAST_MILE,V028,H_CNX,H_CNX,20250715_CNX,2025-07-15T08:30:00+07:00,2025-07-15T12:45:31+07:00,2025-07-15T08:30:00+07:00,,,2025-07-15T13:14:56+07:00,COMPLETED,19,1426.79,6.3569,54.2,55.408,55.408,1.827,7.397,FUEL202507,822.22,856.59,236.26,True,Synthetic cost model; fuel unit-price benchmark from EPPO,True
T01121,L_CNX,LAST_MILE,V025,H_CNX,H_CNX,20250715_CNX,2025-07-15T08:30:00+07:00,2025-07-15T12:34:45+07:00,2025-07-15T08:30:00+07:00,,,2025-07-15T12:51:40+07:00,COMPLETED,19,1310.58,6.0466,54.2,50.377,50.377,1.783,6.23,FUEL202507,822.22,806.13,198.99,True,Synthetic cost model; fuel unit-price benchmark from EPPO,True
T01122,L_UTH,LAST_MILE,V039,H_UTH,H_UTH,20250715_UTH,2025-07-15T08:30:00+07:00,2025-07-15T12:58:26+07:00,2025-07-15T08:30:00+07:00,,,2025-07-15T13:27:56+07:00,COMPLETED,20,1567.48,6.7061,56.0,58.073,58.073,1.832,7.804,FUEL202507,853.25,891.64,249.26,True,Synthetic cost model; fuel unit-price benchmark from EPPO,True
T01123,L_SSK,LAST_MILE,V035,H_SSK,H_SSK,20250715_SSK,2025-07-15T14:21:00+07:00,2025-07-15T15:41:47+07:00,2025-07-15T14:21:00+07:00,,,2025-07-15T16:21:59+07:00,COMPLETED,3,218.23,0.8429,25.4,27.619,27.619,0.917,3.76,FUEL202507,325.69,358.69,120.09,True,Synthetic cost model; fuel unit-price benchmark from EPPO,True
T01124,L_UTH,LAST_MILE,V039,H_UTH,H_UTH,20250716_UTH,2025-07-16T08:30:00+07:00,2025-07-16T12:37:46+07:00,2025-07-16T08:30:00+07:00,,,2025-07-16T13:26:25+07:00,COMPLETED,19,1341.21,6.0177,54.2,51.786,51.786,1.969,6.833,FUEL202507,822.22,841.24,218.25,True,Synthetic cost model; fuel unit-price benchmark from EPPO,True
T01125,L_CNX,LAST_MILE,V026,H_CNX,H_CNX,20250716_CNX,2025-07-16T08:30:00+07:00,2025-07-16T13:00:57+07:00,2025-07-16T08:30:00+07:00,,,2025-07-16T13:59:48+07:00,COMPLETED,20,1003.44,4.6028,56.0,59.247,59.247,2.14,7.614,FUEL202507,853.25,909.45,243.19,True,Synthetic cost model; fuel unit-price benchmark from EPPO,True
T01126,L_KSN,LAST_MILE,V033,H_KSN,H_KSN,20250716_KSN,2025-07-16T08:30:00+07:00,2025-07-16T12:37:33+07:00,2025-07-16T08:30:00+07:00,,,2025-07-16T13:45:28+07:00,COMPLETED,19,1457.95,6.6105,54.2,51.686,51.686,1.813,6.78,FUEL202507,822.22,828.46,216.55,True,Synthetic cost model; fuel unit-price benchmark from EPPO,True
T01127,L_CNX,LAST_MILE,V027,H_CNX,H_CNX,20250716_CNX,2025-07-16T13:21:00+07:00,2025-07-16T14:25:04+07:00,2025-07-16T13:21:00+07:00,,,2025-07-16T15:59:04+07:00,COMPLETED,2,159.1,0.7944,23.6,23.178,23.178,0.869,2.572,FUEL202507,294.66,292.12,82.15,True,Synthetic cost model; fuel unit-price benchmark from EPPO,True
T01128,L_UTH,LAST_MILE,V040,H_UTH,H_UTH,20250716_UTH,2025-07-16T13:57:00+07:00,2025-07-16T14:54:14+07:00,2025-07-16T13:57:00+07:00,,,2025-07-16T15:34:15+07:00,COMPLETED,1,85.95,0.3756,21.8,23.355,23.355,0.9,2.614,FUEL202507,263.62,279.57,83.49,True,Synthetic cost model; fuel unit-price benchmark from EPPO,True
T01129,L_KKC,LAST_MILE,V032,H_KKC,H_KKC,20250717_KKC,2025-07-17T08:30:00+07:00,2025-07-17T13:02:42+07:00,2025-07-17T08:30:00+07:00,,,2025-07-17T13:51:19+07:00,COMPLETED,20,1457.69,6.0722,56.0,60.064,60.064,2.035,8.02,FUEL202507,853.25,916.74,256.16,True,Synthetic cost model; fuel unit-price benchmark from EPPO,True
T01130,L_KKC,LAST_MILE,V031,H_KKC,H_KKC,20250717_KKC,2025-07-17T08:30:00+07:00,2025-07-17T12:52:03+07:00,2025-07-17T08:30:00+07:00,,,2025-07-17T13:50:40+07:00,COMPLETED,20,1417.67,6.2955,56.0,55.091,55.091,2.122,7.36,FUEL202507,853.25,891.82,235.08,True,Synthetic cost model; fuel unit-price benchmark from EPPO,True
T01131,L_BKK,LAST_MILE,V030,H_BKK,H_BKK,20250717_BKK,2025-07-17T08:38:00+07:00,2025-07-17T12:44:14+07:00,2025-07-17T08:38:00+07:00,,,2025-07-17T14:00:00+07:00,COMPLETED,19,1309.99,5.9706,54.2,51.076,51.076,2.024,6.191,FUEL202507,822.22,823.18,197.74,True,Synthetic cost model; fuel unit-price benchmark from EPPO,True
T01132,L_CNX,LAST_MILE,V027,H_CNX,H_CNX,20250717_CNX,2025-07-17T09:14:00+07:00,2025-07-17T13:35:16+07:00,2025-07-17T09:14:00+07:00,,,2025-07-17T14:04:25+07:00,COMPLETED,19,1375.88,5.916,54.2,58.085,58.085,1.873,6.966,FUEL202507,822.22,851.4,222.49,True,Synthetic cost model; fuel unit-price benchmark from EPPO,True
T01133,L_KSN,LAST_MILE,V034,H_KSN,H_KSN,20250717_KSN,2025-07-17T14:15:00+07:00,2025-07-17T15:14:18+07:00,2025-07-17T14:15:00+07:00,,,2025-07-17T15:51:29+07:00,COMPLETED,1,48.09,0.2871,21.8,24.317,24.317,1.01,2.729,FUEL202507,263.62,292.89,87.16,True,Synthetic cost model; fuel unit-price benchmark from EPPO,True
T01134,L_CNX,LAST_MILE,V025,H_CNX,H_CNX,20250717_CNX,2025-07-17T14:29:00+07:00,2025-07-17T15:31:42+07:00,2025-07-17T14:29:00+07:00,,,2025-07-17T16:19:43+07:00,COMPLETED,2,104.78,0.558,23.6,22.545,22.545,0.822,2.609,FUEL202507,294.66,288.78,83.33,True,Synthetic cost model; fuel unit-price benchmark from EPPO,True
T01135,L_CNX,LAST_MILE,V026,H_CNX,H_CNX,20250718_CNX,2025-07-18T08:30:00+07:00,2025-07-18T13:04:39+07:00,2025-07-18T08:30:00+07:00,,,2025-07-18T14:31:08+07:00,COMPLETED,20,1190.71,5.3944,56.0,60.973,60.973,2.249,8.156,FUEL202507,853.25,937.88,260.5,True,Synthetic cost model; fuel unit-price benchmark from EPPO,True
T01136,L_KKC,LAST_MILE,V032,H_KKC,H_KKC,20250718_KKC,2025-07-18T08:30:00+07:00,2025-07-18T13:00:11+07:00,2025-07-18T08:30:00+07:00,,,2025-07-18T14:14:23+07:00,COMPLETED,20,1784.06,8.242,56.0,58.891,58.891,2.278,7.753,FUEL202507,853.25,922.84,247.63,True,Synthetic cost model; fuel unit-price benchmark from EPPO,True
T01137,L_CNX,LAST_MILE,V028,H_CNX,H_CNX,20250718_CNX,2025-07-18T08:30:00+07:00,2025-07-18T12:46:30+07:00,2025-07-18T08:30:00+07:00,,,2025-07-18T14:27:36+07:00,COMPLETED,20,1191.89,5.7065,56.0,52.506,52.506,1.995,7.35,FUEL202507,853.25,877.43,234.76,True,Synthetic cost model; fuel unit-price benchmark from EPPO,True
T01138,L_CNX,LAST_MILE,V025,H_CNX,H_CNX,20250718_CNX,2025-07-18T12:49:00+07:00,2025-07-18T16:53:00+07:00,2025-07-18T12:49:00+07:00,,,2025-07-18T18:09:48+07:00,COMPLETED,19,1601.3,7.1508,54.2,50.03,50.03,1.878,6.767,FUEL202507,822.22,829.28,216.14,True,Synthetic cost model; fuel unit-price benchmark from EPPO,True
T01139,L_CNX,LAST_MILE,V027,H_CNX,H_CNX,20250718_CNX,2025-07-18T14:18:00+07:00,2025-07-18T18:25:08+07:00,2025-07-18T14:18:00+07:00,,,2025-07-18T19:12:49+07:00,COMPLETED,19,1586.12,7.2052,54.2,51.492,51.492,1.879,6.543,FUEL202507,822.22,825.1,208.98,True,Synthetic cost model; fuel unit-price benchmark from EPPO,True
T01140,L_KKC,LAST_MILE,V031,H_KKC,H_KKC,20250718_KKC,2025-07-18T14:21:00+07:00,2025-07-18T15:27:31+07:00,2025-07-18T14:21:00+07:00,,,2025-07-18T16:13:02+07:00,COMPLETED,2,136.59,0.5564,23.6,24.322,24.322,0.805,2.828,FUEL202507,294.66,298.12,90.33,True,Synthetic cost model; fuel unit-price benchmark from EPPO,True
T01141,L_BKK,LAST_MILE,V029,H_BKK,H_BKK,20250718_BKK,2025-07-18T14:30:00+07:00,2025-07-18T15:21:28+07:00,2025-07-18T14:30:00+07:00,,,2025-07-18T15:45:44+07:00,COMPLETED,1,81.63,0.2932,21.8,20.658,20.658,0.736,2.289,FUEL202507,263.62,252.32,73.11,True,Synthetic cost model; fuel unit-price benchmark from EPPO,True
T01142,L_CNX,LAST_MILE,V028,H_CNX,H_CNX,20250718_CNX,2025-07-18T14:34:00+07:00,2025-07-18T15:34:37+07:00,2025-07-19T08:30:00+07:00,,,2025-07-19T10:48:44+07:00,COMPLETED,2,103.06,0.4249,23.6,21.568,21.568,0.841,2.78,FUEL202507,294.66,293.58,88.79,True,Synthetic cost model; fuel unit-price benchmark from EPPO,True
T01143,L_KKC,LAST_MILE,V031,H_KKC,H_KKC,20250719_KKC,2025-07-19T08:30:00+07:00,2025-07-19T12:25:47+07:00,2025-07-19T08:30:00+07:00,,,2025-07-19T13:32:17+07:00,COMPLETED,18,1335.37,6.0633,52.4,49.556,49.556,2.052,6.409,FUEL202507,791.19,812.67,204.7,True,Synthetic cost model; fuel unit-price benchmark from EPPO,True
T01144,L_CNX,LAST_MILE,V027,H_CNX,H_CNX,20250719_CNX,2025-07-19T08:30:00+07:00,2025-07-19T12:38:59+07:00,2025-07-19T08:30:00+07:00,,,2025-07-19T13:36:27+07:00,COMPLETED,19,1370.19,5.8996,54.2,52.355,52.355,1.874,6.119,FUEL202507,822.22,812.94,195.44,True,Synthetic cost model; fuel unit-price benchmark from EPPO,True
T01145,L_KKC,LAST_MILE,V032,H_KKC,H_KKC,20250719_KKC,2025-07-19T14:44:00+07:00,2025-07-19T15:42:55+07:00,2025-07-19T14:44:00+07:00,,,2025-07-19T16:50:17+07:00,COMPLETED,1,50.57,0.1792,21.8,24.14,24.14,0.951,2.82,FUEL202507,263.62,291.34,90.07,True,Synthetic cost model; fuel unit-price benchmark from EPPO,True
T01146,L_CNX,LAST_MILE,V026,H_CNX,H_CNX,20250719_CNX,2025-07-19T14:57:00+07:00,2025-07-19T15:55:12+07:00,2025-07-19T14:57:00+07:00,,,2025-07-19T16:55:55+07:00,COMPLETED,1,67.22,0.3232,21.8,23.802,23.802,0.986,2.737,FUEL202507,263.62,290.43,87.42,True,Synthetic cost model; fuel unit-price benchmark from EPPO,True
T01147,L_CNX,LAST_MILE,V025,H_CNX,H_CNX,20250719_CNX,2025-07-19T15:01:00+07:00,2025-07-19T15:57:17+07:00,2025-07-19T15:01:00+07:00,,,2025-07-19T16:47:23+07:00,COMPLETED,1,104.64,0.5424,21.8,22.908,22.908,0.87,2.584,FUEL202507,263.62,275.63,82.53,True,Synthetic cost model; fuel unit-price benchmark from EPPO,True
T01148,L_UTH,LAST_MILE,V039,H_UTH,H_UTH,20250720_UTH,2025-07-20T08:30:00+07:00,2025-07-20T12:56:51+07:00,2025-07-20T08:30:00+07:00,,,2025-07-20T13:43:37+07:00,COMPLETED,20,1200.47,5.13,56.0,57.333,57.333,1.94,7.598,FUEL202507,853.25,891.18,242.68,True,Synthetic cost model; fuel unit-price benchmark from EPPO,True
T01149,L_CNX,LAST_MILE,V026,H_CNX,H_CNX,20250720_CNX,2025-07-20T10:20:00+07:00,2025-07-20T14:42:29+07:00,2025-07-20T10:20:00+07:00,,,2025-07-20T15:30:29+07:00,COMPLETED,20,1474.26,6.8961,56.0,55.298,55.298,1.75,7.455,FUEL202507,853.25,869.23,238.11,True,Synthetic cost model; fuel unit-price benchmark from EPPO,True
T01150,L_CNX,LAST_MILE,V025,H_CNX,H_CNX,20250720_CNX,2025-07-20T14:06:00+07:00,2025-07-20T15:08:46+07:00,2025-07-20T14:06:00+07:00,,,2025-07-20T15:55:34+07:00,COMPLETED,2,56.67,0.2697,23.6,22.578,22.578,0.925,2.672,FUEL202507,294.66,298.08,85.34,True,Synthetic cost model; fuel unit-price benchmark from EPPO,True
T01151,L_BKK,LAST_MILE,V030,H_BKK,H_BKK,20250721_BKK,2025-07-21T08:30:00+07:00,2025-07-21T12:54:17+07:00,2025-07-21T08:30:00+07:00,,,2025-07-21T13:55:18+07:00,COMPLETED,20,1410.32,6.5038,56.0,56.133,56.133,1.963,7.333,FUEL202507,853.25,881.89,234.22,True,Synthetic cost model; fuel unit-price benchmark from EPPO,True
T01152,L_UTH,LAST_MILE,V040,H_UTH,H_UTH,20250721_UTH,2025-07-21T08:30:00+07:00,2025-07-21T12:47:37+07:00,2025-07-21T08:30:00+07:00,,,2025-07-21T13:06:22+07:00,COMPLETED,20,1388.02,6.2536,56.0,53.026,53.026,1.82,6.39,FUEL202507,853.25,835.53,204.1,True,Synthetic cost model; fuel unit-price benchmark from EPPO,True
T01153,L_KSN,LAST_MILE,V034,H_KSN,H_KSN,20250721_KSN,2025-07-21T08:30:00+07:00,2025-07-21T12:50:47+07:00,2025-07-21T08:30:00+07:00,,,2025-07-21T13:10:24+07:00,COMPLETED,19,1235.57,5.8619,54.2,57.859,57.859,1.839,7.106,FUEL202507,822.22,853.0,226.97,True,Synthetic cost model; fuel unit-price benchmark from EPPO,True
T01154,L_CNX,LAST_MILE,V025,H_CNX,H_CNX,20250721_CNX,2025-07-21T12:19:00+07:00,2025-07-21T16:44:01+07:00,2025-07-21T12:19:00+07:00,,,2025-07-21T17:48:54+07:00,COMPLETED,20,1286.0,5.688,56.0,56.482,56.482,2.273,7.15,FUEL202507,853.25,898.47,228.37,True,Synthetic cost model; fuel unit-price benchmark from EPPO,True
T01155,L_LPT,LAST_MILE,V043,H_LPT,H_LPT,20250722_LPT,2025-07-22T08:30:00+07:00,2025-07-22T12:35:39+07:00,2025-07-22T08:30:00+07:00,,,2025-07-22T13:25:35+07:00,COMPLETED,19,1212.43,5.8659,54.2,50.798,50.798,1.887,7.014,FUEL202507,822.22,839.33,224.03,True,Synthetic cost model; fuel unit-price benchmark from EPPO,True
T01156,L_RYG,LAST_MILE,V045,H_RYG,H_RYG,20250722_RYG,2025-07-22T08:30:00+07:00,2025-07-22T12:51:13+07:00,2025-07-22T08:30:00+07:00,,,2025-07-22T12:57:11+07:00,COMPLETED,19,1564.62,6.5989,54.2,58.066,58.066,1.823,7.415,FUEL202507,822.22,862.18,236.84,True,Synthetic cost model; fuel unit-price benchmark from EPPO,True
T01157,L_CNX,LAST_MILE,V027,H_CNX,H_CNX,20250722_CNX,2025-07-22T08:30:00+07:00,2025-07-22T12:36:33+07:00,2025-07-22T08:30:00+07:00,,,2025-07-22T13:40:02+07:00,COMPLETED,19,1191.87,5.4979,54.2,51.22,51.22,1.748,5.902,FUEL202507,822.22,794.9,188.51,True,Synthetic cost model; fuel unit-price benchmark from EPPO,True
T01158,L_UTH,LAST_MILE,V039,H_UTH,H_UTH,20250722_UTH,2025-07-22T13:36:00+07:00,2025-07-22T14:29:59+07:00,2025-07-22T13:36:00+07:00,,,2025-07-22T15:15:40+07:00,COMPLETED,1,54.4,0.3021,21.8,21.837,21.837,0.865,2.681,FUEL202507,263.62,276.28,85.63,True,Synthetic cost model; fuel unit-price benchmark from EPPO,True
T01159,L_KSN,LAST_MILE,V033,H_KSN,H_KSN,20250722_KSN,2025-07-22T13:40:00+07:00,2025-07-22T14:37:35+07:00,2025-07-22T13:40:00+07:00,,,2025-07-22T15:57:55+07:00,COMPLETED,1,17.12,0.0683,21.8,23.519,23.519,0.798,2.955,FUEL202507,263.62,283.7,94.38,True,Synthetic cost model; fuel unit-price benchmark from EPPO,True
T01160,L_BKK,LAST_MILE,V030,H_BKK,H_BKK,20250722_BKK,2025-07-22T14:25:00+07:00,2025-07-22T15:24:13+07:00,2025-07-22T14:25:00+07:00,,,2025-07-22T15:55:31+07:00,COMPLETED,1,61.51,0.2097,21.8,24.281,24.281,0.914,2.677,FUEL202507,263.62,284.41,85.5,True,Synthetic cost model; fuel unit-price benchmark from EPPO,True
T01161,L_BKK,LAST_MILE,V030,H_BKK,H_BKK,20250723_BKK,2025-07-23T08:30:00+07:00,2025-07-23T12:23:19+07:00,2025-07-23T08:30:00+07:00,,,2025-07-23T12:56:40+07:00,COMPLETED,18,1737.94,7.6463,52.4,48.403,48.403,1.558,6.169,FUEL202507,791.19,768.07,197.04,True,Synthetic cost model; fuel unit-price benchmark from EPPO,True
T01162,L_BKK,LAST_MILE,V029,H_BKK,H_BKK,20250723_BKK,2025-07-23T08:30:00+07:00,2025-07-23T09:20:34+07:00,2025-07-23T08:30:00+07:00,,,2025-07-23T10:03:40+07:00,COMPLETED,1,145.43,0.8465,21.8,20.24,20.24,0.659,2.289,FUEL202507,263.62,246.15,73.11,True,Synthetic cost model; fuel unit-price benchmark from EPPO,True
T01163,L_BKK,LAST_MILE,V029,H_BKK,H_BKK,20250723_BKK,2025-07-23T08:30:00+07:00,2025-07-23T12:46:36+07:00,2025-07-24T08:30:00+07:00,,,2025-07-24T14:29:12+07:00,COMPLETED,20,1307.39,5.7082,56.0,52.547,52.547,1.993,6.492,FUEL202507,853.25,849.97,207.35,True,Synthetic cost model; fuel unit-price benchmark from EPPO,True
T01164,L_CNX,LAST_MILE,V025,H_CNX,H_CNX,20250723_CNX,2025-07-23T08:30:00+07:00,2025-07-23T09:43:03+07:00,2025-07-23T08:30:00+07:00,,,2025-07-23T10:32:21+07:00,COMPLETED,3,248.85,1.142,25.4,24.014,24.014,0.966,2.808,FUEL202507,325.69,324.57,89.69,True,Synthetic cost model; fuel unit-price benchmark from EPPO,True
T01165,L_CNX,LAST_MILE,V027,H_CNX,H_CNX,20250723_CNX,2025-07-23T09:31:00+07:00,2025-07-23T13:48:57+07:00,2025-07-23T09:31:00+07:00,,,2025-07-23T14:45:39+07:00,COMPLETED,19,1142.04,5.6864,54.2,56.538,56.538,1.791,6.656,FUEL202507,822.22,832.65,212.59,True,Synthetic cost model; fuel unit-price benchmark from EPPO,True
T01166,L_SSK,LAST_MILE,V036,H_SSK,H_SSK,20250723_SSK,2025-07-23T12:36:00+07:00,2025-07-23T16:41:03+07:00,2025-07-23T12:36:00+07:00,,,2025-07-23T17:13:37+07:00,COMPLETED,19,1507.09,6.8936,54.2,50.521,50.521,1.631,7.192,FUEL202507,822.22,826.54,229.71,True,Synthetic cost model; fuel unit-price benchmark from EPPO,True
T01167,L_RYG,LAST_MILE,V045,H_RYG,H_RYG,20250723_RYG,2025-07-23T13:27:00+07:00,2025-07-23T14:37:04+07:00,2025-07-23T13:27:00+07:00,,,2025-07-23T15:48:21+07:00,COMPLETED,2,241.17,1.2476,23.6,25.983,25.983,0.987,2.92,FUEL202507,294.66,317.08,93.26,True,Synthetic cost model; fuel unit-price benchmark from EPPO,True
T01168,L_LPT,LAST_MILE,V043,H_LPT,H_LPT,20250723_LPT,2025-07-23T13:55:00+07:00,2025-07-23T14:57:43+07:00,2025-07-23T13:55:00+07:00,,,2025-07-23T15:42:54+07:00,COMPLETED,2,112.03,0.6052,23.6,22.553,22.553,0.735,2.75,FUEL202507,294.66,287.21,87.84,True,Synthetic cost model; fuel unit-price benchmark from EPPO,True
T01169,L_BKK,LAST_MILE,V030,H_BKK,H_BKK,20250724_BKK,2025-07-24T08:30:00+07:00,2025-07-24T13:00:03+07:00,2025-07-24T08:30:00+07:00,,,2025-07-24T13:17:28+07:00,COMPLETED,20,1399.73,6.3813,56.0,58.825,58.825,1.928,7.182,FUEL202507,853.25,880.03,229.39,True,Synthetic cost model; fuel unit-price benchmark from EPPO,True
T01170,L_UTH,LAST_MILE,V040,H_UTH,H_UTH,20250724_UTH,2025-07-24T08:30:00+07:00,2025-07-24T13:01:15+07:00,2025-07-24T08:30:00+07:00,,,2025-07-24T13:58:10+07:00,COMPLETED,20,1205.12,5.2379,56.0,59.391,59.391,2.24,7.734,FUEL202507,853.25,920.63,247.02,True,Synthetic cost model; fuel unit-price benchmark from EPPO,True
T01171,L_UTH,LAST_MILE,V039,H_UTH,H_UTH,20250724_UTH,2025-07-24T08:30:00+07:00,2025-07-24T12:59:07+07:00,2025-07-24T08:30:00+07:00,,,2025-07-24T13:57:27+07:00,COMPLETED,20,1595.69,6.9465,56.0,58.393,58.393,1.968,8.409,FUEL202507,853.25,921.14,268.58,True,Synthetic cost model; fuel unit-price benchmark from EPPO,True
T01172,L_RET,LAST_MILE,V042,H_RET,H_RET,20250724_RET,2025-07-24T08:30:00+07:00,2025-07-24T13:03:36+07:00,2025-07-24T08:30:00+07:00,,,2025-07-24T13:06:05+07:00,COMPLETED,20,1296.72,5.9364,56.0,60.48,60.48,1.897,7.66,FUEL202507,853.25,896.4,244.66,True,Synthetic cost model; fuel unit-price benchmark from EPPO,True
T01173,L_CNX,LAST_MILE,V027,H_CNX,H_CNX,20250724_CNX,2025-07-24T10:38:00+07:00,2025-07-24T15:01:19+07:00,2025-07-24T10:38:00+07:00,,,2025-07-24T16:22:13+07:00,COMPLETED,20,1401.46,6.5026,56.0,55.688,55.688,2.236,6.972,FUEL202507,853.25,888.56,222.69,True,Synthetic cost model; fuel unit-price benchmark from EPPO,True
T01174,L_BKK,LAST_MILE,V029,H_BKK,H_BKK,20250724_BKK,2025-07-24T13:26:00+07:00,2025-07-24T14:30:14+07:00,2025-07-25T08:30:00+07:00,,,2025-07-25T10:24:18+07:00,COMPLETED,2,297.49,1.0999,23.6,23.256,23.256,0.796,2.618,FUEL202507,294.66,288.62,83.62,True,Synthetic cost model; fuel unit-price benchmark from EPPO,True
T01175,L_CNX,LAST_MILE,V028,H_CNX,H_CNX,20250724_CNX,2025-07-24T15:15:00+07:00,2025-07-24T16:25:02+07:00,2025-07-24T15:15:00+07:00,,,2025-07-24T17:04:38+07:00,COMPLETED,2,181.3,1.0907,23.6,25.968,25.968,0.87,3.366,FUEL202507,294.66,323.13,107.51,True,Synthetic cost model; fuel unit-price benchmark from EPPO,True
T01176,L_BKK,LAST_MILE,V030,H_BKK,H_BKK,20250725_BKK,2025-07-25T08:30:00+07:00,2025-07-25T12:51:24+07:00,2025-07-25T08:30:00+07:00,,,2025-07-25T14:09:48+07:00,COMPLETED,20,1470.36,6.5378,56.0,54.792,54.792,1.725,7.008,FUEL202507,853.25,852.19,223.84,True,Synthetic cost model; fuel unit-price benchmark from EPPO,True
T01177,L_UTH,LAST_MILE,V040,H_UTH,H_UTH,20250725_UTH,2025-07-25T08:30:00+07:00,2025-07-25T12:53:16+07:00,2025-07-25T08:30:00+07:00,,,2025-07-25T13:39:33+07:00,COMPLETED,19,1325.42,5.7868,54.2,59.023,59.023,2.098,7.561,FUEL202507,822.22,888.03,241.5,True,Synthetic cost model; fuel unit-price benchmark from EPPO,True
T01178,L_CNX,LAST_MILE,V025,H_CNX,H_CNX,20250725_CNX,2025-07-25T08:30:00+07:00,2025-07-25T13:01:52+07:00,2025-07-25T08:30:00+07:00,,,2025-07-25T13:45:12+07:00,COMPLETED,20,1664.87,8.2462,56.0,59.672,59.672,2.355,7.788,FUEL202507,853.25,930.96,248.75,True,Synthetic cost model; fuel unit-price benchmark from EPPO,True
T01179,L_KSN,LAST_MILE,V034,H_KSN,H_KSN,20250725_KSN,2025-07-25T08:30:00+07:00,2025-07-25T13:01:48+07:00,2025-07-25T08:30:00+07:00,,,2025-07-25T14:28:48+07:00,COMPLETED,20,1616.11,7.3342,56.0,59.641,59.641,2.48,8.074,FUEL202507,853.25,948.76,257.88,True,Synthetic cost model; fuel unit-price benchmark from EPPO,True
T01180,L_KKC,LAST_MILE,V032,H_KKC,H_KKC,20250725_KKC,2025-07-25T08:30:00+07:00,2025-07-25T13:01:07+07:00,2025-07-25T08:30:00+07:00,,,2025-07-25T14:50:46+07:00,COMPLETED,20,1483.02,6.8828,56.0,59.323,59.323,2.257,7.734,FUEL202507,853.25,921.69,247.02,True,Synthetic cost model; fuel unit-price benchmark from EPPO,True
T01181,L_SSK,LAST_MILE,V035,H_SSK,H_SSK,20250725_SSK,2025-07-25T08:30:00+07:00,2025-07-25T09:20:39+07:00,2025-07-25T08:30:00+07:00,,,2025-07-25T09:52:51+07:00,COMPLETED,1,54.62,0.3069,21.8,20.279,20.279,0.645,2.619,FUEL202507,263.62,255.78,83.65,True,Synthetic cost model; fuel unit-price benchmark from EPPO,True
T01182,L_CNX,LAST_MILE,V026,H_CNX,H_CNX,20250725_CNX,2025-07-25T09:48:00+07:00,2025-07-25T14:01:29+07:00,2025-07-25T09:48:00+07:00,,,2025-07-25T14:25:40+07:00,COMPLETED,20,1214.4,5.7466,56.0,51.097,51.097,2.006,6.574,FUEL202507,853.25,850.56,209.97,True,Synthetic cost model; fuel unit-price benchmark from EPPO,True
T01183,L_CNX,LAST_MILE,V028,H_CNX,H_CNX,20250725_CNX,2025-07-25T12:03:00+07:00,2025-07-25T15:48:16+07:00,2025-07-25T12:03:00+07:00,,,2025-07-25T16:42:19+07:00,COMPLETED,17,1774.84,7.2221,50.6,48.012,48.012,1.649,6.763,FUEL202507,760.16,776.27,216.01,True,Synthetic cost model; fuel unit-price benchmark from EPPO,True
T01184,L_CNX,LAST_MILE,V027,H_CNX,H_CNX,20250725_CNX,2025-07-25T12:03:00+07:00,2025-07-25T13:18:26+07:00,2025-07-25T12:03:00+07:00,,,2025-07-25T14:05:38+07:00,COMPLETED,3,271.13,1.1954,25.4,25.126,25.126,0.842,2.768,FUEL202507,325.69,316.82,88.41,True,Synthetic cost model; fuel unit-price benchmark from EPPO,True
T01185,L_RET,LAST_MILE,V042,H_RET,H_RET,20250725_RET,2025-07-25T13:36:00+07:00,2025-07-25T14:42:14+07:00,2025-07-25T13:36:00+07:00,,,2025-07-25T15:12:39+07:00,COMPLETED,2,50.69,0.2577,23.6,24.195,24.195,0.802,2.716,FUEL202507,294.66,294.09,86.75,True,Synthetic cost model; fuel unit-price benchmark from EPPO,True
T01186,L_UTH,LAST_MILE,V039,H_UTH,H_UTH,20250725_UTH,2025-07-25T14:27:00+07:00,2025-07-25T15:25:14+07:00,2025-07-25T14:27:00+07:00,,,2025-07-25T16:49:58+07:00,COMPLETED,1,134.54,0.5482,21.8,23.816,23.816,0.88,2.985,FUEL202507,263.62,290.98,95.34,True,Synthetic cost model; fuel unit-price benchmark from EPPO,True
T01187,L_BKK,LAST_MILE,V030,H_BKK,H_BKK,20250725_BKK,2025-07-25T14:59:00+07:00,2025-07-25T15:49:11+07:00,2025-07-26T08:30:00+07:00,,,2025-07-26T11:03:24+07:00,COMPLETED,1,71.93,0.303,21.8,20.064,20.064,0.818,2.306,FUEL202507,263.62,257.44,73.65,True,Synthetic cost model; fuel unit-price benchmark from EPPO,True
T01188,L_KKC,LAST_MILE,V031,H_KKC,H_KKC,20250725_KKC,2025-07-25T16:25:00+07:00,2025-07-25T20:54:32+07:00,2025-07-25T16:25:00+07:00,,,2025-07-25T22:12:36+07:00,COMPLETED,20,1616.93,6.7858,56.0,58.584,58.584,2.002,7.751,FUEL202507,853.25,902.89,247.57,True,Synthetic cost model; fuel unit-price benchmark from EPPO,True
T01189,L_CNX,LAST_MILE,V028,H_CNX,H_CNX,20250726_CNX,2025-07-26T08:30:00+07:00,2025-07-26T12:43:12+07:00,2025-07-26T08:30:00+07:00,,,2025-07-26T14:08:44+07:00,COMPLETED,19,1442.38,6.5714,54.2,54.323,54.323,2.046,7.758,FUEL202507,822.22,881.24,247.79,True,Synthetic cost model; fuel unit-price benchmark from EPPO,True
T01190,L_CNX,LAST_MILE,V027,H_CNX,H_CNX,20250726_CNX,2025-07-26T08:30:00+07:00,2025-07-26T13:07:55+07:00,2025-07-26T08:30:00+07:00,,,2025-07-26T15:03:32+07:00,COMPLETED,20,1414.8,6.7125,56.0,62.5,62.5,2.603,7.833,FUEL202507,853.25,955.41,250.19,True,Synthetic cost model; fuel unit-price benchmark from EPPO,True
T01191,L_KSN,LAST_MILE,V033,H_KSN,H_KSN,20250726_KSN,2025-07-26T08:30:00+07:00,2025-07-26T12:41:53+07:00,2025-07-26T08:30:00+07:00,,,2025-07-26T13:00:16+07:00,COMPLETED,19,1600.2,7.002,54.2,53.709,53.709,1.806,7.315,FUEL202507,822.22,849.09,233.64,True,Synthetic cost model; fuel unit-price benchmark from EPPO,True
T01192,L_CNX,LAST_MILE,V026,H_CNX,H_CNX,20250726_CNX,2025-07-26T08:30:00+07:00,2025-07-26T09:34:48+07:00,2025-07-26T08:30:00+07:00,,,2025-07-26T10:25:22+07:00,COMPLETED,2,148.04,0.7709,23.6,23.523,23.523,0.897,2.907,FUEL202507,294.66,305.48,92.85,True,Synthetic cost model; fuel unit-price benchmark from EPPO,True
T01193,L_CNX,LAST_MILE,V025,H_CNX,H_CNX,20250726_CNX,2025-07-26T14:15:00+07:00,2025-07-26T15:26:01+07:00,2025-07-26T14:15:00+07:00,,,2025-07-26T16:37:59+07:00,COMPLETED,2,154.29,0.8291,23.6,26.422,26.422,0.887,3.196,FUEL202507,294.66,319.79,102.08,True,Synthetic cost model; fuel unit-price benchmark from EPPO,True
T01194,L_CNX,LAST_MILE,V028,H_CNX,H_CNX,20250726_CNX,2025-07-26T14:55:00+07:00,2025-07-26T15:51:00+07:00,2025-07-27T08:30:00+07:00,,,2025-07-27T10:13:10+07:00,COMPLETED,1,106.44,0.6128,21.8,22.776,22.776,0.714,2.936,FUEL202507,263.62,275.7,93.78,True,Synthetic cost model; fuel unit-price benchmark from EPPO,True
T01195,L_KKC,LAST_MILE,V031,H_KKC,H_KKC,20250726_KKC,2025-07-26T15:20:00+07:00,2025-07-26T16:17:30+07:00,2025-07-26T15:20:00+07:00,,,2025-07-26T16:59:21+07:00,COMPLETED,1,31.05,0.1232,21.8,23.481,23.481,0.828,2.75,FUEL202507,263.62,279.17,87.84,True,Synthetic cost model; fuel unit-price benchmark from EPPO,True
T01196,L_KSN,LAST_MILE,V034,H_KSN,H_KSN,20250727_KSN,2025-07-27T08:30:00+07:00,2025-07-27T13:01:42+07:00,2025-07-27T08:30:00+07:00,,,2025-07-27T14:47:19+07:00,COMPLETED,20,1456.43,6.6802,56.0,59.601,59.601,2.261,7.567,FUEL202507,853.25,917.16,241.69,True,Synthetic cost model; fuel unit-price benchmark from EPPO,True
T01197,L_SSK,LAST_MILE,V036,H_SSK,H_SSK,20250727_SSK,2025-07-27T08:30:00+07:00,2025-07-27T12:35:11+07:00,2025-07-27T08:30:00+07:00,,,2025-07-27T13:40:32+07:00,COMPLETED,19,1550.91,6.5828,54.2,50.582,50.582,1.758,7.226,FUEL202507,822.22,836.64,230.8,True,Synthetic cost model; fuel unit-price benchmark from EPPO,True
T01198,L_CNX,LAST_MILE,V026,H_CNX,H_CNX,20250727_CNX,2025-07-27T08:30:00+07:00,2025-07-27T09:40:33+07:00,2025-07-27T08:30:00+07:00,,,2025-07-27T10:08:05+07:00,COMPLETED,2,271.03,0.9283,23.6,26.209,26.209,0.911,3.138,FUEL202507,294.66,319.21,100.23,True,Synthetic cost model; fuel unit-price benchmark from EPPO,True
T01199,L_KSN,LAST_MILE,V033,H_KSN,H_KSN,20250727_KSN,2025-07-27T13:30:00+07:00,2025-07-27T14:20:28+07:00,2025-07-27T13:30:00+07:00,,,2025-07-27T15:46:08+07:00,COMPLETED,1,110.23,0.5498,21.8,20.197,20.197,0.801,2.427,FUEL202507,263.62,260.4,77.52,True,Synthetic cost model; fuel unit-price benchmark from EPPO,True
T01200,L_CNX,LAST_MILE,V025,H_CNX,H_CNX,20250727_CNX,2025-07-27T15:33:00+07:00,2025-07-27T16:43:42+07:00,2025-07-27T15:33:00+07:00,,,2025-07-27T17:29:44+07:00,COMPLETED,2,105.13,0.4638,23.6,26.279,26.279,0.845,3.041,FUEL202507,294.66,311.62,97.13,True,Synthetic cost model; fuel unit-price benchmark from EPPO,True
T01201,L_UTH,LAST_MILE,V039,H_UTH,H_UTH,20250728_UTH,2025-07-28T08:30:00+07:00,2025-07-28T13:00:29+07:00,2025-07-28T08:30:00+07:00,,,2025-07-28T13:52:50+07:00,COMPLETED,20,1365.11,5.8187,56.0,59.029,59.029,2.301,8.009,FUEL202507,853.25,932.94,255.81,True,Synthetic cost model; fuel unit-price benchmark from EPPO,True
T01202,L_UTH,LAST_MILE,V040,H_UTH,H_UTH,20250728_UTH,2025-07-28T08:30:00+07:00,2025-07-28T12:58:02+07:00,2025-07-28T08:30:00+07:00,,,2025-07-28T13:37:04+07:00,COMPLETED,20,1480.79,6.1984,56.0,57.887,57.887,2.342,7.398,FUEL202507,853.25,913.99,236.29,True,Synthetic cost model; fuel unit-price benchmark from EPPO,True
T01203,L_BKK,LAST_MILE,V030,H_BKK,H_BKK,20250728_BKK,2025-07-28T08:30:00+07:00,2025-07-28T12:53:15+07:00,2025-07-28T08:30:00+07:00,,,2025-07-28T13:51:46+07:00,COMPLETED,19,1456.82,6.9397,54.2,59.012,59.012,2.029,7.057,FUEL202507,822.22,867.03,225.4,True,Synthetic cost model; fuel unit-price benchmark from EPPO,True
T01204,L_KSN,LAST_MILE,V034,H_KSN,H_KSN,20250728_KSN,2025-07-28T15:17:00+07:00,2025-07-28T16:23:30+07:00,2025-07-28T15:17:00+07:00,,,2025-07-28T17:17:27+07:00,COMPLETED,2,118.27,0.6393,23.6,24.315,24.315,0.763,2.675,FUEL202507,294.66,290.26,85.44,True,Synthetic cost model; fuel unit-price benchmark from EPPO,True
T01205,L_RET,LAST_MILE,V042,H_RET,H_RET,20250729_RET,2025-07-29T08:30:00+07:00,2025-07-29T13:08:00+07:00,2025-07-29T08:30:00+07:00,,,2025-07-29T13:13:20+07:00,COMPLETED,20,1739.57,7.6023,56.0,62.534,62.534,2.064,8.0,FUEL202507,853.25,923.07,255.52,True,Synthetic cost model; fuel unit-price benchmark from EPPO,True
T01206,L_BKK,LAST_MILE,V029,H_BKK,H_BKK,20250729_BKK,2025-07-29T14:21:00+07:00,2025-07-29T15:17:44+07:00,2025-07-29T14:21:00+07:00,,,2025-07-29T16:21:29+07:00,COMPLETED,1,49.33,0.2961,21.8,23.117,23.117,0.799,2.623,FUEL202507,263.62,272.36,83.78,True,Synthetic cost model; fuel unit-price benchmark from EPPO,True
T01207,L_UTH,LAST_MILE,V040,H_UTH,H_UTH,20250729_UTH,2025-07-29T14:22:00+07:00,2025-07-29T15:26:58+07:00,2025-07-29T14:22:00+07:00,,,2025-07-29T16:31:58+07:00,COMPLETED,2,100.68,0.4187,23.6,23.598,23.598,0.842,2.754,FUEL202507,294.66,296.92,87.96,True,Synthetic cost model; fuel unit-price benchmark from EPPO,True
T01208,L_KSN,LAST_MILE,V033,H_KSN,H_KSN,20250729_KSN,2025-07-29T16:21:00+07:00,2025-07-29T20:03:25+07:00,2025-07-29T16:21:00+07:00,,,2025-07-29T21:30:38+07:00,COMPLETED,17,1714.53,8.0644,50.6,46.682,46.682,1.622,6.351,FUEL202507,760.16,758.52,202.85,True,Synthetic cost model; fuel unit-price benchmark from EPPO,True
T01209,L_KSN,LAST_MILE,V034,H_KSN,H_KSN,20250729_KSN,2025-07-29T16:21:00+07:00,2025-07-29T17:32:07+07:00,2025-07-29T16:21:00+07:00,,,2025-07-29T19:06:16+07:00,COMPLETED,3,390.6,1.6482,25.4,23.111,23.111,0.853,2.702,FUEL202507,325.69,311.42,86.3,True,Synthetic cost model; fuel unit-price benchmark from EPPO,True
T01210,L_CNX,LAST_MILE,V028,H_CNX,H_CNX,20250730_CNX,2025-07-30T08:30:00+07:00,2025-07-30T12:48:03+07:00,2025-07-30T08:30:00+07:00,,,2025-07-30T13:33:20+07:00,COMPLETED,20,1756.45,8.0735,56.0,53.229,53.229,1.794,7.684,FUEL202507,853.25,875.46,245.43,True,Synthetic cost model; fuel unit-price benchmark from EPPO,True
T01211,L_RET,LAST_MILE,V041,H_RET,H_RET,20250730_RET,2025-07-30T13:43:00+07:00,2025-07-30T14:53:23+07:00,2025-07-30T13:43:00+07:00,,,2025-07-30T15:43:39+07:00,COMPLETED,2,214.94,1.0068,23.6,26.126,26.126,0.937,2.888,FUEL202507,294.66,312.91,92.24,True,Synthetic cost model; fuel unit-price benchmark from EPPO,True
T01212,L_NMA,LAST_MILE,V038,H_NMA,H_NMA,20250731_NMA,2025-07-31T08:30:00+07:00,2025-07-31T12:58:41+07:00,2025-07-31T08:30:00+07:00,,,2025-07-31T14:48:59+07:00,COMPLETED,20,1323.26,5.59,56.0,58.187,58.187,2.353,7.436,FUEL202507,853.25,916.58,237.51,True,Synthetic cost model; fuel unit-price benchmark from EPPO,True
T01213,L_BKK,LAST_MILE,V029,H_BKK,H_BKK,20250731_BKK,2025-07-31T08:30:00+07:00,2025-07-31T12:43:51+07:00,2025-07-31T08:30:00+07:00,,,2025-07-31T14:04:02+07:00,COMPLETED,20,1089.2,4.7365,56.0,51.27,51.27,1.984,6.13,FUEL202507,853.25,835.18,195.79,True,Synthetic cost model; fuel unit-price benchmark from EPPO,True
T01214,L_KSN,LAST_MILE,V033,H_KSN,H_KSN,20250731_KSN,2025-07-31T08:30:00+07:00,2025-07-31T09:48:15+07:00,2025-07-31T08:30:00+07:00,,,2025-07-31T11:17:23+07:00,COMPLETED,3,350.38,1.6799,25.4,26.443,26.443,1.063,3.404,FUEL202507,325.69,355.21,108.72,True,Synthetic cost model; fuel unit-price benchmark from EPPO,True
T01215,L_CNX,LAST_MILE,V027,H_CNX,H_CNX,20250731_CNX,2025-07-31T10:39:00+07:00,2025-07-31T15:02:07+07:00,2025-07-31T10:39:00+07:00,,,2025-07-31T15:44:25+07:00,COMPLETED,19,1135.42,5.0035,54.2,58.955,58.955,2.176,6.937,FUEL202507,822.22,873.41,221.57,True,Synthetic cost model; fuel unit-price benchmark from EPPO,True
T01216,L_CNX,LAST_MILE,V026,H_CNX,H_CNX,20250731_CNX,2025-07-31T14:03:00+07:00,2025-07-31T15:10:54+07:00,2025-07-31T14:03:00+07:00,,,2025-07-31T15:39:19+07:00,COMPLETED,2,225.77,0.824,23.6,24.971,24.971,0.939,2.979,FUEL202507,294.66,313.6,95.15,True,Synthetic cost model; fuel unit-price benchmark from EPPO,True
T01217,L_CNX,LAST_MILE,V026,H_CNX,H_CNX,20250801_CNX,2025-08-01T08:30:00+07:00,2025-08-01T12:43:48+07:00,2025-08-01T08:30:00+07:00,,,2025-08-01T13:51:15+07:00,COMPLETED,20,1115.96,5.0042,56.0,51.246,51.246,1.83,6.644,FUEL202508,853.25,840.78,212.21,True,Synthetic cost model; fuel unit-price benchmark from EPPO,True
T01218,L_UTH,LAST_MILE,V039,H_UTH,H_UTH,20250801_UTH,2025-08-01T08:30:00+07:00,2025-08-01T12:20:54+07:00,2025-08-01T08:30:00+07:00,,,2025-08-01T13:12:37+07:00,COMPLETED,18,1223.08,5.5269,52.4,47.276,47.276,1.783,6.342,FUEL202508,791.19,787.15,202.56,True,Synthetic cost model; fuel unit-price benchmark from EPPO,True
T01219,L_CNX,LAST_MILE,V028,H_CNX,H_CNX,20250801_CNX,2025-08-01T13:02:00+07:00,2025-08-01T17:17:46+07:00,2025-08-01T13:02:00+07:00,,,2025-08-01T18:15:40+07:00,COMPLETED,19,1064.74,4.7556,54.2,55.524,55.524,1.998,7.503,FUEL202508,822.22,872.16,239.65,True,Synthetic cost model; fuel unit-price benchmark from EPPO,True
T01220,L_NMA,LAST_MILE,V037,H_NMA,H_NMA,20250801_NMA,2025-08-01T15:18:00+07:00,2025-08-01T16:09:07+07:00,2025-08-01T15:18:00+07:00,,,2025-08-01T16:56:22+07:00,COMPLETED,1,65.01,0.3671,21.8,20.498,20.498,0.711,2.313,FUEL202508,263.62,251.07,73.88,True,Synthetic cost model; fuel unit-price benchmark from EPPO,True
T01221,L_CNX,LAST_MILE,V027,H_CNX,H_CNX,20250802_CNX,2025-08-02T08:30:00+07:00,2025-08-02T12:59:52+07:00,2025-08-02T08:30:00+07:00,,,2025-08-02T13:59:15+07:00,COMPLETED,20,1192.13,5.1911,56.0,58.745,58.745,2.329,7.052,FUEL202508,853.25,903.76,225.24,True,Synthetic cost model; fuel unit-price benchmark from EPPO,True
T01222,L_CNX,LAST_MILE,V025,H_CNX,H_CNX,20250802_CNX,2025-08-02T08:30:00+07:00,2025-08-02T12:43:47+07:00,2025-08-02T08:30:00+07:00,,,2025-08-02T13:47:40+07:00,COMPLETED,20,1269.27,5.6826,56.0,51.238,51.238,2.009,6.579,FUEL202508,853.25,851.22,210.13,True,Synthetic cost model; fuel unit-price benchmark from EPPO,True
T01223,L_CNX,LAST_MILE,V028,H_CNX,H_CNX,20250802_CNX,2025-08-02T08:30:00+07:00,2025-08-02T12:30:43+07:00,2025-08-02T08:30:00+07:00,,,2025-08-02T13:55:09+07:00,COMPLETED,18,967.73,4.221,52.4,51.862,51.862,1.935,6.955,FUEL202508,791.19,826.51,222.14,True,Synthetic cost model; fuel unit-price benchmark from EPPO,True
T01224,L_RET,LAST_MILE,V042,H_RET,H_RET,20250802_RET,2025-08-02T08:30:00+07:00,2025-08-02T13:00:26+07:00,2025-08-02T08:30:00+07:00,,,2025-08-02T14:00:59+07:00,COMPLETED,20,1105.18,4.9859,56.0,59.008,59.008,1.875,7.472,FUEL202508,853.25,885.92,238.66,True,Synthetic cost model; fuel unit-price benchmark from EPPO,True
T01225,L_CNX,LAST_MILE,V026,H_CNX,H_CNX,20250802_CNX,2025-08-02T08:30:00+07:00,2025-08-02T12:50:36+07:00,2025-08-02T08:30:00+07:00,,,2025-08-02T13:55:43+07:00,COMPLETED,20,1328.36,5.767,56.0,54.418,54.418,1.728,7.175,FUEL202508,853.25,856.94,229.17,True,Synthetic cost model; fuel unit-price benchmark from EPPO,True
T01226,L_UTH,LAST_MILE,V040,H_UTH,H_UTH,20250802_UTH,2025-08-02T13:42:00+07:00,2025-08-02T14:46:44+07:00,2025-08-02T13:42:00+07:00,,,2025-08-02T15:27:59+07:00,COMPLETED,2,137.12,0.6479,23.6,23.49,23.49,0.763,2.748,FUEL202508,294.66,290.97,87.77,True,Synthetic cost model; fuel unit-price benchmark from EPPO,True
T01227,L_CNX,LAST_MILE,V025,H_CNX,H_CNX,20250802_CNX,2025-08-02T14:21:00+07:00,2025-08-02T15:30:00+07:00,2025-08-03T08:30:00+07:00,,,2025-08-03T10:51:22+07:00,COMPLETED,2,83.07,0.2945,23.6,25.483,25.483,1.043,2.99,FUEL202508,294.66,322.26,95.5,True,Synthetic cost model; fuel unit-price benchmark from EPPO,True
T01228,L_UTH,LAST_MILE,V040,H_UTH,H_UTH,20250803_UTH,2025-08-03T08:30:00+07:00,2025-08-03T13:00:57+07:00,2025-08-03T08:30:00+07:00,,,2025-08-03T14:19:40+07:00,COMPLETED,20,1241.96,5.6004,56.0,59.244,59.244,2.059,7.539,FUEL202508,853.25,901.42,240.8,True,Synthetic cost model; fuel unit-price benchmark from EPPO,True
T01229,L_CNX,LAST_MILE,V026,H_CNX,H_CNX,20250803_CNX,2025-08-03T08:30:00+07:00,2025-08-03T09:33:03+07:00,2025-08-03T08:30:00+07:00,,,2025-08-03T10:33:13+07:00,COMPLETED,2,151.51,0.654,23.6,22.71,22.71,0.851,2.807,FUEL202508,294.66,297.48,89.66,True,Synthetic cost model; fuel unit-price benchmark from EPPO,True
T01230,L_CNX,LAST_MILE,V027,H_CNX,H_CNX,20250803_CNX,2025-08-03T09:10:00+07:00,2025-08-03T13:26:29+07:00,2025-08-03T09:10:00+07:00,,,2025-08-03T14:29:01+07:00,COMPLETED,20,1496.8,7.1045,56.0,52.499,52.499,1.969,6.623,FUEL202508,853.25,852.38,211.54,True,Synthetic cost model; fuel unit-price benchmark from EPPO,True
T01231,L_CNX,LAST_MILE,V028,H_CNX,H_CNX,20250803_CNX,2025-08-03T09:19:00+07:00,2025-08-03T13:32:43+07:00,2025-08-03T09:19:00+07:00,,,2025-08-03T14:52:12+07:00,COMPLETED,20,1501.86,6.4846,56.0,51.202,51.202,2.007,7.347,FUEL202508,853.25,875.52,234.66,True,Synthetic cost model; fuel unit-price benchmark from EPPO,True
T01232,L_CNX,LAST_MILE,V026,H_CNX,H_CNX,20250803_CNX,2025-08-03T12:26:00+07:00,2025-08-03T17:01:21+07:00,2025-08-04T08:30:00+07:00,,,2025-08-04T14:50:00+07:00,COMPLETED,20,1385.29,6.1506,56.0,61.304,61.304,2.341,8.328,FUEL202508,853.25,950.44,266.0,True,Synthetic cost model; fuel unit-price benchmark from EPPO,True
T01233,L_CNX,LAST_MILE,V027,H_CNX,H_CNX,20250803_CNX,2025-08-03T14:17:00+07:00,2025-08-03T15:30:32+07:00,2025-08-04T08:30:00+07:00,,,2025-08-04T10:27:51+07:00,COMPLETED,3,142.09,0.6593,25.4,24.238,24.238,0.805,2.755,FUEL202508,325.69,311.99,87.99,True,Synthetic cost model; fuel unit-price benchmark from EPPO,True
T01234,L_CNX,LAST_MILE,V025,H_CNX,H_CNX,20250803_CNX,2025-08-03T14:25:00+07:00,2025-08-03T15:21:39+07:00,2025-08-04T08:30:00+07:00,,,2025-08-04T10:49:40+07:00,COMPLETED,1,61.37,0.2296,21.8,23.082,23.082,0.852,2.773,FUEL202508,263.62,280.77,88.57,True,Synthetic cost model; fuel unit-price benchmark from EPPO,True
T01235,L_CNX,LAST_MILE,V028,H_CNX,H_CNX,20250803_CNX,2025-08-03T14:25:00+07:00,2025-08-03T15:32:37+07:00,2025-08-04T08:30:00+07:00,,,2025-08-04T10:20:55+07:00,COMPLETED,2,206.9,1.0375,23.6,24.838,24.838,0.86,3.226,FUEL202508,294.66,315.69,103.04,True,Synthetic cost model; fuel unit-price benchmark from EPPO,True
T01236,L_CNX,LAST_MILE,V027,H_CNX,H_CNX,20250803_CNX,2025-08-03T14:29:00+07:00,2025-08-03T15:27:13+07:00,2025-08-05T08:30:00+07:00,,,2025-08-05T10:56:40+07:00,COMPLETED,1,25.98,0.0985,21.8,23.814,23.814,0.852,2.685,FUEL202508,263.62,279.42,85.76,True,Synthetic cost model; fuel unit-price benchmark from EPPO,True
T01237,L_RET,LAST_MILE,V041,H_RET,H_RET,20250803_RET,2025-08-03T14:30:00+07:00,2025-08-03T15:36:31+07:00,2025-08-03T14:30:00+07:00,,,2025-08-03T17:22:51+07:00,COMPLETED,2,158.67,0.8679,23.6,24.322,24.322,0.982,2.719,FUEL202508,294.66,307.03,86.84,True,Synthetic cost model; fuel unit-price benchmark from EPPO,True
T01238,L_UTH,LAST_MILE,V039,H_UTH,H_UTH,20250804_UTH,2025-08-04T08:30:00+07:00,2025-08-04T12:40:53+07:00,2025-08-04T08:30:00+07:00,,,2025-08-04T13:20:46+07:00,COMPLETED,19,1339.54,6.0337,54.2,53.241,53.241,2.006,6.849,FUEL202508,822.22,847.28,218.76,True,Synthetic cost model; fuel unit-price benchmark from EPPO,True
T01239,L_CNX,LAST_MILE,V025,H_CNX,H_CNX,20250804_CNX,2025-08-04T08:30:00+07:00,2025-08-04T12:55:41+07:00,2025-08-05T08:30:00+07:00,,,2025-08-05T14:21:49+07:00,COMPLETED,20,1677.42,7.0992,56.0,56.787,56.787,1.941,7.729,FUEL202508,853.25,894.32,246.86,True,Synthetic cost model; fuel unit-price benchmark from EPPO,True
T01240,L_KSN,LAST_MILE,V034,H_KSN,H_KSN,20250804_KSN,2025-08-04T08:30:00+07:00,2025-08-04T12:48:51+07:00,2025-08-04T08:30:00+07:00,,,2025-08-04T14:20:10+07:00,COMPLETED,19,1688.04,7.7813,54.2,56.959,56.959,1.932,7.558,FUEL202508,822.22,872.15,241.4,True,Synthetic cost model; fuel unit-price benchmark from EPPO,True
T01241,L_KSN,LAST_MILE,V033,H_KSN,H_KSN,20250804_KSN,2025-08-04T08:30:00+07:00,2025-08-04T09:25:55+07:00,2025-08-04T08:30:00+07:00,,,2025-08-04T10:20:56+07:00,COMPLETED,1,149.6,0.6937,21.8,22.737,22.737,0.876,2.81,FUEL202508,263.62,282.91,89.75,True,Synthetic cost model; fuel unit-price benchmark from EPPO,True
T01242,L_CNX,LAST_MILE,V026,H_CNX,H_CNX,20250804_CNX,2025-08-04T09:22:00+07:00,2025-08-04T13:53:16+07:00,2025-08-05T08:30:00+07:00,,,2025-08-05T14:18:20+07:00,COMPLETED,20,1422.59,6.4904,56.0,59.398,59.398,2.187,8.094,FUEL202508,853.25,928.4,258.52,True,Synthetic cost model; fuel unit-price benchmark from EPPO,True
T01243,L_CNX,LAST_MILE,V028,H_CNX,H_CNX,20250804_CNX,2025-08-04T09:46:00+07:00,2025-08-04T13:44:10+07:00,2025-08-05T08:30:00+07:00,,,2025-08-05T14:16:36+07:00,COMPLETED,18,1003.29,4.4111,52.4,50.669,50.669,1.974,6.989,FUEL202508,791.19,827.92,223.23,True,Synthetic cost model; fuel unit-price benchmark from EPPO,True
T01244,L_UTH,LAST_MILE,V040,H_UTH,H_UTH,20250804_UTH,2025-08-04T14:49:00+07:00,2025-08-04T15:47:21+07:00,2025-08-04T14:49:00+07:00,,,2025-08-04T16:33:28+07:00,COMPLETED,1,40.92,0.1447,21.8,23.874,23.874,0.951,2.596,FUEL202508,263.62,283.67,82.92,True,Synthetic cost model; fuel unit-price benchmark from EPPO,True
T01245,L_CNX,LAST_MILE,V026,H_CNX,H_CNX,20250805_CNX,2025-08-05T08:30:00+07:00,2025-08-05T13:04:06+07:00,2025-08-06T08:30:00+07:00,,,2025-08-06T13:20:42+07:00,COMPLETED,20,1466.97,6.9288,56.0,60.719,60.719,2.19,7.971,FUEL202508,853.25,927.36,254.59,True,Synthetic cost model; fuel unit-price benchmark from EPPO,True
T01246,L_CNX,LAST_MILE,V028,H_CNX,H_CNX,20250805_CNX,2025-08-05T08:30:00+07:00,2025-08-05T12:55:44+07:00,2025-08-06T08:30:00+07:00,,,2025-08-06T13:55:44+07:00,COMPLETED,20,1115.48,4.9819,56.0,56.813,56.813,2.159,7.589,FUEL202508,853.25,905.17,242.39,True,Synthetic cost model; fuel unit-price benchmark from EPPO,True
T01247,L_KSN,LAST_MILE,V033,H_KSN,H_KSN,20250805_KSN,2025-08-05T08:30:00+07:00,2025-08-05T12:33:17+07:00,2025-08-05T08:30:00+07:00,,,2025-08-05T13:10:06+07:00,COMPLETED,19,1271.38,5.8487,54.2,49.695,49.695,1.659,6.523,FUEL202508,822.22,805.47,208.34,True,Synthetic cost model; fuel unit-price benchmark from EPPO,True
T01248,L_KSN,LAST_MILE,V034,H_KSN,H_KSN,20250805_KSN,2025-08-05T08:30:00+07:00,2025-08-05T13:03:46+07:00,2025-08-05T08:30:00+07:00,,,2025-08-05T14:24:13+07:00,COMPLETED,20,1652.67,7.8338,56.0,60.558,60.558,2.267,7.812,FUEL202508,853.25,927.3,249.52,True,Synthetic cost model; fuel unit-price benchmark from EPPO,True
T01249,L_UTH,LAST_MILE,V039,H_UTH,H_UTH,20250805_UTH,2025-08-05T13:50:00+07:00,2025-08-05T14:40:24+07:00,2025-08-05T13:50:00+07:00,,,2025-08-05T16:01:12+07:00,COMPLETED,1,42.67,0.2524,21.8,20.166,20.166,0.792,2.511,FUEL202508,263.62,262.35,80.2,True,Synthetic cost model; fuel unit-price benchmark from EPPO,True
T01250,L_KSN,LAST_MILE,V034,H_KSN,H_KSN,20250805_KSN,2025-08-05T14:50:00+07:00,2025-08-05T15:41:22+07:00,2025-08-06T08:30:00+07:00,,,2025-08-06T10:18:51+07:00,COMPLETED,1,74.43,0.3289,21.8,20.618,20.618,0.84,2.355,FUEL202508,263.62,261.64,75.22,True,Synthetic cost model; fuel unit-price benchmark from EPPO,True
T01251,L_CNX,LAST_MILE,V025,H_CNX,H_CNX,20250805_CNX,2025-08-05T15:20:00+07:00,2025-08-05T16:24:01+07:00,2025-08-06T08:30:00+07:00,,,2025-08-06T10:11:20+07:00,COMPLETED,2,138.05,0.6164,23.6,23.162,23.162,0.865,2.686,FUEL202508,294.66,295.49,85.79,True,Synthetic cost model; fuel unit-price benchmark from EPPO,True
T01252,L_SSK,LAST_MILE,V036,H_SSK,H_SSK,20250805_SSK,2025-08-05T15:46:00+07:00,2025-08-05T19:39:04+07:00,2025-08-05T15:46:00+07:00,,,2025-08-05T20:04:41+07:00,COMPLETED,18,1740.66,7.7872,52.4,48.292,48.292,1.84,6.727,FUEL202508,791.19,805.42,214.86,True,Synthetic cost model; fuel unit-price benchmark from EPPO,True
T01253,L_SSK,LAST_MILE,V035,H_SSK,H_SSK,20250805_SSK,2025-08-05T15:46:00+07:00,2025-08-05T16:37:58+07:00,2025-08-05T15:46:00+07:00,,,2025-08-05T17:06:25+07:00,COMPLETED,1,127.42,0.5254,21.8,20.894,20.894,0.74,2.713,FUEL202508,263.62,266.66,86.65,True,Synthetic cost model; fuel unit-price benchmark from EPPO,True
T01254,L_RET,LAST_MILE,V042,H_RET,H_RET,20250806_RET,2025-08-06T08:30:00+07:00,2025-08-06T12:56:02+07:00,2025-08-06T08:30:00+07:00,,,2025-08-06T14:22:59+07:00,COMPLETED,19,1644.77,7.8159,54.2,60.313,60.313,1.911,7.975,FUEL202508,822.22,890.74,254.72,True,Synthetic cost model; fuel unit-price benchmark from EPPO,True
T01255,L_BKK,LAST_MILE,V029,H_BKK,H_BKK,20250806_BKK,2025-08-06T08:30:00+07:00,2025-08-06T13:02:18+07:00,2025-08-06T08:30:00+07:00,,,2025-08-06T13:30:10+07:00,COMPLETED,20,1518.4,6.7663,56.0,59.875,59.875,2.225,7.223,FUEL202508,853.25,904.22,230.7,True,Synthetic cost model; fuel unit-price benchmark from EPPO,True
T01256,L_BKK,LAST_MILE,V030,H_BKK,H_BKK,20250806_BKK,2025-08-06T08:30:00+07:00,2025-08-06T12:52:14+07:00,2025-08-06T08:30:00+07:00,,,2025-08-06T12:59:54+07:00,COMPLETED,20,1494.32,6.4166,56.0,55.183,55.183,1.866,6.619,FUEL202508,853.25,850.37,211.41,True,Synthetic cost model; fuel unit-price benchmark from EPPO,True
T01257,L_SSK,LAST_MILE,V035,H_SSK,H_SSK,20250806_SSK,2025-08-06T12:17:00+07:00,2025-08-06T16:39:10+07:00,2025-08-06T12:17:00+07:00,,,2025-08-06T17:55:23+07:00,COMPLETED,20,1436.46,6.5681,56.0,55.145,55.145,1.894,8.039,FUEL202508,853.25,897.61,256.77,True,Synthetic cost model; fuel unit-price benchmark from EPPO,True
T01258,L_KSN,LAST_MILE,V033,H_KSN,H_KSN,20250806_KSN,2025-08-06T13:40:00+07:00,2025-08-06T14:58:49+07:00,2025-08-06T13:40:00+07:00,,,2025-08-06T15:50:55+07:00,COMPLETED,3,359.92,1.5658,25.4,26.704,26.704,0.915,3.218,FUEL202508,325.69,339.41,102.78,True,Synthetic cost model; fuel unit-price benchmark from EPPO,True
T01259,L_CNX,LAST_MILE,V028,H_CNX,H_CNX,20250806_CNX,2025-08-06T14:48:00+07:00,2025-08-06T15:41:19+07:00,2025-08-07T08:30:00+07:00,,,2025-08-07T10:51:28+07:00,COMPLETED,1,43.16,0.1449,21.8,21.526,21.526,0.684,2.762,FUEL202508,263.62,265.57,88.22,True,Synthetic cost model; fuel unit-price benchmark from EPPO,True
T01260,L_CNX,LAST_MILE,V025,H_CNX,H_CNX,20250806_CNX,2025-08-06T14:51:00+07:00,2025-08-06T15:42:30+07:00,2025-08-07T08:30:00+07:00,,,2025-08-07T10:56:08+07:00,COMPLETED,1,143.42,0.6319,21.8,20.677,20.677,0.786,2.499,FUEL202508,263.62,262.58,79.82,True,Synthetic cost model; fuel unit-price benchmark from EPPO,True
T01261,L_KSN,LAST_MILE,V034,H_KSN,H_KSN,20250807_KSN,2025-08-07T08:30:00+07:00,2025-08-07T12:51:05+07:00,2025-08-07T08:30:00+07:00,,,2025-08-07T14:26:01+07:00,COMPLETED,20,1393.94,6.1749,56.0,54.643,54.643,2.253,6.902,FUEL202508,853.25,885.47,220.45,True,Synthetic cost model; fuel unit-price benchmark from EPPO,True
T01262,L_CNX,LAST_MILE,V026,H_CNX,H_CNX,20250807_CNX,2025-08-07T08:30:00+07:00,2025-08-07T12:46:44+07:00,2025-08-07T08:30:00+07:00,,,2025-08-07T13:28:22+07:00,COMPLETED,20,1629.04,7.3508,56.0,52.616,52.616,2.154,7.183,FUEL202508,853.25,883.41,229.43,True,Synthetic cost model; fuel unit-price benchmark from EPPO,True
T01263,L_SSK,LAST_MILE,V036,H_SSK,H_SSK,20250807_SSK,2025-08-07T08:30:00+07:00,2025-08-07T09:24:43+07:00,2025-08-07T08:30:00+07:00,,,2025-08-07T11:04:26+07:00,COMPLETED,1,100.89,0.5049,21.8,22.175,22.175,0.857,2.908,FUEL202508,263.62,283.64,92.88,True,Synthetic cost model; fuel unit-price benchmark from EPPO,True
T01264,L_BKK,LAST_MILE,V029,H_BKK,H_BKK,20250807_BKK,2025-08-07T13:29:00+07:00,2025-08-07T14:50:33+07:00,2025-08-07T13:29:00+07:00,,,2025-08-07T15:46:05+07:00,COMPLETED,3,345.74,1.3157,25.4,27.982,27.982,1.092,3.245,FUEL202508,325.69,355.27,103.65,True,Synthetic cost model; fuel unit-price benchmark from EPPO,True
T01265,L_BKK,LAST_MILE,V030,H_BKK,H_BKK,20250807_BKK,2025-08-07T14:00:00+07:00,2025-08-07T14:56:36+07:00,2025-08-07T14:00:00+07:00,,,2025-08-07T15:24:04+07:00,COMPLETED,1,47.8,0.1645,21.8,23.056,23.056,0.81,2.606,FUEL202508,263.62,272.47,83.24,True,Synthetic cost model; fuel unit-price benchmark from EPPO,True
T01266,L_CNX,LAST_MILE,V026,H_CNX,H_CNX,20250807_CNX,2025-08-07T14:25:00+07:00,2025-08-07T15:26:47+07:00,2025-08-08T08:30:00+07:00,,,2025-08-08T10:24:52+07:00,COMPLETED,2,154.44,0.7695,23.6,22.114,22.114,0.721,2.694,FUEL202508,294.66,283.52,86.05,True,Synthetic cost model; fuel unit-price benchmark from EPPO,True
T01267,L_RET,LAST_MILE,V041,H_RET,H_RET,20250807_RET,2025-08-07T14:52:00+07:00,2025-08-07T15:57:14+07:00,2025-08-07T14:52:00+07:00,,,2025-08-07T17:01:05+07:00,COMPLETED,2,160.68,0.7495,23.6,23.729,23.729,0.841,2.653,FUEL202508,294.66,293.88,84.74,True,Synthetic cost model; fuel unit-price benchmark from EPPO,True
T01268,L_LPT,LAST_MILE,V043,H_LPT,H_LPT,20250808_LPT,2025-08-08T08:30:00+07:00,2025-08-08T13:00:06+07:00,2025-08-08T08:30:00+07:00,,,2025-08-08T13:45:14+07:00,COMPLETED,20,1612.84,7.2407,56.0,58.848,58.848,2.381,7.849,FUEL202508,853.25,933.07,250.7,True,Synthetic cost model; fuel unit-price benchmark from EPPO,True
T01269,L_CNX,LAST_MILE,V028,H_CNX,H_CNX,20250808_CNX,2025-08-08T08:30:00+07:00,2025-08-08T12:55:15+07:00,2025-08-08T08:30:00+07:00,,,2025-08-08T13:31:10+07:00,COMPLETED,20,1737.78,7.414,56.0,56.591,56.591,1.806,8.279,FUEL202508,853.25,902.06,264.43,True,Synthetic cost model; fuel unit-price benchmark from EPPO,True
T01270,L_KSN,LAST_MILE,V033,H_KSN,H_KSN,20250808_KSN,2025-08-08T14:56:00+07:00,2025-08-08T16:01:17+07:00,2025-08-08T14:56:00+07:00,,,2025-08-08T17:04:21+07:00,COMPLETED,2,181.08,0.7744,23.6,23.749,23.749,0.753,2.942,FUEL202508,294.66,297.0,93.97,True,Synthetic cost model; fuel unit-price benchmark from EPPO,True
T01271,L_CNX,LAST_MILE,V026,H_CNX,H_CNX,20250809_CNX,2025-08-09T08:30:00+07:00,2025-08-09T12:49:42+07:00,2025-08-09T08:30:00+07:00,,,2025-08-09T14:05:50+07:00,COMPLETED,19,1326.8,6.4793,54.2,57.361,57.361,1.939,7.756,FUEL202508,822.22,879.81,247.73,True,Synthetic cost model; fuel unit-price benchmark from EPPO,True
T01272,L_UTH,LAST_MILE,V040,H_UTH,H_UTH,20250809_UTH,2025-08-09T08:30:00+07:00,2025-08-09T12:23:28+07:00,2025-08-09T08:30:00+07:00,,,2025-08-09T12:58:48+07:00,COMPLETED,18,1048.65,4.8487,52.4,48.478,48.478,1.969,5.833,FUEL202508,791.19,786.31,186.31,True,Synthetic cost model; fuel unit-price benchmark from EPPO,True
T01273,L_CNX,LAST_MILE,V025,H_CNX,H_CNX,20250809_CNX,2025-08-09T08:30:00+07:00,2025-08-09T12:44:51+07:00,2025-08-09T08:30:00+07:00,,,2025-08-09T14:39:59+07:00,COMPLETED,20,1381.46,6.2074,56.0,51.731,51.731,2.141,6.873,FUEL202508,853.25,870.83,219.52,True,Synthetic cost model; fuel unit-price benchmark from EPPO,True
T01274,L_BKK,LAST_MILE,V029,H_BKK,H_BKK,20250809_BKK,2025-08-09T08:30:00+07:00,2025-08-09T13:05:37+07:00,2025-08-09T08:30:00+07:00,,,2025-08-09T13:11:48+07:00,COMPLETED,20,1383.06,6.1019,56.0,61.424,61.424,2.093,7.517,FUEL202508,853.25,907.47,240.09,True,Synthetic cost model; fuel unit-price benchmark from EPPO,True
T01275,L_RET,LAST_MILE,V041,H_RET,H_RET,20250809_RET,2025-08-09T08:30:00+07:00,2025-08-09T12:27:45+07:00,2025-08-09T08:30:00+07:00,,,2025-08-09T14:11:47+07:00,COMPLETED,18,1056.83,5.0181,52.4,50.472,50.472,1.943,6.039,FUEL202508,791.19,795.03,192.89,True,Synthetic cost model; fuel unit-price benchmark from EPPO,True
T01276,L_CNX,LAST_MILE,V027,H_CNX,H_CNX,20250809_CNX,2025-08-09T13:34:00+07:00,2025-08-09T17:58:35+07:00,2025-08-09T13:34:00+07:00,,,2025-08-09T19:17:55+07:00,COMPLETED,20,1462.29,6.191,56.0,56.277,56.277,1.859,7.08,FUEL202508,853.25,866.83,226.14,True,Synthetic cost model; fuel unit-price benchmark from EPPO,True
T01277,L_CNX,LAST_MILE,V028,H_CNX,H_CNX,20250809_CNX,2025-08-09T14:01:00+07:00,2025-08-09T15:02:53+07:00,2025-08-09T14:01:00+07:00,,,2025-08-09T16:32:03+07:00,COMPLETED,2,138.53,0.5857,23.6,22.164,22.164,0.71,2.864,FUEL202508,294.66,288.33,91.48,True,Synthetic cost model; fuel unit-price benchmark from EPPO,True
T01278,L_LPT,LAST_MILE,V044,H_LPT,H_LPT,20250809_LPT,2025-08-09T14:15:00+07:00,2025-08-09T15:06:49+07:00,2025-08-09T14:15:00+07:00,,,2025-08-09T16:03:52+07:00,COMPLETED,1,76.53,0.2565,21.8,20.828,20.828,0.677,2.387,FUEL202508,263.62,251.67,76.24,True,Synthetic cost model; fuel unit-price benchmark from EPPO,True
T01279,L_SSK,LAST_MILE,V035,H_SSK,H_SSK,20250809_SSK,2025-08-09T15:04:00+07:00,2025-08-09T19:03:57+07:00,2025-08-09T15:04:00+07:00,,,2025-08-09T19:42:40+07:00,COMPLETED,18,1265.44,5.4129,52.4,51.497,51.497,1.647,7.405,FUEL202508,791.19,820.0,236.52,True,Synthetic cost model; fuel unit-price benchmark from EPPO,True
T01280,L_CNX,LAST_MILE,V028,H_CNX,H_CNX,20250810_CNX,2025-08-10T08:30:00+07:00,2025-08-10T12:43:39+07:00,2025-08-10T08:30:00+07:00,,,2025-08-10T14:06:09+07:00,COMPLETED,20,1677.05,7.3212,56.0,51.177,51.177,1.76,7.263,FUEL202508,853.25,855.54,231.98,True,Synthetic cost model; fuel unit-price benchmark from EPPO,True
T01281,L_KKC,LAST_MILE,V032,H_KKC,H_KKC,20250810_KKC,2025-08-10T08:30:00+07:00,2025-08-10T12:42:47+07:00,2025-08-10T08:30:00+07:00,,,2025-08-10T14:16:00+07:00,COMPLETED,20,1403.55,6.3077,56.0,50.771,50.771,1.949,6.75,FUEL202508,853.25,851.55,215.59,True,Synthetic cost model; fuel unit-price benchmark from EPPO,True
T01282,L_CNX,LAST_MILE,V025,H_CNX,H_CNX,20250810_CNX,2025-08-10T14:35:00+07:00,2025-08-10T15:26:45+07:00,2025-08-10T14:35:00+07:00,,,2025-08-10T17:03:29+07:00,COMPLETED,1,42.07,0.216,21.8,20.793,20.793,0.784,2.432,FUEL202508,263.62,260.56,77.68,True,Synthetic cost model; fuel unit-price benchmark from EPPO,True
T01283,L_RET,LAST_MILE,V041,H_RET,H_RET,20250810_RET,2025-08-10T14:41:00+07:00,2025-08-10T15:31:44+07:00,2025-08-10T14:41:00+07:00,,,2025-08-10T17:02:11+07:00,COMPLETED,1,63.4,0.2928,21.8,20.316,20.316,0.817,2.314,FUEL202508,263.62,258.14,73.91,True,Synthetic cost model; fuel unit-price benchmark from EPPO,True
T01284,L_CNX,LAST_MILE,V027,H_CNX,H_CNX,20250810_CNX,2025-08-10T15:03:00+07:00,2025-08-10T19:26:43+07:00,2025-08-10T15:03:00+07:00,,,2025-08-10T20:56:27+07:00,COMPLETED,20,1448.71,6.4525,56.0,55.869,55.869,2.255,6.845,FUEL202508,853.25,886.22,218.63,True,Synthetic cost model; fuel unit-price benchmark from EPPO,True
T01285,L_CNX,LAST_MILE,V026,H_CNX,H_CNX,20250810_CNX,2025-08-10T15:09:00+07:00,2025-08-10T16:07:01+07:00,2025-08-10T15:09:00+07:00,,,2025-08-10T17:30:14+07:00,COMPLETED,1,44.49,0.1721,21.8,23.717,23.717,0.787,2.836,FUEL202508,263.62,279.49,90.58,True,Synthetic cost model; fuel unit-price benchmark from EPPO,True
T01286,L_NMA,LAST_MILE,V037,H_NMA,H_NMA,20250811_NMA,2025-08-11T08:30:00+07:00,2025-08-11T13:03:09+07:00,2025-08-11T08:30:00+07:00,,,2025-08-11T14:40:05+07:00,COMPLETED,20,1536.13,7.0712,56.0,60.272,60.272,2.293,7.614,FUEL202508,853.25,922.21,243.19,True,Synthetic cost model; fuel unit-price benchmark from EPPO,True
T01287,L_BKK,LAST_MILE,V030,H_BKK,H_BKK,20250811_BKK,2025-08-11T08:30:00+07:00,2025-08-11T12:56:02+07:00,2025-08-11T08:30:00+07:00,,,2025-08-11T14:12:02+07:00,COMPLETED,20,1488.42,6.0878,56.0,56.955,56.955,2.373,7.003,FUEL202508,853.25,901.68,223.68,True,Synthetic cost model; fuel unit-price benchmark from EPPO,True
T01288,L_RYG,LAST_MILE,V045,H_RYG,H_RYG,20250811_RYG,2025-08-11T08:30:00+07:00,2025-08-11T13:08:03+07:00,2025-08-11T08:30:00+07:00,,,2025-08-11T14:41:45+07:00,COMPLETED,20,1688.81,8.2329,56.0,62.564,62.564,2.318,8.197,FUEL202508,853.25,947.17,261.81,True,Synthetic cost model; fuel unit-price benchmark from EPPO,True
T01289,L_CNX,LAST_MILE,V028,H_CNX,H_CNX,20250811_CNX,2025-08-11T08:30:00+07:00,2025-08-11T09:36:00+07:00,2025-08-11T08:30:00+07:00,,,2025-08-11T10:04:27+07:00,COMPLETED,2,229.0,0.8348,23.6,24.086,24.086,0.975,2.933,FUEL202508,294.66,312.88,93.68,True,Synthetic cost model; fuel unit-price benchmark from EPPO,True
T01290,L_LPT,LAST_MILE,V043,H_LPT,H_LPT,20250811_LPT,2025-08-11T09:10:00+07:00,2025-08-11T13:20:31+07:00,2025-08-11T09:10:00+07:00,,,2025-08-11T14:39:25+07:00,COMPLETED,19,1310.5,5.7765,54.2,53.072,53.072,1.659,7.385,FUEL202508,822.22,839.74,235.88,True,Synthetic cost model; fuel unit-price benchmark from EPPO,True
T01291,L_CNX,LAST_MILE,V026,H_CNX,H_CNX,20250811_CNX,2025-08-11T09:17:00+07:00,2025-08-11T13:30:08+07:00,2025-08-11T09:17:00+07:00,,,2025-08-11T13:52:28+07:00,COMPLETED,20,1561.89,7.2446,56.0,50.93,50.93,1.74,6.569,FUEL202508,853.25,831.5,209.81,True,Synthetic cost model; fuel unit-price benchmark from EPPO,True
T01292,L_SSK,LAST_MILE,V036,H_SSK,H_SSK,20250811_SSK,2025-08-11T14:18:00+07:00,2025-08-11T18:55:18+07:00,2025-08-11T14:18:00+07:00,,,2025-08-11T19:32:01+07:00,COMPLETED,20,1457.85,5.877,56.0,62.209,62.209,2.309,8.256,FUEL202508,853.25,947.72,263.7,True,Synthetic cost model; fuel unit-price benchmark from EPPO,True
T01293,L_CNX,LAST_MILE,V027,H_CNX,H_CNX,20250811_CNX,2025-08-11T14:36:00+07:00,2025-08-11T16:08:18+07:00,2025-08-11T14:36:00+07:00,,,2025-08-11T16:53:46+07:00,COMPLETED,4,404.09,2.003,27.2,29.637,29.637,0.97,3.215,FUEL202508,356.72,365.43,102.69,True,Synthetic cost model; fuel unit-price benchmark from EPPO,True
T01294,L_KKC,LAST_MILE,V032,H_KKC,H_KKC,20250811_KKC,2025-08-11T14:46:00+07:00,2025-08-11T15:44:59+07:00,2025-08-11T14:46:00+07:00,,,2025-08-11T16:05:07+07:00,COMPLETED,1,80.36,0.3515,21.8,24.166,24.166,0.974,2.788,FUEL202508,263.62,291.96,89.05,True,Synthetic cost model; fuel unit-price benchmark from EPPO,True
T01295,L_BKK,LAST_MILE,V029,H_BKK,H_BKK,20250812_BKK,2025-08-12T08:30:00+07:00,2025-08-12T12:34:50+07:00,2025-08-12T08:30:00+07:00,,,2025-08-12T13:45:26+07:00,COMPLETED,19,1740.67,8.0281,54.2,50.422,50.422,1.815,6.452,FUEL202508,822.22,815.58,206.08,True,Synthetic cost model; fuel unit-price benchmark from EPPO,True
T01296,L_CNX,LAST_MILE,V028,H_CNX,H_CNX,20250812_CNX,2025-08-12T08:30:00+07:00,2025-08-12T12:39:04+07:00,2025-08-12T08:30:00+07:00,,,2025-08-12T13:53:55+07:00,COMPLETED,19,1244.51,4.9711,54.2,52.395,52.395,2.175,7.181,FUEL202508,822.22,868.0,229.36,True,Synthetic cost model; fuel unit-price benchmark from EPPO,True
T01297,L_KSN,LAST_MILE,V034,H_KSN,H_KSN,20250812_KSN,2025-08-12T08:30:00+07:00,2025-08-12T12:55:08+07:00,2025-08-12T08:30:00+07:00,,,2025-08-12T13:55:47+07:00,COMPLETED,20,1380.24,6.8204,56.0,56.529,56.529,2.08,7.316,FUEL202508,853.25,890.35,233.67,True,Synthetic cost model; fuel unit-price benchmark from EPPO,True
T01298,L_CNX,LAST_MILE,V026,H_CNX,H_CNX,20250812_CNX,2025-08-12T08:30:00+07:00,2025-08-12T09:37:50+07:00,2025-08-12T08:30:00+07:00,,,2025-08-12T11:13:57+07:00,COMPLETED,2,143.71,0.4872,23.6,24.936,24.936,1.032,3.004,FUEL202508,294.66,320.87,95.95,True,Synthetic cost model; fuel unit-price benchmark from EPPO,True
T01299,L_CNX,LAST_MILE,V027,H_CNX,H_CNX,20250812_CNX,2025-08-12T14:22:00+07:00,2025-08-12T15:22:55+07:00,2025-08-12T14:22:00+07:00,,,2025-08-12T16:14:57+07:00,COMPLETED,2,193.24,0.8587,23.6,21.714,21.714,0.883,2.416,FUEL202508,294.66,285.24,77.17,True,Synthetic cost model; fuel unit-price benchmark from EPPO,True
T01300,L_LPT,LAST_MILE,V044,H_LPT,H_LPT,20250812_LPT,2025-08-12T15:09:00+07:00,2025-08-12T16:19:15+07:00,2025-08-12T15:09:00+07:00,,,2025-08-12T16:35:07+07:00,COMPLETED,2,165.14,0.6608,23.6,26.065,26.065,0.821,3.084,FUEL202508,294.66,310.93,98.5,True,Synthetic cost model; fuel unit-price benchmark from EPPO,True
T01301,L_NMA,LAST_MILE,V038,H_NMA,H_NMA,20250812_NMA,2025-08-12T15:10:00+07:00,2025-08-12T16:22:44+07:00,2025-08-12T15:10:00+07:00,,,2025-08-12T18:00:46+07:00,COMPLETED,3,148.81,0.732,25.4,23.867,23.867,0.898,2.717,FUEL202508,325.69,316.55,86.78,True,Synthetic cost model; fuel unit-price benchmark from EPPO,True
T01302,L_RYG,LAST_MILE,V046,H_RYG,H_RYG,20250812_RYG,2025-08-12T15:11:00+07:00,2025-08-12T16:05:03+07:00,2025-08-12T15:11:00+07:00,,,2025-08-12T16:55:11+07:00,COMPLETED,1,122.27,0.604,21.8,21.866,21.866,0.909,2.485,FUEL202508,263.62,273.1,79.37,True,Synthetic cost model; fuel unit-price benchmark from EPPO,True
T01303,L_BKK,LAST_MILE,V030,H_BKK,H_BKK,20250813_BKK,2025-08-13T08:30:00+07:00,2025-08-13T12:19:11+07:00,2025-08-13T08:30:00+07:00,,,2025-08-13T13:14:59+07:00,COMPLETED,17,1039.66,4.38,50.6,49.834,49.834,1.735,6.159,FUEL202508,760.16,766.67,196.72,True,Synthetic cost model; fuel unit-price benchmark from EPPO,True
T01304,L_KKC,LAST_MILE,V032,H_KKC,H_KKC,20250813_KKC,2025-08-13T08:30:00+07:00,2025-08-13T12:40:18+07:00,2025-08-13T08:30:00+07:00,,,2025-08-13T14:32:16+07:00,COMPLETED,19,1278.01,6.0104,54.2,52.971,52.971,2.114,6.972,FUEL202508,822.22,858.19,222.69,True,Synthetic cost model; fuel unit-price benchmark from EPPO,True
T01305,L_SSK,LAST_MILE,V035,H_SSK,H_SSK,20250813_SSK,2025-08-13T08:30:00+07:00,2025-08-13T09:19:23+07:00,2025-08-13T08:30:00+07:00,,,2025-08-13T10:21:27+07:00,COMPLETED,1,28.32,0.1688,21.8,19.693,19.693,0.646,2.644,FUEL202508,263.62,255.46,84.45,True,Synthetic cost model; fuel unit-price benchmark from EPPO,True
T01306,L_CNX,LAST_MILE,V027,H_CNX,H_CNX,20250813_CNX,2025-08-13T10:33:00+07:00,2025-08-13T14:38:10+07:00,2025-08-13T10:33:00+07:00,,,2025-08-13T15:39:12+07:00,COMPLETED,19,1319.92,6.2588,54.2,50.577,50.577,1.798,6.29,FUEL202508,822.22,809.5,200.9,True,Synthetic cost model; fuel unit-price benchmark from EPPO,True
T01307,L_BKK,LAST_MILE,V029,H_BKK,H_BKK,20250813_BKK,2025-08-13T14:15:00+07:00,2025-08-13T15:10:11+07:00,2025-08-13T14:15:00+07:00,,,2025-08-13T16:45:58+07:00,COMPLETED,1,156.81,0.7346,21.8,22.396,22.396,0.72,2.599,FUEL202508,263.62,264.63,83.01,True,Synthetic cost model; fuel unit-price benchmark from EPPO,True
T01308,L_CNX,LAST_MILE,V026,H_CNX,H_CNX,20250813_CNX,2025-08-13T14:23:00+07:00,2025-08-13T15:12:51+07:00,2025-08-13T14:23:00+07:00,,,2025-08-13T16:23:22+07:00,COMPLETED,1,53.26,0.2148,21.8,19.905,19.905,0.633,2.443,FUEL202508,263.62,248.52,78.03,True,Synthetic cost model; fuel unit-price benchmark from EPPO,True
T01309,L_KSN,LAST_MILE,V034,H_KSN,H_KSN,20250813_KSN,2025-08-13T14:25:00+07:00,2025-08-13T15:16:20+07:00,2025-08-13T14:25:00+07:00,,,2025-08-13T15:39:03+07:00,COMPLETED,1,46.2,0.181,21.8,20.603,20.603,0.758,2.312,FUEL202508,263.62,254.5,73.85,True,Synthetic cost model; fuel unit-price benchmark from EPPO,True
T01310,L_CNX,LAST_MILE,V025,H_CNX,H_CNX,20250813_CNX,2025-08-13T14:33:00+07:00,2025-08-13T19:10:35+07:00,2025-08-13T14:33:00+07:00,,,2025-08-13T20:00:51+07:00,COMPLETED,20,1456.64,7.1317,56.0,62.34,62.34,2.269,8.333,FUEL202508,853.25,947.7,266.16,True,Synthetic cost model; fuel unit-price benchmark from EPPO,True
T01311,L_RYG,LAST_MILE,V046,H_RYG,H_RYG,20250814_RYG,2025-08-14T08:30:00+07:00,2025-08-14T12:49:02+07:00,2025-08-14T08:30:00+07:00,,,2025-08-14T13:32:10+07:00,COMPLETED,19,1282.63,5.867,54.2,57.048,57.048,1.878,7.081,FUEL202508,822.22,853.31,226.17,True,Synthetic cost model; fuel unit-price benchmark from EPPO,True
T01312,L_CNX,LAST_MILE,V027,H_CNX,H_CNX,20250814_CNX,2025-08-14T08:30:00+07:00,2025-08-14T12:58:23+07:00,2025-08-14T08:30:00+07:00,,,2025-08-14T14:29:49+07:00,COMPLETED,20,1390.92,5.8362,56.0,58.052,58.052,2.211,7.08,FUEL202508,853.25,895.04,226.14,True,Synthetic cost model; fuel unit-price benchmark from EPPO,True
T01313,L_RYG,LAST_MILE,V045,H_RYG,H_RYG,20250814_RYG,2025-08-14T08:30:00+07:00,2025-08-14T12:33:53+07:00,2025-08-14T08:30:00+07:00,,,2025-08-14T13:55:46+07:00,COMPLETED,18,1593.55,7.2073,52.4,53.339,53.339,2.126,7.112,FUEL202508,791.19,847.89,227.16,True,Synthetic cost model; fuel unit-price benchmark from EPPO,True
T01314,L_SSK,LAST_MILE,V036,H_SSK,H_SSK,20250814_SSK,2025-08-14T08:30:00+07:00,2025-08-14T12:53:46+07:00,2025-08-14T08:30:00+07:00,,,2025-08-14T13:12:57+07:00,COMPLETED,19,1691.42,7.4991,54.2,59.258,59.258,2.091,8.221,FUEL202508,822.22,909.09,262.58,True,Synthetic cost model; fuel unit-price benchmark from EPPO,True
T01315,L_NMA,LAST_MILE,V037,H_NMA,H_NMA,20250814_NMA,2025-08-14T08:30:00+07:00,2025-08-14T12:55:35+07:00,2025-08-14T08:30:00+07:00,,,2025-08-14T13:46:50+07:00,COMPLETED,19,1613.22,7.5978,54.2,60.101,60.101,2.247,7.836,FUEL202508,822.22,909.34,250.28,True,Synthetic cost model; fuel unit-price benchmark from EPPO,True
T01316,L_BKK,LAST_MILE,V030,H_BKK,H_BKK,20250814_BKK,2025-08-14T13:44:00+07:00,2025-08-14T14:41:34+07:00,2025-08-14T13:44:00+07:00,,,2025-08-14T15:02:48+07:00,COMPLETED,1,51.85,0.2112,21.8,23.512,23.512,0.755,2.59,FUEL202508,263.62,268.97,82.72,True,Synthetic cost model; fuel unit-price benchmark from EPPO,True
T01317,L_CNX,LAST_MILE,V028,H_CNX,H_CNX,20250815_CNX,2025-08-15T08:30:00+07:00,2025-08-15T12:36:38+07:00,2025-08-15T08:30:00+07:00,,,2025-08-15T13:30:25+07:00,COMPLETED,19,1419.84,6.5477,54.2,51.257,51.257,1.837,7.499,FUEL202508,822.22,852.24,239.52,True,Synthetic cost model; fuel unit-price benchmark from EPPO,True
T01318,L_SSK,LAST_MILE,V035,H_SSK,H_SSK,20250815_SSK,2025-08-15T08:30:00+07:00,2025-08-15T12:43:58+07:00,2025-08-15T08:30:00+07:00,,,2025-08-15T13:44:35+07:00,COMPLETED,20,1336.03,5.7094,56.0,51.318,51.318,1.623,7.421,FUEL202508,853.25,851.27,237.03,True,Synthetic cost model; fuel unit-price benchmark from EPPO,True
T01319,L_BKK,LAST_MILE,V030,H_BKK,H_BKK,20250815_BKK,2025-08-15T08:30:00+07:00,2025-08-15T13:00:12+07:00,2025-08-15T08:30:00+07:00,,,2025-08-15T14:00:58+07:00,COMPLETED,20,1447.12,6.4944,56.0,58.897,58.897,2.023,7.038,FUEL202508,853.25,882.22,224.79,True,Synthetic cost model; fuel unit-price benchmark from EPPO,True
T01320,L_RET,LAST_MILE,V041,H_RET,H_RET,20250815_RET,2025-08-15T08:30:00+07:00,2025-08-15T12:56:07+07:00,2025-08-15T08:30:00+07:00,,,2025-08-15T14:05:29+07:00,COMPLETED,19,1298.28,5.9045,54.2,60.354,60.354,2.488,7.549,FUEL202508,822.22,917.58,241.12,True,Synthetic cost model; fuel unit-price benchmark from EPPO,True
T01321,L_CNX,LAST_MILE,V026,H_CNX,H_CNX,20250815_CNX,2025-08-15T08:30:00+07:00,2025-08-15T09:47:20+07:00,2025-08-15T08:30:00+07:00,,,2025-08-15T10:40:32+07:00,COMPLETED,3,316.89,1.52,25.4,26.009,26.009,1.01,3.34,FUEL202508,325.69,348.59,106.68,True,Synthetic cost model; fuel unit-price benchmark from EPPO,True
T01322,L_SSK,LAST_MILE,V036,H_SSK,H_SSK,20250815_SSK,2025-08-15T13:42:00+07:00,2025-08-15T14:47:34+07:00,2025-08-15T13:42:00+07:00,,,2025-08-15T15:59:07+07:00,COMPLETED,2,304.36,1.0611,23.6,23.885,23.885,0.89,3.021,FUEL202508,294.66,309.39,96.49,True,Synthetic cost model; fuel unit-price benchmark from EPPO,True
T01323,L_RYG,LAST_MILE,V045,H_RYG,H_RYG,20250815_RYG,2025-08-15T14:02:00+07:00,2025-08-15T15:14:21+07:00,2025-08-15T14:02:00+07:00,,,2025-08-15T15:37:59+07:00,COMPLETED,3,153.5,0.7104,25.4,23.691,23.691,0.932,2.785,FUEL202508,325.69,320.79,88.95,True,Synthetic cost model; fuel unit-price benchmark from EPPO,True
T01324,L_RYG,LAST_MILE,V046,H_RYG,H_RYG,20250815_RYG,2025-08-15T14:25:00+07:00,2025-08-15T15:24:13+07:00,2025-08-15T14:25:00+07:00,,,2025-08-15T15:57:43+07:00,COMPLETED,1,71.01,0.3354,21.8,24.277,24.277,0.964,2.708,FUEL202508,263.62,288.91,86.49,True,Synthetic cost model; fuel unit-price benchmark from EPPO,True
T01325,L_CNX,LAST_MILE,V027,H_CNX,H_CNX,20250815_CNX,2025-08-15T14:59:00+07:00,2025-08-15T15:48:35+07:00,2025-08-15T14:59:00+07:00,,,2025-08-15T16:51:42+07:00,COMPLETED,1,66.57,0.2815,21.8,19.779,19.779,0.703,2.295,FUEL202508,263.62,248.47,73.3,True,Synthetic cost model; fuel unit-price benchmark from EPPO,True
T01326,L_CNX,LAST_MILE,V027,H_CNX,H_CNX,20250816_CNX,2025-08-16T08:30:00+07:00,2025-08-16T12:56:46+07:00,2025-08-16T08:30:00+07:00,,,2025-08-16T13:55:35+07:00,COMPLETED,20,1418.28,6.485,56.0,57.296,57.296,2.164,7.372,FUEL202508,853.25,899.56,235.46,True,Synthetic cost model; fuel unit-price benchmark from EPPO,True
T01327,L_KSN,LAST_MILE,V034,H_KSN,H_KSN,20250816_KSN,2025-08-16T08:30:00+07:00,2025-08-16T12:32:19+07:00,2025-08-16T08:30:00+07:00,,,2025-08-16T13:21:38+07:00,COMPLETED,18,1131.55,4.7823,52.4,52.607,52.607,1.851,6.508,FUEL202508,791.19,807.87,207.87,True,Synthetic cost model; fuel unit-price benchmark from EPPO,True
T01328,L_BKK,LAST_MILE,V030,H_BKK,H_BKK,20250816_BKK,2025-08-16T08:30:00+07:00,2025-08-16T12:56:07+07:00,2025-08-16T08:30:00+07:00,,,2025-08-16T13:45:59+07:00,COMPLETED,19,1652.39,7.5884,54.2,60.349,60.349,1.976,7.834,FUEL202508,822.22,890.83,250.22,True,Synthetic cost model; fuel unit-price benchmark from EPPO,True
T01329,L_NMA,LAST_MILE,V038,H_NMA,H_NMA,20250816_NMA,2025-08-16T08:30:00+07:00,2025-08-16T12:42:51+07:00,2025-08-16T08:30:00+07:00,,,2025-08-16T13:04:25+07:00,COMPLETED,19,1130.54,5.2362,54.2,54.158,54.158,1.967,6.217,FUEL202508,822.22,826.2,198.57,True,Synthetic cost model; fuel unit-price benchmark from EPPO,True
T01330,L_CNX,LAST_MILE,V026,H_CNX,H_CNX,20250816_CNX,2025-08-16T14:00:00+07:00,2025-08-16T15:10:38+07:00,2025-08-16T14:00:00+07:00,,,2025-08-16T16:02:06+07:00,COMPLETED,2,195.18,0.8761,23.6,26.248,26.248,1.072,3.341,FUEL202508,294.66,337.01,106.71,True,Synthetic cost model; fuel unit-price benchmark from EPPO,True
T01331,L_BKK,LAST_MILE,V029,H_BKK,H_BKK,20250816_BKK,2025-08-16T14:30:00+07:00,2025-08-16T16:01:38+07:00,2025-08-16T14:30:00+07:00,,,2025-08-16T17:21:27+07:00,COMPLETED,4,175.87,0.8705,27.2,29.323,29.323,1.22,3.408,FUEL202508,356.72,388.5,108.85,True,Synthetic cost model; fuel unit-price benchmark from EPPO,True
T01332,L_RET,LAST_MILE,V042,H_RET,H_RET,20250816_RET,2025-08-16T14:35:00+07:00,2025-08-16T15:32:18+07:00,2025-08-16T14:35:00+07:00,,,2025-08-16T17:11:14+07:00,COMPLETED,1,73.36,0.4183,21.8,23.386,23.386,0.816,2.739,FUEL202508,263.62,277.77,87.48,True,Synthetic cost model; fuel unit-price benchmark from EPPO,True
T01333,L_KSN,LAST_MILE,V034,H_KSN,H_KSN,20250817_KSN,2025-08-17T08:30:00+07:00,2025-08-17T12:51:30+07:00,2025-08-17T08:30:00+07:00,,,2025-08-17T13:58:01+07:00,COMPLETED,20,1416.02,6.2273,56.0,54.841,54.841,1.716,6.94,FUEL202508,853.25,849.48,221.66,True,Synthetic cost model; fuel unit-price benchmark from EPPO,True
T01334,L_CNX,LAST_MILE,V028,H_CNX,H_CNX,20250817_CNX,2025-08-17T08:30:00+07:00,2025-08-17T12:51:44+07:00,2025-08-17T08:30:00+07:00,,,2025-08-17T13:16:49+07:00,COMPLETED,19,1787.33,7.64,54.2,58.305,58.305,1.884,8.222,FUEL202508,822.22,892.71,262.61,True,Synthetic cost model; fuel unit-price benchmark from EPPO,True
T01335,L_KKC,LAST_MILE,V032,H_KKC,H_KKC,20250817_KKC,2025-08-17T08:30:00+07:00,2025-08-17T12:55:03+07:00,2025-08-17T08:30:00+07:00,,,2025-08-17T14:22:35+07:00,COMPLETED,20,1422.97,6.3507,56.0,56.496,56.496,2.258,7.146,FUEL202508,853.25,897.32,228.24,True,Synthetic cost model; fuel unit-price benchmark from EPPO,True
T01336,L_KSN,LAST_MILE,V033,H_KSN,H_KSN,20250817_KSN,2025-08-17T08:30:00+07:00,2025-08-17T12:35:23+07:00,2025-08-17T08:30:00+07:00,,,2025-08-17T14:16:30+07:00,COMPLETED,19,1331.8,6.3273,54.2,50.676,50.676,2.078,6.684,FUEL202508,822.22,841.91,213.49,True,Synthetic cost model; fuel unit-price benchmark from EPPO,True
T01337,L_BKK,LAST_MILE,V030,H_BKK,H_BKK,20250817_BKK,2025-08-17T09:38:00+07:00,2025-08-17T13:48:23+07:00,2025-08-17T09:38:00+07:00,,,2025-08-17T14:45:19+07:00,COMPLETED,19,1347.71,5.9946,54.2,53.011,53.011,1.748,6.615,FUEL202508,822.22,821.26,211.28,True,Synthetic cost model; fuel unit-price benchmark from EPPO,True
T01338,L_BKK,LAST_MILE,V029,H_BKK,H_BKK,20250817_BKK,2025-08-17T14:15:00+07:00,2025-08-17T15:15:44+07:00,2025-08-17T14:15:00+07:00,,,2025-08-17T15:51:39+07:00,COMPLETED,2,259.97,1.4321,23.6,21.624,21.624,0.752,2.492,FUEL202508,294.66,278.28,79.59,True,Synthetic cost model; fuel unit-price benchmark from EPPO,True
T01339,L_CNX,LAST_MILE,V027,H_CNX,H_CNX,20250817_CNX,2025-08-17T14:25:00+07:00,2025-08-17T15:35:52+07:00,2025-08-17T14:25:00+07:00,,,2025-08-17T16:22:21+07:00,COMPLETED,3,183.53,0.8727,25.4,22.997,22.997,0.798,2.517,FUEL202508,325.69,301.42,80.39,True,Synthetic cost model; fuel unit-price benchmark from EPPO,True
T01340,L_CNX,LAST_MILE,V025,H_CNX,H_CNX,20250818_CNX,2025-08-18T13:46:00+07:00,2025-08-18T14:37:54+07:00,2025-08-18T13:46:00+07:00,,,2025-08-18T15:57:38+07:00,COMPLETED,1,33.53,0.1943,21.8,20.861,20.861,0.69,2.439,FUEL202508,263.62,254.3,77.9,True,Synthetic cost model; fuel unit-price benchmark from EPPO,True
T01341,L_KSN,LAST_MILE,V033,H_KSN,H_KSN,20250818_KSN,2025-08-18T14:28:00+07:00,2025-08-18T15:25:29+07:00,2025-08-18T14:28:00+07:00,,,2025-08-18T16:16:41+07:00,COMPLETED,1,135.4,0.5632,21.8,23.467,23.467,0.783,2.897,FUEL202508,263.62,280.69,92.53,True,Synthetic cost model; fuel unit-price benchmark from EPPO,True
T01342,L_KSN,LAST_MILE,V034,H_KSN,H_KSN,20250818_KSN,2025-08-18T14:46:00+07:00,2025-08-18T16:20:03+07:00,2025-08-18T14:46:00+07:00,,,2025-08-18T17:16:44+07:00,COMPLETED,4,216.44,1.0848,27.2,30.452,30.452,1.219,3.604,FUEL202508,356.72,396.95,115.11,True,Synthetic cost model; fuel unit-price benchmark from EPPO,True
T01343,L_BKK,LAST_MILE,V029,H_BKK,H_BKK,20250818_BKK,2025-08-18T15:15:00+07:00,2025-08-18T16:12:49+07:00,2025-08-18T15:15:00+07:00,,,2025-08-18T17:25:54+07:00,COMPLETED,1,116.92,0.396,21.8,23.627,23.627,0.806,2.666,FUEL202508,263.62,275.22,85.15,True,Synthetic cost model; fuel unit-price benchmark from EPPO,True
T01344,L_UTH,LAST_MILE,V039,H_UTH,H_UTH,20250819_UTH,2025-08-19T08:30:00+07:00,2025-08-19T13:02:20+07:00,2025-08-19T08:30:00+07:00,,,2025-08-19T13:48:55+07:00,COMPLETED,20,1678.03,7.9713,56.0,59.889,59.889,2.343,8.121,FUEL202508,853.25,941.17,259.38,True,Synthetic cost model; fuel unit-price benchmark from EPPO,True
T01345,L_NMA,LAST_MILE,V038,H_NMA,H_NMA,20250819_NMA,2025-08-19T08:30:00+07:00,2025-08-19T12:45:27+07:00,2025-08-19T08:30:00+07:00,,,2025-08-19T14:15:58+07:00,COMPLETED,19,1120.06,5.2439,54.2,55.374,55.374,1.794,6.964,FUEL202508,822.22,840.36,222.43,True,Synthetic cost model; fuel unit-price benchmark from EPPO,True
T01346,L_CNX,LAST_MILE,V027,H_CNX,H_CNX,20250819_CNX,2025-08-19T08:30:00+07:00,2025-08-19T12:34:05+07:00,2025-08-19T08:30:00+07:00,,,2025-08-19T13:07:36+07:00,COMPLETED,19,1384.92,6.3255,54.2,50.073,50.073,1.626,6.01,FUEL202508,822.22,787.55,191.96,True,Synthetic cost model; fuel unit-price benchmark from EPPO,True
T01347,L_BKK,LAST_MILE,V030,H_BKK,H_BKK,20250819_BKK,2025-08-19T08:30:00+07:00,2025-08-19T12:42:29+07:00,2025-08-19T08:30:00+07:00,,,2025-08-19T13:30:39+07:00,COMPLETED,20,1347.75,6.3425,56.0,50.632,50.632,1.797,6.002,FUEL202508,853.25,816.75,191.7,True,Synthetic cost model; fuel unit-price benchmark from EPPO,True
T01348,L_CNX,LAST_MILE,V026,H_CNX,H_CNX,20250819_CNX,2025-08-19T13:35:00+07:00,2025-08-19T17:49:55+07:00,2025-08-19T13:35:00+07:00,,,2025-08-19T19:02:18+07:00,COMPLETED,19,1364.91,5.9264,54.2,55.127,55.127,2.256,7.178,FUEL202508,822.22,879.05,229.27,True,Synthetic cost model; fuel unit-price benchmark from EPPO,True
T01349,L_CNX,LAST_MILE,V025,H_CNX,H_CNX,20250820_CNX,2025-08-20T08:30:00+07:00,2025-08-20T12:45:01+07:00,2025-08-20T08:30:00+07:00,,,2025-08-20T13:22:16+07:00,COMPLETED,19,1210.57,5.3629,54.2,55.168,55.168,2.075,6.768,FUEL202508,822.22,853.36,216.17,True,Synthetic cost model; fuel unit-price benchmark from EPPO,True
T01350,L_CNX,LAST_MILE,V028,H_CNX,H_CNX,20250820_CNX,2025-08-20T08:30:00+07:00,2025-08-20T12:41:31+07:00,2025-08-20T08:30:00+07:00,,,2025-08-20T13:26:22+07:00,COMPLETED,19,1386.32,6.2195,54.2,53.537,53.537,2.184,7.124,FUEL202508,822.22,869.12,227.54,True,Synthetic cost model; fuel unit-price benchmark from EPPO,True
T01351,L_CNX,LAST_MILE,V026,H_CNX,H_CNX,20250820_CNX,2025-08-20T13:37:00+07:00,2025-08-20T14:40:43+07:00,2025-08-20T13:37:00+07:00,,,2025-08-20T15:43:29+07:00,COMPLETED,2,111.23,0.5137,23.6,23.02,23.02,0.768,2.656,FUEL202508,294.66,287.46,84.83,True,Synthetic cost model; fuel unit-price benchmark from EPPO,True
T01352,L_UTH,LAST_MILE,V040,H_UTH,H_UTH,20250820_UTH,2025-08-20T14:18:00+07:00,2025-08-20T15:13:58+07:00,2025-08-20T14:18:00+07:00,,,2025-08-20T16:40:20+07:00,COMPLETED,1,66.53,0.2524,21.8,22.764,22.764,0.871,2.65,FUEL202508,263.62,277.52,84.64,True,Synthetic cost model; fuel unit-price benchmark from EPPO,True
T01353,L_NMA,LAST_MILE,V037,H_NMA,H_NMA,20250820_NMA,2025-08-20T14:45:00+07:00,2025-08-20T15:42:39+07:00,2025-08-20T14:45:00+07:00,,,2025-08-20T15:58:54+07:00,COMPLETED,1,13.51,0.05,21.8,23.548,23.548,0.876,2.675,FUEL202508,263.62,280.22,85.44,True,Synthetic cost model; fuel unit-price benchmark from EPPO,True
T01354,L_CNX,LAST_MILE,V026,H_CNX,H_CNX,20250821_CNX,2025-08-21T08:30:00+07:00,2025-08-21T13:00:49+07:00,2025-08-21T08:30:00+07:00,,,2025-08-21T13:32:19+07:00,COMPLETED,20,1163.98,5.0404,56.0,59.187,59.187,2.151,7.584,FUEL202508,853.25,909.19,242.23,True,Synthetic cost model; fuel unit-price benchmark from EPPO,True
T01355,L_BKK,LAST_MILE,V030,H_BKK,H_BKK,20250821_BKK,2025-08-21T08:30:00+07:00,2025-08-21T12:55:46+07:00,2025-08-21T08:30:00+07:00,,,2025-08-21T14:01:46+07:00,COMPLETED,19,1104.3,5.0553,54.2,60.19,60.19,2.163,7.477,FUEL202508,822.22,892.23,238.82,True,Synthetic cost model; fuel unit-price benchmark from EPPO,True
T01356,L_CNX,LAST_MILE,V028,H_CNX,H_CNX,20250821_CNX,2025-08-21T08:30:00+07:00,2025-08-21T12:55:03+07:00,2025-08-21T08:30:00+07:00,,,2025-08-21T13:35:24+07:00,COMPLETED,20,1298.81,5.9929,56.0,56.49,56.49,1.795,7.656,FUEL202508,853.25,881.16,244.53,True,Synthetic cost model; fuel unit-price benchmark from EPPO,True
T01357,L_RET,LAST_MILE,V042,H_RET,H_RET,20250821_RET,2025-08-21T08:30:00+07:00,2025-08-21T12:49:54+07:00,2025-08-21T08:30:00+07:00,,,2025-08-21T14:17:52+07:00,COMPLETED,20,1268.2,6.2082,56.0,54.093,54.093,1.793,6.765,FUEL202508,853.25,847.75,216.07,True,Synthetic cost model; fuel unit-price benchmark from EPPO,True
T01358,L_CNX,LAST_MILE,V027,H_CNX,H_CNX,20250821_CNX,2025-08-21T08:30:00+07:00,2025-08-21T09:41:39+07:00,2025-08-21T08:30:00+07:00,,,2025-08-21T10:05:06+07:00,COMPLETED,3,253.7,1.0513,25.4,23.362,23.362,0.789,2.571,FUEL202508,325.69,303.31,82.12,True,Synthetic cost model; fuel unit-price benchmark from EPPO,True
T01359,L_CNX,LAST_MILE,V025,H_CNX,H_CNX,20250821_CNX,2025-08-21T13:56:00+07:00,2025-08-21T14:47:52+07:00,2025-08-21T13:56:00+07:00,,,2025-08-21T14:56:51+07:00,COMPLETED,1,56.29,0.2333,21.8,20.852,20.852,0.691,2.404,FUEL202508,263.62,253.28,76.78,True,Synthetic cost model; fuel unit-price benchmark from EPPO,True
T01360,L_RET,LAST_MILE,V041,H_RET,H_RET,20250821_RET,2025-08-21T15:12:00+07:00,2025-08-21T19:26:36+07:00,2025-08-21T15:12:00+07:00,,,2025-08-21T20:49:50+07:00,COMPLETED,20,1527.71,6.8778,56.0,51.62,51.62,1.657,6.413,FUEL202508,853.25,822.03,204.83,True,Synthetic cost model; fuel unit-price benchmark from EPPO,True
T01361,L_NMA,LAST_MILE,V037,H_NMA,H_NMA,20250822_NMA,2025-08-22T08:30:00+07:00,2025-08-22T12:39:20+07:00,2025-08-22T08:30:00+07:00,,,2025-08-22T13:56:19+07:00,COMPLETED,19,1590.64,7.4197,54.2,52.522,52.522,2.167,7.015,FUEL202508,822.22,862.41,224.06,True,Synthetic cost model; fuel unit-price benchmark from EPPO,True
T01362,L_NMA,LAST_MILE,V038,H_NMA,H_NMA,20250822_NMA,2025-08-22T08:30:00+07:00,2025-08-22T12:38:26+07:00,2025-08-22T08:30:00+07:00,,,2025-08-22T13:36:27+07:00,COMPLETED,19,982.11,4.2414,54.2,52.101,52.101,2.052,6.482,FUEL202508,822.22,836.48,207.04,True,Synthetic cost model; fuel unit-price benchmark from EPPO,True
T01363,L_UTH,LAST_MILE,V040,H_UTH,H_UTH,20250822_UTH,2025-08-22T08:30:00+07:00,2025-08-22T12:47:43+07:00,2025-08-22T08:30:00+07:00,,,2025-08-22T13:03:24+07:00,COMPLETED,20,1056.95,4.7621,56.0,53.069,53.069,1.881,6.39,FUEL202508,853.25,839.93,204.1,True,Synthetic cost model; fuel unit-price benchmark from EPPO,True
T01364,L_RYG,LAST_MILE,V046,H_RYG,H_RYG,20250822_RYG,2025-08-22T09:25:00+07:00,2025-08-22T14:01:07+07:00,2025-08-22T09:25:00+07:00,,,2025-08-22T15:37:31+07:00,COMPLETED,20,1157.72,5.1647,56.0,61.657,61.657,2.268,7.578,FUEL202508,853.25,922.1,242.04,True,Synthetic cost model; fuel unit-price benchmark from EPPO,True
T01365,L_CNX,LAST_MILE,V028,H_CNX,H_CNX,20250822_CNX,2025-08-22T14:05:00+07:00,2025-08-22T15:14:59+07:00,2025-08-22T14:05:00+07:00,,,2025-08-22T15:58:27+07:00,COMPLETED,2,165.83,0.7289,23.6,25.94,25.94,0.851,3.359,FUEL202508,294.66,321.55,107.29,True,Synthetic cost model; fuel unit-price benchmark from EPPO,True
T01366,L_BKK,LAST_MILE,V029,H_BKK,H_BKK,20250822_BKK,2025-08-22T14:31:00+07:00,2025-08-22T15:36:12+07:00,2025-08-22T14:31:00+07:00,,,2025-08-22T16:30:05+07:00,COMPLETED,2,71.92,0.4115,23.6,23.712,23.712,0.77,2.667,FUEL202508,294.66,289.27,85.18,True,Synthetic cost model; fuel unit-price benchmark from EPPO,True
T01367,L_KKC,LAST_MILE,V032,H_KKC,H_KKC,20250823_KKC,2025-08-23T08:30:00+07:00,2025-08-23T13:06:16+07:00,2025-08-23T08:30:00+07:00,,,2025-08-23T13:35:05+07:00,COMPLETED,20,1626.75,6.9828,56.0,61.732,61.732,2.179,8.022,FUEL202508,853.25,930.23,256.22,True,Synthetic cost model; fuel unit-price benchmark from EPPO,True
T01368,L_RET,LAST_MILE,V041,H_RET,H_RET,20250823_RET,2025-08-23T08:30:00+07:00,2025-08-23T12:43:41+07:00,2025-08-23T08:30:00+07:00,,,2025-08-23T13:36:40+07:00,COMPLETED,20,1341.06,5.9694,56.0,51.188,51.188,1.828,6.425,FUEL202508,853.25,833.56,205.21,True,Synthetic cost model; fuel unit-price benchmark from EPPO,True
T01369,L_RET,LAST_MILE,V042,H_RET,H_RET,20250823_RET,2025-08-23T08:30:00+07:00,2025-08-23T09:24:23+07:00,2025-08-23T08:30:00+07:00,,,2025-08-23T10:15:52+07:00,COMPLETED,1,47.66,0.1625,21.8,22.022,22.022,0.831,2.575,FUEL202508,263.62,270.83,82.25,True,Synthetic cost model; fuel unit-price benchmark from EPPO,True
T01370,L_UTH,LAST_MILE,V040,H_UTH,H_UTH,20250823_UTH,2025-08-23T13:33:00+07:00,2025-08-23T14:30:15+07:00,2025-08-23T13:33:00+07:00,,,2025-08-23T15:19:39+07:00,COMPLETED,1,98.78,0.5363,21.8,23.364,23.364,0.92,2.617,FUEL202508,263.62,281.14,83.59,True,Synthetic cost model; fuel unit-price benchmark from EPPO,True
T01371,L_NMA,LAST_MILE,V037,H_NMA,H_NMA,20250823_NMA,2025-08-23T14:06:00+07:00,2025-08-23T15:00:48+07:00,2025-08-23T14:06:00+07:00,,,2025-08-23T16:35:41+07:00,COMPLETED,1,42.34,0.2023,21.8,22.214,22.214,0.811,2.567,FUEL202508,263.62,269.61,81.99,True,Synthetic cost model; fuel unit-price benchmark from EPPO,True
T01372,L_NMA,LAST_MILE,V038,H_NMA,H_NMA,20250823_NMA,2025-08-23T14:26:00+07:00,2025-08-23T15:26:46+07:00,2025-08-23T14:26:00+07:00,,,2025-08-23T16:19:56+07:00,COMPLETED,2,62.81,0.2935,23.6,21.642,21.642,0.711,2.448,FUEL202508,294.66,274.04,78.19,True,Synthetic cost model; fuel unit-price benchmark from EPPO,True
T01373,L_CNX,LAST_MILE,V027,H_CNX,H_CNX,20250824_CNX,2025-08-24T08:30:00+07:00,2025-08-24T12:52:50+07:00,2025-08-24T08:30:00+07:00,,,2025-08-24T13:53:37+07:00,COMPLETED,20,1242.54,5.3426,56.0,55.463,55.463,1.79,6.856,FUEL202508,853.25,853.2,218.98,True,Synthetic cost model; fuel unit-price benchmark from EPPO,True
T01374,L_CNX,LAST_MILE,V025,H_CNX,H_CNX,20250824_CNX,2025-08-24T08:30:00+07:00,2025-08-24T12:41:15+07:00,2025-08-24T08:30:00+07:00,,,2025-08-24T14:09:10+07:00,COMPLETED,18,1576.15,7.523,52.4,56.772,56.772,2.278,7.663,FUEL202508,791.19,882.93,244.76,True,Synthetic cost model; fuel unit-price benchmark from EPPO,True
T01375,L_CNX,LAST_MILE,V026,H_CNX,H_CNX,20250824_CNX,2025-08-24T08:30:00+07:00,2025-08-24T12:55:07+07:00,2025-08-24T08:30:00+07:00,,,2025-08-24T14:28:59+07:00,COMPLETED,20,1520.44,6.0424,56.0,56.524,56.524,2.097,7.763,FUEL202508,853.25,905.77,247.95,True,Synthetic cost model; fuel unit-price benchmark from EPPO,True
T01376,L_KKC,LAST_MILE,V032,H_KKC,H_KKC,20250824_KKC,2025-08-24T08:30:00+07:00,2025-08-24T13:06:00+07:00,2025-08-24T08:30:00+07:00,,,2025-08-24T14:25:02+07:00,COMPLETED,20,1465.61,6.5073,56.0,61.607,61.607,2.016,8.231,FUEL202508,853.25,925.22,262.9,True,Synthetic cost model; fuel unit-price benchmark from EPPO,True
T01377,L_KKC,LAST_MILE,V031,H_KKC,H_KKC,20250824_KKC,2025-08-24T08:30:00+07:00,2025-08-24T12:33:25+07:00,2025-08-24T08:30:00+07:00,,,2025-08-24T14:16:16+07:00,COMPLETED,19,1372.73,6.181,54.2,49.756,49.756,1.8,6.624,FUEL202508,822.22,818.7,211.57,True,Synthetic cost model; fuel unit-price benchmark from EPPO,True
T01378,L_BKK,LAST_MILE,V030,H_BKK,H_BKK,20250824_BKK,2025-08-24T08:30:00+07:00,2025-08-24T13:06:59+07:00,2025-08-24T08:30:00+07:00,,,2025-08-24T14:19:42+07:00,COMPLETED,20,1517.02,6.9661,56.0,62.065,62.065,2.036,7.968,FUEL202508,853.25,919.17,254.5,True,Synthetic cost model; fuel unit-price benchmark from EPPO,True
T01379,L_CNX,LAST_MILE,V028,H_CNX,H_CNX,20250824_CNX,2025-08-24T12:18:00+07:00,2025-08-24T16:40:22+07:00,2025-08-24T12:18:00+07:00,,,2025-08-24T17:58:47+07:00,COMPLETED,19,1439.89,5.9956,54.2,58.6,58.6,2.033,8.367,FUEL202508,822.22,908.36,267.24,True,Synthetic cost model; fuel unit-price benchmark from EPPO,True
T01380,L_KKC,LAST_MILE,V031,H_KKC,H_KKC,20250824_KKC,2025-08-24T14:05:00+07:00,2025-08-24T15:25:49+07:00,2025-08-25T08:30:00+07:00,,,2025-08-25T10:57:45+07:00,COMPLETED,3,169.24,0.7412,25.4,27.635,27.635,0.871,3.355,FUEL202508,325.69,342.58,107.16,True,Synthetic cost model; fuel unit-price benchmark from EPPO,True
T01381,L_RET,LAST_MILE,V042,H_RET,H_RET,20250824_RET,2025-08-24T14:06:00+07:00,2025-08-24T15:10:32+07:00,2025-08-24T14:06:00+07:00,,,2025-08-24T15:34:56+07:00,COMPLETED,2,149.79,0.5512,23.6,23.397,23.397,0.949,2.579,FUEL202508,294.66,298.42,82.37,True,Synthetic cost model; fuel unit-price benchmark from EPPO,True
T01382,L_BKK,LAST_MILE,V030,H_BKK,H_BKK,20250825_BKK,2025-08-25T08:30:00+07:00,2025-08-25T12:53:56+07:00,2025-08-25T08:30:00+07:00,,,2025-08-25T14:04:57+07:00,COMPLETED,20,1748.86,7.7953,56.0,55.976,55.976,2.186,7.324,FUEL202508,853.25,896.91,233.93,True,Synthetic cost model; fuel unit-price benchmark from EPPO,True
T01383,L_KSN,LAST_MILE,V033,H_KSN,H_KSN,20250825_KSN,2025-08-25T08:30:00+07:00,2025-08-25T12:44:15+07:00,2025-08-25T08:30:00+07:00,,,2025-08-25T13:26:31+07:00,COMPLETED,19,1394.62,6.3724,54.2,54.813,54.813,1.784,7.452,FUEL202508,822.22,854.14,238.02,True,Synthetic cost model; fuel unit-price benchmark from EPPO,True
T01384,L_CNX,LAST_MILE,V028,H_CNX,H_CNX,20250825_CNX,2025-08-25T14:23:00+07:00,2025-08-25T15:30:24+07:00,2025-08-25T14:23:00+07:00,,,2025-08-25T16:48:54+07:00,COMPLETED,2,99.62,0.3374,23.6,24.736,24.736,0.938,3.187,FUEL202508,294.66,319.74,101.79,True,Synthetic cost model; fuel unit-price benchmark from EPPO,True
T01385,L_KKC,LAST_MILE,V032,H_KKC,H_KKC,20250825_KKC,2025-08-25T14:46:00+07:00,2025-08-25T15:36:14+07:00,2025-08-25T14:46:00+07:00,,,2025-08-25T17:07:34+07:00,COMPLETED,1,27.59,0.1082,21.8,20.086,20.086,0.74,2.343,FUEL202508,263.62,253.19,74.84,True,Synthetic cost model; fuel unit-price benchmark from EPPO,True
T01386,L_BKK,LAST_MILE,V029,H_BKK,H_BKK,20250825_BKK,2025-08-25T14:49:00+07:00,2025-08-25T15:43:59+07:00,2025-08-25T14:49:00+07:00,,,2025-08-25T17:11:16+07:00,COMPLETED,1,95.69,0.3316,21.8,22.303,22.303,0.703,2.577,FUEL202508,263.62,262.51,82.31,True,Synthetic cost model; fuel unit-price benchmark from EPPO,True
T01387,L_SSK,LAST_MILE,V036,H_SSK,H_SSK,20250825_SSK,2025-08-25T16:00:00+07:00,2025-08-25T20:18:28+07:00,2025-08-25T16:00:00+07:00,,,2025-08-25T21:13:16+07:00,COMPLETED,20,1257.09,5.902,56.0,53.421,53.421,1.846,7.267,FUEL202508,853.25,866.16,232.11,True,Synthetic cost model; fuel unit-price benchmark from EPPO,True
T01388,L_CNX,LAST_MILE,V025,H_CNX,H_CNX,20250826_CNX,2025-08-26T08:30:00+07:00,2025-08-26T12:42:25+07:00,2025-08-26T08:30:00+07:00,,,2025-08-26T13:22:28+07:00,COMPLETED,20,1444.15,5.9136,56.0,50.596,50.596,1.689,6.657,FUEL202508,853.25,830.03,212.62,True,Synthetic cost model; fuel unit-price benchmark from EPPO,True
T01389,L_BKK,LAST_MILE,V030,H_BKK,H_BKK,20250826_BKK,2025-08-26T08:30:00+07:00,2025-08-26T13:08:01+07:00,2025-08-26T08:30:00+07:00,,,2025-08-26T13:48:49+07:00,COMPLETED,20,1464.45,6.5809,56.0,62.548,62.548,2.021,8.207,FUEL202508,853.25,926.68,262.13,True,Synthetic cost model; fuel unit-price benchmark from EPPO,True
T01390,L_LPT,LAST_MILE,V043,H_LPT,H_LPT,20250826_LPT,2025-08-26T08:30:00+07:00,2025-08-26T12:37:44+07:00,2025-08-26T08:30:00+07:00,,,2025-08-26T12:57:31+07:00,COMPLETED,19,1631.83,7.4491,54.2,51.773,51.773,1.886,6.916,FUEL202508,822.22,838.09,220.9,True,Synthetic cost model; fuel unit-price benchmark from EPPO,True
T01391,L_CNX,LAST_MILE,V027,H_CNX,H_CNX,20250826_CNX,2025-08-26T08:30:00+07:00,2025-08-26T09:22:17+07:00,2025-08-26T08:30:00+07:00,,,2025-08-26T10:24:15+07:00,COMPLETED,1,135.59,0.507,21.8,21.039,21.039,0.826,2.355,FUEL202508,263.62,261.52,75.22,True,Synthetic cost model; fuel unit-price benchmark from EPPO,True
T01392,L_LPT,LAST_MILE,V044,H_LPT,H_LPT,20250826_LPT,2025-08-26T09:08:00+07:00,2025-08-26T13:39:44+07:00,2025-08-26T09:08:00+07:00,,,2025-08-26T13:59:01+07:00,COMPLETED,20,1391.04,5.7601,56.0,59.616,59.616,2.135,7.748,FUEL202508,853.25,914.12,247.47,True,Synthetic cost model; fuel unit-price benchmark from EPPO,True
T01393,L_KSN,LAST_MILE,V034,H_KSN,H_KSN,20250826_KSN,2025-08-26T13:56:00+07:00,2025-08-26T14:50:03+07:00,2025-08-26T13:56:00+07:00,,,2025-08-26T16:19:32+07:00,COMPLETED,1,57.58,0.2149,21.8,21.868,21.868,0.701,2.626,FUEL202508,263.62,263.06,83.87,True,Synthetic cost model; fuel unit-price benchmark from EPPO,True
T01394,L_CNX,LAST_MILE,V028,H_CNX,H_CNX,20250826_CNX,2025-08-26T14:03:00+07:00,2025-08-26T18:25:16+07:00,2025-08-26T14:03:00+07:00,,,2025-08-26T19:24:22+07:00,COMPLETED,20,1615.83,6.6069,56.0,55.196,55.196,2.235,7.876,FUEL202508,853.25,916.4,251.56,True,Synthetic cost model; fuel unit-price benchmark from EPPO,True
T01395,L_BKK,LAST_MILE,V029,H_BKK,H_BKK,20250826_BKK,2025-08-26T14:34:00+07:00,2025-08-26T15:30:34+07:00,2025-08-26T14:34:00+07:00,,,2025-08-26T16:51:37+07:00,COMPLETED,1,46.21,0.2581,21.8,23.045,23.045,0.895,2.723,FUEL202508,263.62,282.11,86.97,True,Synthetic cost model; fuel unit-price benchmark from EPPO,True
T01396,L_RET,LAST_MILE,V042,H_RET,H_RET,20250827_RET,2025-08-27T08:30:00+07:00,2025-08-27T12:40:44+07:00,2025-08-27T08:30:00+07:00,,,2025-08-27T13:02:11+07:00,COMPLETED,19,1275.32,5.7651,54.2,53.173,53.173,1.769,6.551,FUEL202508,822.22,820.99,209.24,True,Synthetic cost model; fuel unit-price benchmark from EPPO,True
T01397,L_NMA,LAST_MILE,V038,H_NMA,H_NMA,20250827_NMA,2025-08-27T08:30:00+07:00,2025-08-27T12:53:22+07:00,2025-08-27T08:30:00+07:00,,,2025-08-27T13:44:35+07:00,COMPLETED,19,1231.13,5.235,54.2,59.07,59.07,1.901,7.01,FUEL202508,822.22,856.72,223.9,True,Synthetic cost model; fuel unit-price benchmark from EPPO,True
T01398,L_SSK,LAST_MILE,V035,H_SSK,H_SSK,20250827_SSK,2025-08-27T08:30:00+07:00,2025-08-27T09:52:17+07:00,2025-08-27T08:30:00+07:00,,,2025-08-27T10:33:15+07:00,COMPLETED,4,156.36,0.6549,27.2,24.964,24.964,0.807,3.472,FUEL202508,356.72,352.95,110.9,True,Synthetic cost model; fuel unit-price benchmark from EPPO,True
T01399,L_LPT,LAST_MILE,V043,H_LPT,H_LPT,20250827_LPT,2025-08-27T13:27:00+07:00,2025-08-27T14:37:58+07:00,2025-08-27T13:27:00+07:00,,,2025-08-27T16:05:20+07:00,COMPLETED,2,92.28,0.3738,23.6,26.404,26.404,0.955,3.263,FUEL202508,294.66,326.69,104.22,True,Synthetic cost model; fuel unit-price benchmark from EPPO,True
T01400,L_CNX,LAST_MILE,V028,H_CNX,H_CNX,20250827_CNX,2025-08-27T13:52:00+07:00,2025-08-27T14:56:33+07:00,2025-08-27T13:52:00+07:00,,,2025-08-27T15:52:01+07:00,COMPLETED,2,108.86,0.4445,23.6,23.411,23.411,0.81,3.019,FUEL202508,294.66,302.73,96.43,True,Synthetic cost model; fuel unit-price benchmark from EPPO,True
T01401,L_BKK,LAST_MILE,V029,H_BKK,H_BKK,20250827_BKK,2025-08-27T14:18:00+07:00,2025-08-27T15:15:19+07:00,2025-08-27T14:18:00+07:00,,,2025-08-27T16:06:56+07:00,COMPLETED,1,85.89,0.3655,21.8,23.394,23.394,0.931,2.593,FUEL202508,263.62,281.18,82.82,True,Synthetic cost model; fuel unit-price benchmark from EPPO,True
T01402,L_LPT,LAST_MILE,V044,H_LPT,H_LPT,20250827_LPT,2025-08-27T14:29:00+07:00,2025-08-27T15:26:28+07:00,2025-08-27T14:29:00+07:00,,,2025-08-27T17:00:26+07:00,COMPLETED,1,71.58,0.3224,21.8,23.459,23.459,0.785,2.871,FUEL202508,263.62,279.93,91.7,True,Synthetic cost model; fuel unit-price benchmark from EPPO,True
T01403,L_CNX,LAST_MILE,V027,H_CNX,H_CNX,20250828_CNX,2025-08-28T08:30:00+07:00,2025-08-28T12:49:12+07:00,2025-08-28T08:30:00+07:00,,,2025-08-28T13:11:16+07:00,COMPLETED,19,1499.71,6.7686,54.2,57.126,57.126,2.014,6.92,FUEL202508,822.22,857.86,221.02,True,Synthetic cost model; fuel unit-price benchmark from EPPO,True
T01404,L_CNX,LAST_MILE,V028,H_CNX,H_CNX,20250828_CNX,2025-08-28T08:30:00+07:00,2025-08-28T09:34:00+07:00,2025-08-28T08:30:00+07:00,,,2025-08-28T10:18:28+07:00,COMPLETED,2,267.29,1.0702,23.6,23.148,23.148,0.724,2.899,FUEL202508,294.66,292.37,92.59,True,Synthetic cost model; fuel unit-price benchmark from EPPO,True
T01405,L_CNX,LAST_MILE,V026,H_CNX,H_CNX,20250828_CNX,2025-08-28T13:04:00+07:00,2025-08-28T17:30:43+07:00,2025-08-28T13:04:00+07:00,,,2025-08-28T18:19:25+07:00,COMPLETED,20,1246.24,5.7344,56.0,57.275,57.275,1.968,7.387,FUEL202508,853.25,886.24,235.94,True,Synthetic cost model; fuel unit-price benchmark from EPPO,True
T01406,L_RET,LAST_MILE,V041,H_RET,H_RET,20250828_RET,2025-08-28T13:32:00+07:00,2025-08-28T14:38:06+07:00,2025-08-28T13:32:00+07:00,,,2025-08-28T15:43:05+07:00,COMPLETED,2,54.87,0.2015,23.6,24.127,24.127,0.838,2.746,FUEL202508,294.66,297.41,87.71,True,Synthetic cost model; fuel unit-price benchmark from EPPO,True
T01407,L_NMA,LAST_MILE,V038,H_NMA,H_NMA,20250828_NMA,2025-08-28T14:14:00+07:00,2025-08-28T15:10:19+07:00,2025-08-28T14:14:00+07:00,,,2025-08-28T16:13:46+07:00,COMPLETED,1,72.18,0.3025,21.8,22.924,22.924,0.888,2.491,FUEL202508,263.62,274.0,79.56,True,Synthetic cost model; fuel unit-price benchmark from EPPO,True
T01408,L_BKK,LAST_MILE,V030,H_BKK,H_BKK,20250829_BKK,2025-08-29T08:30:00+07:00,2025-08-29T12:43:54+07:00,2025-08-29T08:30:00+07:00,,,2025-08-29T13:18:08+07:00,COMPLETED,20,1334.37,5.9081,56.0,51.287,51.287,1.963,6.229,FUEL202508,853.25,836.96,198.95,True,Synthetic cost model; fuel unit-price benchmark from EPPO,True
T01409,L_KSN,LAST_MILE,V034,H_KSN,H_KSN,20250829_KSN,2025-08-29T08:30:00+07:00,2025-08-29T12:38:01+07:00,2025-08-29T08:30:00+07:00,,,2025-08-29T13:14:16+07:00,COMPLETED,19,1237.85,4.9355,54.2,51.903,51.903,1.851,6.375,FUEL202508,822.22,818.58,203.62,True,Synthetic cost model; fuel unit-price benchmark from EPPO,True
T01410,L_BKK,LAST_MILE,V029,H_BKK,H_BKK,20250829_BKK,2025-08-29T08:30:00+07:00,2025-08-29T12:38:22+07:00,2025-08-29T08:30:00+07:00,,,2025-08-29T13:54:48+07:00,COMPLETED,19,1346.23,5.7781,54.2,52.066,52.066,2.156,6.353,FUEL202508,822.22,839.53,202.91,True,Synthetic cost model; fuel unit-price benchmark from EPPO,True
T01411,L_CNX,LAST_MILE,V028,H_CNX,H_CNX,20250829_CNX,2025-08-29T13:41:00+07:00,2025-08-29T14:35:22+07:00,2025-08-29T13:41:00+07:00,,,2025-08-29T15:28:42+07:00,COMPLETED,1,86.63,0.2937,21.8,22.016,22.016,0.914,2.909,FUEL202508,263.62,287.29,92.91,True,Synthetic cost model; fuel unit-price benchmark from EPPO,True
T01412,L_SSK,LAST_MILE,V035,H_SSK,H_SSK,20250829_SSK,2025-08-29T15:32:00+07:00,2025-08-29T19:54:47+07:00,2025-08-29T15:32:00+07:00,,,2025-08-29T21:00:13+07:00,COMPLETED,20,1190.73,5.8303,56.0,55.438,55.438,1.951,7.925,FUEL202508,853.25,898.57,253.12,True,Synthetic cost model; fuel unit-price benchmark from EPPO,True
T01413,L_KSN,LAST_MILE,V033,H_KSN,H_KSN,20250830_KSN,2025-08-30T08:30:00+07:00,2025-08-30T12:51:53+07:00,2025-08-30T08:30:00+07:00,,,2025-08-30T14:41:16+07:00,COMPLETED,20,1602.05,7.207,56.0,55.014,55.014,2.268,7.606,FUEL202508,853.25,909.72,242.94,True,Synthetic cost model; fuel unit-price benchmark from EPPO,True
T01414,L_CNX,LAST_MILE,V028,H_CNX,H_CNX,20250830_CNX,2025-08-30T08:30:00+07:00,2025-08-30T09:32:51+07:00,2025-08-30T08:30:00+07:00,,,2025-08-30T10:45:56+07:00,COMPLETED,2,138.08,0.5713,23.6,22.611,22.611,0.777,2.922,FUEL202508,294.66,295.76,93.33,True,Synthetic cost model; fuel unit-price benchmark from EPPO,True
T01415,L_KSN,LAST_MILE,V034,H_KSN,H_KSN,20250830_KSN,2025-08-30T13:44:00+07:00,2025-08-30T14:48:43+07:00,2025-08-30T13:44:00+07:00,,,2025-08-30T16:18:42+07:00,COMPLETED,2,94.39,0.352,23.6,23.488,23.488,0.907,2.755,FUEL202508,294.66,301.28,87.99,True,Synthetic cost model; fuel unit-price benchmark from EPPO,True
T01416,L_BKK,LAST_MILE,V029,H_BKK,H_BKK,20250830_BKK,2025-08-30T13:48:00+07:00,2025-08-30T14:58:34+07:00,2025-08-30T13:48:00+07:00,,,2025-08-30T15:17:59+07:00,COMPLETED,2,206.66,1.1453,23.6,26.217,26.217,0.853,3.009,FUEL202508,294.66,311.05,96.11,True,Synthetic cost model; fuel unit-price benchmark from EPPO,True
T01417,L_KKC,LAST_MILE,V032,H_KKC,H_KKC,20250831_KKC,2025-08-31T08:30:00+07:00,2025-08-31T13:00:10+07:00,2025-08-31T08:30:00+07:00,,,2025-08-31T14:27:30+07:00,COMPLETED,20,1334.15,6.0835,56.0,58.882,58.882,2.376,7.281,FUEL202508,853.25,914.67,232.56,True,Synthetic cost model; fuel unit-price benchmark from EPPO,True
T01418,L_BKK,LAST_MILE,V029,H_BKK,H_BKK,20250831_BKK,2025-08-31T08:30:00+07:00,2025-08-31T12:51:45+07:00,2025-08-31T08:30:00+07:00,,,2025-08-31T14:31:33+07:00,COMPLETED,20,1444.39,6.371,56.0,54.952,54.952,2.012,7.225,FUEL202508,853.25,879.55,230.77,True,Synthetic cost model; fuel unit-price benchmark from EPPO,True
T01419,L_SSK,LAST_MILE,V035,H_SSK,H_SSK,20250831_SSK,2025-08-31T08:30:00+07:00,2025-08-31T09:33:28+07:00,2025-08-31T08:30:00+07:00,,,2025-08-31T09:55:05+07:00,COMPLETED,2,88.81,0.4112,23.6,22.901,22.901,0.741,3.043,FUEL202508,294.66,297.66,97.19,True,Synthetic cost model; fuel unit-price benchmark from EPPO,True
T01420,L_LPT,LAST_MILE,V043,H_LPT,H_LPT,20250831_LPT,2025-08-31T11:37:00+07:00,2025-08-31T16:04:15+07:00,2025-08-31T11:37:00+07:00,,,2025-08-31T17:20:21+07:00,COMPLETED,20,1661.77,7.3514,56.0,57.522,57.522,2.25,7.703,FUEL202508,853.25,916.55,246.03,True,Synthetic cost model; fuel unit-price benchmark from EPPO,True
T01421,L_KSN,LAST_MILE,V034,H_KSN,H_KSN,20250831_KSN,2025-08-31T15:11:00+07:00,2025-08-31T16:08:40+07:00,2025-08-31T15:11:00+07:00,,,2025-08-31T17:27:41+07:00,COMPLETED,1,106.82,0.381,21.8,23.558,23.558,0.743,2.766,FUEL202508,263.62,273.87,88.35,True,Synthetic cost model; fuel unit-price benchmark from EPPO,True
T01422,L_UTH,LAST_MILE,V039,H_UTH,H_UTH,20250901_UTH,2025-09-01T08:30:00+07:00,2025-09-01T12:58:05+07:00,2025-09-01T08:30:00+07:00,,,2025-09-01T13:33:03+07:00,COMPLETED,20,1537.36,6.8253,56.0,57.91,57.91,2.403,7.968,FUEL202509,853.25,936.55,254.5,True,Synthetic cost model; fuel unit-price benchmark from EPPO,True
T01423,L_CNX,LAST_MILE,V027,H_CNX,H_CNX,20250901_CNX,2025-09-01T08:30:00+07:00,2025-09-01T12:46:01+07:00,2025-09-01T08:30:00+07:00,,,2025-09-01T14:26:16+07:00,COMPLETED,19,1536.19,6.8465,54.2,55.637,55.637,2.0,7.041,FUEL202509,822.22,857.79,224.89,True,Synthetic cost model; fuel unit-price benchmark from EPPO,True
T01424,L_KKC,LAST_MILE,V032,H_KKC,H_KKC,20250901_KKC,2025-09-01T14:57:00+07:00,2025-09-01T15:46:25+07:00,2025-09-01T14:57:00+07:00,,,2025-09-01T16:57:40+07:00,COMPLETED,1,153.45,0.9462,21.8,19.706,19.706,0.659,2.32,FUEL202509,263.62,246.06,74.1,True,Synthetic cost model; fuel unit-price benchmark from EPPO,True
T01425,L_BKK,LAST_MILE,V029,H_BKK,H_BKK,20250902_BKK,2025-09-02T08:30:00+07:00,2025-09-02T12:55:11+07:00,2025-09-02T08:30:00+07:00,,,2025-09-02T13:49:06+07:00,COMPLETED,19,1016.74,4.8682,54.2,59.913,59.913,2.145,7.42,FUEL202509,822.22,888.59,236.99,True,Synthetic cost model; fuel unit-price benchmark from EPPO,True
T01426,L_LPT,LAST_MILE,V044,H_LPT,H_LPT,20250902_LPT,2025-09-02T08:30:00+07:00,2025-09-02T09:44:42+07:00,2025-09-02T08:30:00+07:00,,,2025-09-02T10:04:31+07:00,COMPLETED,3,135.45,0.601,25.4,24.78,24.78,0.897,2.852,FUEL202509,325.69,322.62,91.09,True,Synthetic cost model; fuel unit-price benchmark from EPPO,True
T01427,L_UTH,LAST_MILE,V040,H_UTH,H_UTH,20250902_UTH,2025-09-02T14:03:00+07:00,2025-09-02T14:52:56+07:00,2025-09-02T14:03:00+07:00,,,2025-09-02T15:43:27+07:00,COMPLETED,1,105.42,0.4016,21.8,19.948,19.948,0.766,2.329,FUEL202509,263.62,254.29,74.39,True,Synthetic cost model; fuel unit-price benchmark from EPPO,True
T01428,L_CNX,LAST_MILE,V027,H_CNX,H_CNX,20250902_CNX,2025-09-02T14:56:00+07:00,2025-09-02T16:03:45+07:00,2025-09-02T14:56:00+07:00,,,2025-09-02T17:04:59+07:00,COMPLETED,2,271.93,1.4883,23.6,24.897,24.897,0.971,2.743,FUEL202509,294.66,308.17,87.61,True,Synthetic cost model; fuel unit-price benchmark from EPPO,True
T01429,L_UTH,LAST_MILE,V039,H_UTH,H_UTH,20250903_UTH,2025-09-03T08:30:00+07:00,2025-09-03T12:55:31+07:00,2025-09-03T08:30:00+07:00,,,2025-09-03T14:37:02+07:00,COMPLETED,19,1564.56,7.1438,54.2,60.075,60.075,2.502,8.408,FUEL202509,822.22,945.46,268.55,True,Synthetic cost model; fuel unit-price benchmark from EPPO,True
T01430,L_KKC,LAST_MILE,V031,H_KKC,H_KKC,20250903_KKC,2025-09-03T08:30:00+07:00,2025-09-03T13:06:18+07:00,2025-09-03T08:30:00+07:00,,,2025-09-03T13:58:13+07:00,COMPLETED,20,1264.48,6.0133,56.0,61.744,61.744,2.223,8.149,FUEL202509,853.25,937.36,260.28,True,Synthetic cost model; fuel unit-price benchmark from EPPO,True
T01431,L_CNX,LAST_MILE,V025,H_CNX,H_CNX,20250903_CNX,2025-09-03T09:44:00+07:00,2025-09-03T14:12:05+07:00,2025-09-03T09:44:00+07:00,,,2025-09-03T15:06:25+07:00,COMPLETED,20,1322.67,5.9763,56.0,57.913,57.913,1.831,7.659,FUEL202509,853.25,886.61,244.63,True,Synthetic cost model; fuel unit-price benchmark from EPPO,True
T01432,L_CNX,LAST_MILE,V026,H_CNX,H_CNX,20250903_CNX,2025-09-03T12:31:00+07:00,2025-09-03T16:46:41+07:00,2025-09-03T12:31:00+07:00,,,2025-09-03T17:33:15+07:00,COMPLETED,20,1476.39,6.1301,56.0,52.124,52.124,1.641,7.133,FUEL202509,853.25,844.92,227.83,True,Synthetic cost model; fuel unit-price benchmark from EPPO,True
T01433,L_CNX,LAST_MILE,V028,H_CNX,H_CNX,20250904_CNX,2025-09-04T08:30:00+07:00,2025-09-04T12:56:16+07:00,2025-09-04T08:30:00+07:00,,,2025-09-04T13:48:45+07:00,COMPLETED,20,1631.29,7.4335,56.0,57.064,57.064,2.152,8.493,FUEL202509,853.25,934.06,271.27,True,Synthetic cost model; fuel unit-price benchmark from EPPO,True
T01434,L_BKK,LAST_MILE,V029,H_BKK,H_BKK,20250904_BKK,2025-09-04T08:30:00+07:00,2025-09-04T13:06:01+07:00,2025-09-04T08:30:00+07:00,,,2025-09-04T13:47:58+07:00,COMPLETED,20,1371.26,6.5576,56.0,61.611,61.611,2.516,7.533,FUEL202509,853.25,937.97,240.6,True,Synthetic cost model; fuel unit-price benchmark from EPPO,True
T01435,L_RYG,LAST_MILE,V045,H_RYG,H_RYG,20250904_RYG,2025-09-04T08:30:00+07:00,2025-09-04T12:57:32+07:00,2025-09-04T08:30:00+07:00,,,2025-09-04T14:10:16+07:00,COMPLETED,20,1293.29,6.3221,56.0,57.653,57.653,2.357,7.023,FUEL202509,853.25,902.6,224.31,True,Synthetic cost model; fuel unit-price benchmark from EPPO,True
T01436,L_KKC,LAST_MILE,V031,H_KKC,H_KKC,20250904_KKC,2025-09-04T08:30:00+07:00,2025-09-04T13:03:47+07:00,2025-09-04T08:30:00+07:00,,,2025-09-04T13:46:31+07:00,COMPLETED,20,1511.06,7.1787,56.0,60.566,60.566,1.897,7.626,FUEL202509,853.25,895.52,243.57,True,Synthetic cost model; fuel unit-price benchmark from EPPO,True
T01437,L_BKK,LAST_MILE,V030,H_BKK,H_BKK,20250904_BKK,2025-09-04T08:50:00+07:00,2025-09-04T13:07:36+07:00,2025-09-04T08:50:00+07:00,,,2025-09-04T14:00:56+07:00,COMPLETED,20,1434.98,6.8762,56.0,53.021,53.021,2.113,6.492,FUEL202509,853.25,859.3,207.35,True,Synthetic cost model; fuel unit-price benchmark from EPPO,True
T01438,L_LPT,LAST_MILE,V044,H_LPT,H_LPT,20250904_LPT,2025-09-04T12:17:00+07:00,2025-09-04T16:50:54+07:00,2025-09-04T12:17:00+07:00,,,2025-09-04T16:57:40+07:00,COMPLETED,20,1682.79,7.0104,56.0,60.62,60.62,1.95,8.279,FUEL202509,853.25,920.15,264.43,True,Synthetic cost model; fuel unit-price benchmark from EPPO,True
T01439,L_UTH,LAST_MILE,V039,H_UTH,H_UTH,20250904_UTH,2025-09-04T15:07:00+07:00,2025-09-04T15:56:53+07:00,2025-09-04T15:07:00+07:00,,,2025-09-04T17:00:27+07:00,COMPLETED,1,17.46,0.0768,21.8,19.922,19.922,0.705,2.414,FUEL202509,263.62,252.68,77.1,True,Synthetic cost model; fuel unit-price benchmark from EPPO,True
T01440,L_CNX,LAST_MILE,V026,H_CNX,H_CNX,20250904_CNX,2025-09-04T15:36:00+07:00,2025-09-04T16:34:09+07:00,2025-09-04T15:36:00+07:00,,,2025-09-04T17:44:16+07:00,COMPLETED,1,29.22,0.0975,21.8,23.777,23.777,0.747,2.99,FUEL202509,263.62,281.73,95.5,True,Synthetic cost model; fuel unit-price benchmark from EPPO,True
T01441,L_KKC,LAST_MILE,V032,H_KKC,H_KKC,20250905_KKC,2025-09-05T08:30:00+07:00,2025-09-05T12:43:34+07:00,2025-09-05T08:30:00+07:00,,,2025-09-05T14:07:09+07:00,COMPLETED,20,1307.98,5.8726,56.0,51.137,51.137,2.056,6.573,FUEL202509,853.25,854.14,209.94,True,Synthetic cost model; fuel unit-price benchmark from EPPO,True
T01442,L_LPT,LAST_MILE,V043,H_LPT,H_LPT,20250905_LPT,2025-09-05T08:30:00+07:00,2025-09-05T12:51:20+07:00,2025-09-05T08:30:00+07:00,,,2025-09-05T13:26:42+07:00,COMPLETED,20,1574.96,6.5943,56.0,54.761,54.761,1.8,7.585,FUEL202509,853.25,875.77,242.26,True,Synthetic cost model; fuel unit-price benchmark from EPPO,True
T01443,L_CNX,LAST_MILE,V026,H_CNX,H_CNX,20250905_CNX,2025-09-05T08:30:00+07:00,2025-09-05T12:36:10+07:00,2025-09-05T08:30:00+07:00,,,2025-09-05T13:38:38+07:00,COMPLETED,19,1415.83,6.4802,54.2,51.039,51.039,1.675,6.951,FUEL202509,822.22,822.97,222.01,True,Synthetic cost model; fuel unit-price benchmark from EPPO,True
T01444,L_CNX,LAST_MILE,V027,H_CNX,H_CNX,20250905_CNX,2025-09-05T08:30:00+07:00,2025-09-05T12:45:05+07:00,2025-09-05T08:30:00+07:00,,,2025-09-05T13:58:18+07:00,COMPLETED,20,1508.7,6.4506,56.0,51.842,51.842,1.858,6.546,FUEL202509,853.25,840.83,209.08,True,Synthetic cost model; fuel unit-price benchmark from EPPO,True
T01445,L_KSN,LAST_MILE,V033,H_KSN,H_KSN,20250905_KSN,2025-09-05T08:30:00+07:00,2025-09-05T12:52:57+07:00,2025-09-05T08:30:00+07:00,,,2025-09-05T13:54:04+07:00,COMPLETED,19,1429.38,6.5079,54.2,58.876,58.876,1.876,8.027,FUEL202509,822.22,887.03,256.38,True,Synthetic cost model; fuel unit-price benchmark from EPPO,True
T01446,L_KSN,LAST_MILE,V034,H_KSN,H_KSN,20250905_KSN,2025-09-05T08:30:00+07:00,2025-09-05T12:58:07+07:00,2025-09-05T08:30:00+07:00,,,2025-09-05T14:41:17+07:00,COMPLETED,20,1420.29,6.5852,56.0,57.927,57.927,2.323,7.521,FUEL202509,853.25,916.67,240.22,True,Synthetic cost model; fuel unit-price benchmark from EPPO,True
T01447,L_CNX,LAST_MILE,V025,H_CNX,H_CNX,20250905_CNX,2025-09-05T08:30:00+07:00,2025-09-05T09:21:55+07:00,2025-09-05T08:30:00+07:00,,,2025-09-05T10:07:30+07:00,COMPLETED,1,180,0.7394,21.8,20.875,20.875,0.683,2.53,FUEL202509,263.62,256.78,80.81,True,Synthetic cost model; fuel unit-price benchmark from EPPO,True
T01448,L_CNX,LAST_MILE,V028,H_CNX,H_CNX,20250905_CNX,2025-09-05T10:20:00+07:00,2025-09-05T14:39:46+07:00,2025-09-05T10:20:00+07:00,,,2025-09-05T16:03:02+07:00,COMPLETED,19,1302.16,5.5466,54.2,57.391,57.391,1.805,8.104,FUEL202509,822.22,881.55,258.84,True,Synthetic cost model; fuel unit-price benchmark from EPPO,True
T01449,L_CNX,LAST_MILE,V026,H_CNX,H_CNX,20250905_CNX,2025-09-05T12:09:00+07:00,2025-09-05T16:27:19+07:00,2025-09-06T08:30:00+07:00,,,2025-09-06T13:23:43+07:00,COMPLETED,20,1245.1,5.6986,56.0,53.349,53.349,1.739,7.167,FUEL202509,853.25,855.3,228.91,True,Synthetic cost model; fuel unit-price benchmark from EPPO,True
T01450,L_KKC,LAST_MILE,V031,H_KKC,H_KKC,20250905_KKC,2025-09-05T14:16:00+07:00,2025-09-05T15:10:50+07:00,2025-09-05T14:16:00+07:00,,,2025-09-05T16:02:55+07:00,COMPLETED,1,64.43,0.2979,21.8,22.235,22.235,0.86,2.61,FUEL202509,263.62,274.42,83.36,True,Synthetic cost model; fuel unit-price benchmark from EPPO,True
T01451,L_BKK,LAST_MILE,V029,H_BKK,H_BKK,20250905_BKK,2025-09-05T14:17:00+07:00,2025-09-05T15:32:25+07:00,2025-09-05T14:17:00+07:00,,,2025-09-05T15:57:09+07:00,COMPLETED,3,110.48,0.6074,25.4,25.118,25.118,0.826,2.72,FUEL202509,325.69,314.11,86.88,True,Synthetic cost model; fuel unit-price benchmark from EPPO,True
T01452,L_RYG,LAST_MILE,V045,H_RYG,H_RYG,20250905_RYG,2025-09-05T14:40:00+07:00,2025-09-05T15:40:30+07:00,2025-09-05T14:40:00+07:00,,,2025-09-05T16:04:31+07:00,COMPLETED,2,100.68,0.3983,23.6,21.52,21.52,0.693,2.455,FUEL202509,294.66,272.75,78.41,True,Synthetic cost model; fuel unit-price benchmark from EPPO,True
T01453,L_SSK,LAST_MILE,V036,H_SSK,H_SSK,20250906_SSK,2025-09-06T08:30:00+07:00,2025-09-06T12:36:44+07:00,2025-09-06T08:30:00+07:00,,,2025-09-06T13:43:58+07:00,COMPLETED,19,1082.39,4.977,54.2,51.309,51.309,1.951,7.061,FUEL202509,822.22,846.33,225.53,True,Synthetic cost model; fuel unit-price benchmark from EPPO,True
T01454,L_LPT,LAST_MILE,V044,H_LPT,H_LPT,20250906_LPT,2025-09-06T08:30:00+07:00,2025-09-06T09:25:45+07:00,2025-09-06T08:30:00+07:00,,,2025-09-06T10:35:56+07:00,COMPLETED,1,180,0.8296,21.8,22.658,22.658,0.825,2.795,FUEL202509,263.62,278.75,89.27,True,Synthetic cost model; fuel unit-price benchmark from EPPO,True
T01455,L_CNX,LAST_MILE,V028,H_CNX,H_CNX,20250906_CNX,2025-09-06T10:37:00+07:00,2025-09-06T14:56:21+07:00,2025-09-06T10:37:00+07:00,,,2025-09-06T16:23:05+07:00,COMPLETED,20,1419.13,6.1036,56.0,53.837,53.837,1.724,7.482,FUEL202509,853.25,865.32,238.98,True,Synthetic cost model; fuel unit-price benchmark from EPPO,True
T01456,L_LPT,LAST_MILE,V043,H_LPT,H_LPT,20250906_LPT,2025-09-06T13:56:00+07:00,2025-09-06T15:02:19+07:00,2025-09-06T13:56:00+07:00,,,2025-09-06T16:22:23+07:00,COMPLETED,2,323.22,1.3168,23.6,24.235,24.235,0.96,3.046,FUEL202509,294.66,315.75,97.29,True,Synthetic cost model; fuel unit-price benchmark from EPPO,True
T01457,L_CNX,LAST_MILE,V027,H_CNX,H_CNX,20250906_CNX,2025-09-06T14:08:00+07:00,2025-09-06T15:01:46+07:00,2025-09-06T14:08:00+07:00,,,2025-09-06T16:23:53+07:00,COMPLETED,1,178.44,1.0113,21.8,21.732,21.732,0.685,2.415,FUEL202509,263.62,254.93,77.14,True,Synthetic cost model; fuel unit-price benchmark from EPPO,True
T01458,L_KSN,LAST_MILE,V033,H_KSN,H_KSN,20250906_KSN,2025-09-06T14:24:00+07:00,2025-09-06T15:15:17+07:00,2025-09-06T14:24:00+07:00,,,2025-09-06T16:14:17+07:00,COMPLETED,1,57.98,0.3424,21.8,20.576,20.576,0.828,2.365,FUEL202509,263.62,261.04,75.54,True,Synthetic cost model; fuel unit-price benchmark from EPPO,True
T01459,L_CNX,LAST_MILE,V025,H_CNX,H_CNX,20250906_CNX,2025-09-06T14:28:00+07:00,2025-09-06T15:32:18+07:00,2025-09-06T14:28:00+07:00,,,2025-09-06T16:40:14+07:00,COMPLETED,2,99.81,0.522,23.6,23.293,23.293,0.754,2.736,FUEL202509,294.66,289.57,87.39,True,Synthetic cost model; fuel unit-price benchmark from EPPO,True
T01460,L_KKC,LAST_MILE,V031,H_KKC,H_KKC,20250906_KKC,2025-09-06T14:37:00+07:00,2025-09-06T15:42:48+07:00,2025-09-06T14:37:00+07:00,,,2025-09-06T17:04:05+07:00,COMPLETED,2,53.15,0.2961,23.6,23.991,23.991,0.909,2.744,FUEL202509,294.66,302.03,87.64,True,Synthetic cost model; fuel unit-price benchmark from EPPO,True
T01461,L_KSN,LAST_MILE,V034,H_KSN,H_KSN,20250906_KSN,2025-09-06T15:11:00+07:00,2025-09-06T16:15:39+07:00,2025-09-06T15:11:00+07:00,,,2025-09-06T16:39:25+07:00,COMPLETED,2,220.45,1.0384,23.6,23.451,23.451,0.737,2.599,FUEL202509,294.66,284.28,83.01,True,Synthetic cost model; fuel unit-price benchmark from EPPO,True
T01462,L_CNX,LAST_MILE,V028,H_CNX,H_CNX,20250907_CNX,2025-09-07T08:30:00+07:00,2025-09-07T12:34:56+07:00,2025-09-07T08:30:00+07:00,,,2025-09-07T13:47:01+07:00,COMPLETED,19,1303.22,5.8551,54.2,50.466,50.466,1.682,7.315,FUEL202509,822.22,833.91,233.64,True,Synthetic cost model; fuel unit-price benchmark from EPPO,True
T01463,L_CNX,LAST_MILE,V025,H_CNX,H_CNX,20250907_CNX,2025-09-07T08:30:00+07:00,2025-09-07T12:49:40+07:00,2025-09-07T08:30:00+07:00,,,2025-09-07T14:20:01+07:00,COMPLETED,19,1263.0,5.3767,54.2,57.342,57.342,1.916,7.746,FUEL202509,822.22,877.83,247.41,True,Synthetic cost model; fuel unit-price benchmark from EPPO,True
T01464,L_KSN,LAST_MILE,V033,H_KSN,H_KSN,20250907_KSN,2025-09-07T08:30:00+07:00,2025-09-07T12:31:58+07:00,2025-09-07T08:30:00+07:00,,,2025-09-07T13:27:45+07:00,COMPLETED,18,1256.23,5.8904,52.4,52.438,52.438,1.877,7.051,FUEL202509,791.19,826.69,225.21,True,Synthetic cost model; fuel unit-price benchmark from EPPO,True
T01465,L_SSK,LAST_MILE,V036,H_SSK,H_SSK,20250907_SSK,2025-09-07T08:30:00+07:00,2025-09-07T12:43:30+07:00,2025-09-07T08:30:00+07:00,,,2025-09-07T13:23:18+07:00,COMPLETED,20,1593.04,6.9238,56.0,51.107,51.107,1.844,7.033,FUEL202509,853.25,853.95,224.63,True,Synthetic cost model; fuel unit-price benchmark from EPPO,True
T01466,L_CNX,LAST_MILE,V027,H_CNX,H_CNX,20250907_CNX,2025-09-07T09:46:00+07:00,2025-09-07T14:08:48+07:00,2025-09-07T09:46:00+07:00,,,2025-09-07T15:38:01+07:00,COMPLETED,20,1690.82,7.8541,56.0,55.446,55.446,2.21,7.293,FUEL202509,853.25,896.54,232.94,True,Synthetic cost model; fuel unit-price benchmark from EPPO,True
T01467,L_SSK,LAST_MILE,V035,H_SSK,H_SSK,20250907_SSK,2025-09-07T14:13:00+07:00,2025-09-07T15:26:51+07:00,2025-09-07T14:13:00+07:00,,,2025-09-07T16:19:15+07:00,COMPLETED,3,178.73,0.6257,25.4,24.389,24.389,0.995,3.178,FUEL202509,325.69,339.17,101.51,True,Synthetic cost model; fuel unit-price benchmark from EPPO,True
T01468,L_BKK,LAST_MILE,V029,H_BKK,H_BKK,20250908_BKK,2025-09-08T08:30:00+07:00,2025-09-08T12:44:52+07:00,2025-09-08T08:30:00+07:00,,,2025-09-08T13:53:36+07:00,COMPLETED,20,1398.05,5.8948,56.0,51.74,51.74,1.857,6.181,FUEL202509,853.25,828.86,197.42,True,Synthetic cost model; fuel unit-price benchmark from EPPO,True
T01469,L_KKC,LAST_MILE,V032,H_KKC,H_KKC,20250908_KKC,2025-09-08T08:30:00+07:00,2025-09-08T12:42:38+07:00,2025-09-08T08:30:00+07:00,,,2025-09-08T13:17:45+07:00,COMPLETED,20,1419.86,7.1738,56.0,50.7,50.7,1.671,6.576,FUEL202509,853.25,826.44,210.04,True,Synthetic cost model; fuel unit-price benchmark from EPPO,True
T01470,L_NMA,LAST_MILE,V037,H_NMA,H_NMA,20250908_NMA,2025-09-08T08:30:00+07:00,2025-09-08T12:44:40+07:00,2025-09-08T08:30:00+07:00,,,2025-09-08T13:12:59+07:00,COMPLETED,20,1464.17,6.869,56.0,51.646,51.646,2.059,6.386,FUEL202509,853.25,849.38,203.97,True,Synthetic cost model; fuel unit-price benchmark from EPPO,True
T01471,L_CNX,LAST_MILE,V028,H_CNX,H_CNX,20250908_CNX,2025-09-08T08:30:00+07:00,2025-09-08T13:08:18+07:00,2025-09-08T08:30:00+07:00,,,2025-09-08T13:56:15+07:00,COMPLETED,20,1585.75,6.7847,56.0,62.675,62.675,2.087,8.693,FUEL202509,853.25,947.11,277.65,True,Synthetic cost model; fuel unit-price benchmark from EPPO,True
T01472,L_CNX,LAST_MILE,V026,H_CNX,H_CNX,20250908_CNX,2025-09-08T08:30:00+07:00,2025-09-08T09:25:54+07:00,2025-09-08T08:30:00+07:00,,,2025-09-08T09:44:34+07:00,COMPLETED,1,56.17,0.2472,21.8,22.731,22.731,0.728,2.679,FUEL202509,263.62,268.38,85.57,True,Synthetic cost model; fuel unit-price benchmark from EPPO,True
T01473,L_CNX,LAST_MILE,V027,H_CNX,H_CNX,20250908_CNX,2025-09-08T10:27:00+07:00,2025-09-08T14:44:44+07:00,2025-09-08T10:27:00+07:00,,,2025-09-08T15:02:58+07:00,COMPLETED,19,1347.88,6.4192,54.2,56.437,56.437,1.886,6.754,FUEL202509,822.22,842.2,215.72,True,Synthetic cost model; fuel unit-price benchmark from EPPO,True
T01474,L_SSK,LAST_MILE,V036,H_SSK,H_SSK,20250908_SSK,2025-09-08T13:53:00+07:00,2025-09-08T14:58:06+07:00,2025-09-08T13:53:00+07:00,,,2025-09-08T15:57:24+07:00,COMPLETED,2,87.11,0.3444,23.6,23.661,23.661,0.773,2.976,FUEL202509,294.66,299.28,95.05,True,Synthetic cost model; fuel unit-price benchmark from EPPO,True
T01475,L_KSN,LAST_MILE,V034,H_KSN,H_KSN,20250908_KSN,2025-09-08T13:57:00+07:00,2025-09-08T15:19:04+07:00,2025-09-08T13:57:00+07:00,,,2025-09-08T16:12:13+07:00,COMPLETED,3,155.08,0.7508,25.4,28.22,28.22,1.089,3.325,FUEL202509,325.69,358.04,106.2,True,Synthetic cost model; fuel unit-price benchmark from EPPO,True
T01476,L_CNX,LAST_MILE,V025,H_CNX,H_CNX,20250908_CNX,2025-09-08T14:17:00+07:00,2025-09-08T15:23:11+07:00,2025-09-08T14:17:00+07:00,,,2025-09-08T16:28:45+07:00,COMPLETED,2,157.38,0.9127,23.6,24.173,24.173,0.887,2.808,FUEL202509,294.66,302.93,89.69,True,Synthetic cost model; fuel unit-price benchmark from EPPO,True
T01477,L_CNX,LAST_MILE,V027,H_CNX,H_CNX,20250908_CNX,2025-09-08T16:08:00+07:00,2025-09-08T17:18:38+07:00,2025-09-09T08:30:00+07:00,,,2025-09-09T10:48:23+07:00,COMPLETED,2,85.92,0.408,23.6,26.246,26.246,0.941,2.853,FUEL202509,294.66,312.26,91.12,True,Synthetic cost model; fuel unit-price benchmark from EPPO,True
T01478,L_RYG,LAST_MILE,V045,H_RYG,H_RYG,20250909_RYG,2025-09-09T08:30:00+07:00,2025-09-09T12:51:34+07:00,2025-09-09T08:30:00+07:00,,,2025-09-09T14:34:14+07:00,COMPLETED,19,1348.7,6.4256,54.2,58.232,58.232,2.347,7.612,FUEL202509,822.22,905.48,243.13,True,Synthetic cost model; fuel unit-price benchmark from EPPO,True
T01479,L_KKC,LAST_MILE,V032,H_KKC,H_KKC,20250909_KKC,2025-09-09T08:30:00+07:00,2025-09-09T13:07:03+07:00,2025-09-09T08:30:00+07:00,,,2025-09-09T14:35:01+07:00,COMPLETED,20,1646.54,7.5168,56.0,62.095,62.095,2.569,8.203,FUEL202509,853.25,964.05,262.0,True,Synthetic cost model; fuel unit-price benchmark from EPPO,True
T01480,L_CNX,LAST_MILE,V026,H_CNX,H_CNX,20250909_CNX,2025-09-09T08:30:00+07:00,2025-09-09T13:01:01+07:00,2025-09-09T08:30:00+07:00,,,2025-09-09T13:50:28+07:00,COMPLETED,20,1664.89,7.7312,56.0,59.278,59.278,2.231,8.032,FUEL202509,853.25,929.27,256.54,True,Synthetic cost model; fuel unit-price benchmark from EPPO,True
T01481,L_NMA,LAST_MILE,V038,H_NMA,H_NMA,20250909_NMA,2025-09-09T08:30:00+07:00,2025-09-09T12:37:35+07:00,2025-09-09T08:30:00+07:00,,,2025-09-09T13:29:18+07:00,COMPLETED,19,1622.71,7.2956,54.2,51.705,51.705,1.786,6.596,FUEL202509,822.22,820.69,210.68,True,Synthetic cost model; fuel unit-price benchmark from EPPO,True
T01482,L_RYG,LAST_MILE,V046,H_RYG,H_RYG,20250909_RYG,2025-09-09T08:30:00+07:00,2025-09-09T12:48:29+07:00,2025-09-09T08:30:00+07:00,,,2025-09-09T13:27:13+07:00,COMPLETED,20,1568.12,7.198,56.0,53.432,53.432,1.832,6.786,FUEL202509,853.25,849.86,216.74,True,Synthetic cost model; fuel unit-price benchmark from EPPO,True
T01483,L_BKK,LAST_MILE,V030,H_BKK,H_BKK,20250909_BKK,2025-09-09T08:30:00+07:00,2025-09-09T12:41:45+07:00,2025-09-09T08:30:00+07:00,,,2025-09-09T13:51:29+07:00,COMPLETED,18,1743.04,7.7517,52.4,57.005,57.005,2.03,7.269,FUEL202509,791.19,853.48,232.17,True,Synthetic cost model; fuel unit-price benchmark from EPPO,True
T01484,L_BKK,LAST_MILE,V029,H_BKK,H_BKK,20250909_BKK,2025-09-09T08:30:00+07:00,2025-09-09T09:38:51+07:00,2025-09-09T08:30:00+07:00,,,2025-09-09T10:33:51+07:00,COMPLETED,2,213.02,0.9595,23.6,25.415,25.415,0.873,2.888,FUEL202509,294.66,306.95,92.24,True,Synthetic cost model; fuel unit-price benchmark from EPPO,True
T01485,L_CNX,LAST_MILE,V025,H_CNX,H_CNX,20250909_CNX,2025-09-09T08:50:00+07:00,2025-09-09T12:48:08+07:00,2025-09-09T08:50:00+07:00,,,2025-09-09T14:01:35+07:00,COMPLETED,18,1726.6,7.2446,52.4,50.651,50.651,1.849,6.749,FUEL202509,791.19,811.52,215.56,True,Synthetic cost model; fuel unit-price benchmark from EPPO,True
T01486,L_CNX,LAST_MILE,V028,H_CNX,H_CNX,20250909_CNX,2025-09-09T09:11:00+07:00,2025-09-09T13:36:02+07:00,2025-09-09T09:11:00+07:00,,,2025-09-09T15:05:00+07:00,COMPLETED,20,1341.62,5.9202,56.0,56.488,56.488,2.057,7.802,FUEL202509,853.25,904.16,249.2,True,Synthetic cost model; fuel unit-price benchmark from EPPO,True
T01487,L_NMA,LAST_MILE,V037,H_NMA,H_NMA,20250909_NMA,2025-09-09T13:42:00+07:00,2025-09-09T14:46:49+07:00,2025-09-09T13:42:00+07:00,,,2025-09-09T16:09:18+07:00,COMPLETED,2,60.0,0.2869,23.6,23.533,23.533,0.773,2.722,FUEL202509,294.66,290.9,86.94,True,Synthetic cost model; fuel unit-price benchmark from EPPO,True
T01488,L_KKC,LAST_MILE,V031,H_KKC,H_KKC,20250909_KKC,2025-09-09T13:47:00+07:00,2025-09-09T14:43:35+07:00,2025-09-09T13:47:00+07:00,,,2025-09-09T16:20:15+07:00,COMPLETED,1,172.41,0.8404,21.8,23.052,23.052,0.896,2.728,FUEL202509,263.62,282.38,87.13,True,Synthetic cost model; fuel unit-price benchmark from EPPO,True
T01489,L_BKK,LAST_MILE,V030,H_BKK,H_BKK,20250909_BKK,2025-09-09T14:23:00+07:00,2025-09-09T15:21:22+07:00,2025-09-10T08:30:00+07:00,,,2025-09-10T10:46:35+07:00,COMPLETED,1,38.37,0.1869,21.8,23.884,23.884,0.771,2.67,FUEL202509,263.62,273.39,85.28,True,Synthetic cost model; fuel unit-price benchmark from EPPO,True
T01490,L_CNX,LAST_MILE,V027,H_CNX,H_CNX,20250909_CNX,2025-09-09T14:26:00+07:00,2025-09-09T15:21:35+07:00,2025-09-10T08:30:00+07:00,,,2025-09-10T10:30:23+07:00,COMPLETED,1,67.32,0.2684,21.8,22.585,22.585,0.834,2.49,FUEL202509,263.62,269.48,79.53,True,Synthetic cost model; fuel unit-price benchmark from EPPO,True
T01491,L_CNX,LAST_MILE,V026,H_CNX,H_CNX,20250909_CNX,2025-09-09T15:32:00+07:00,2025-09-09T16:24:06+07:00,2025-09-10T08:30:00+07:00,,,2025-09-10T10:43:49+07:00,COMPLETED,1,138.81,0.758,21.8,20.96,20.96,0.833,2.524,FUEL202509,263.62,267.26,80.62,True,Synthetic cost model; fuel unit-price benchmark from EPPO,True
T01492,L_CNX,LAST_MILE,V025,H_CNX,H_CNX,20250910_CNX,2025-09-10T08:30:00+07:00,2025-09-10T12:39:42+07:00,2025-09-10T08:30:00+07:00,,,2025-09-10T13:13:50+07:00,COMPLETED,19,1619.08,7.1932,54.2,52.69,52.69,1.677,6.851,FUEL202509,822.22,823.17,218.82,True,Synthetic cost model; fuel unit-price benchmark from EPPO,True
T01493,L_KKC,LAST_MILE,V031,H_KKC,H_KKC,20250910_KKC,2025-09-10T08:30:00+07:00,2025-09-10T13:05:57+07:00,2025-09-10T08:30:00+07:00,,,2025-09-10T14:20:53+07:00,COMPLETED,20,1271.99,5.5707,56.0,61.584,61.584,2.181,7.924,FUEL202509,853.25,926.92,253.09,True,Synthetic cost model; fuel unit-price benchmark from EPPO,True
T01494,L_CNX,LAST_MILE,V028,H_CNX,H_CNX,20250910_CNX,2025-09-10T08:30:00+07:00,2025-09-10T12:56:36+07:00,2025-09-10T08:30:00+07:00,,,2025-09-10T13:51:34+07:00,COMPLETED,20,1165.96,5.3507,56.0,57.219,57.219,1.886,7.673,FUEL202509,853.25,889.51,245.08,True,Synthetic cost model; fuel unit-price benchmark from EPPO,True
T01495,L_LPT,LAST_MILE,V043,H_LPT,H_LPT,20250910_LPT,2025-09-10T08:30:00+07:00,2025-09-10T13:02:21+07:00,2025-09-10T08:30:00+07:00,,,2025-09-10T13:44:03+07:00,COMPLETED,20,1090.93,4.7234,56.0,59.904,59.904,2.093,7.783,FUEL202509,853.25,912.89,248.59,True,Synthetic cost model; fuel unit-price benchmark from EPPO,True
T01496,L_BKK,LAST_MILE,V029,H_BKK,H_BKK,20250910_BKK,2025-09-10T08:30:00+07:00,2025-09-10T12:43:43+07:00,2025-09-10T08:30:00+07:00,,,2025-09-10T14:00:10+07:00,COMPLETED,19,1155.23,5.0922,54.2,54.565,54.565,1.718,6.831,FUEL202509,822.22,829.19,218.18,True,Synthetic cost model; fuel unit-price benchmark from EPPO,True
T01497,L_RET,LAST_MILE,V041,H_RET,H_RET,20250910_RET,2025-09-10T08:30:00+07:00,2025-09-10T12:23:27+07:00,2025-09-10T08:30:00+07:00,,,2025-09-10T13:37:34+07:00,COMPLETED,18,1350.84,6.3452,52.4,48.466,48.466,1.859,6.088,FUEL202509,791.19,786.74,194.45,True,Synthetic cost model; fuel unit-price benchmark from EPPO,True
T01498,L_BKK,LAST_MILE,V030,H_BKK,H_BKK,20250910_BKK,2025-09-10T08:30:00+07:00,2025-09-10T12:36:26+07:00,2025-09-11T08:30:00+07:00,,,2025-09-11T13:49:23+07:00,COMPLETED,18,1777.0,7.4526,52.4,54.524,54.524,1.88,7.151,FUEL202509,791.19,834.25,228.4,True,Synthetic cost model; fuel unit-price benchmark from EPPO,True
T01499,L_BKK,LAST_MILE,V029,H_BKK,H_BKK,20250910_BKK,2025-09-10T08:30:00+07:00,2025-09-10T09:40:22+07:00,2025-09-11T08:30:00+07:00,,,2025-09-11T10:37:47+07:00,COMPLETED,2,88.28,0.4313,23.6,26.119,26.119,0.935,3.016,FUEL202509,294.66,316.83,96.33,True,Synthetic cost model; fuel unit-price benchmark from EPPO,True
T01500,L_CNX,LAST_MILE,V026,H_CNX,H_CNX,20250910_CNX,2025-09-10T10:18:00+07:00,2025-09-10T14:23:22+07:00,2025-09-11T08:30:00+07:00,,,2025-09-11T13:57:30+07:00,COMPLETED,19,1279.32,5.4552,54.2,50.671,50.671,2.031,6.553,FUEL202509,822.22,834.39,209.3,True,Synthetic cost model; fuel unit-price benchmark from EPPO,True
T01501,L_RYG,LAST_MILE,V046,H_RYG,H_RYG,20250910_RYG,2025-09-10T13:57:00+07:00,2025-09-10T14:58:45+07:00,2025-09-10T13:57:00+07:00,,,2025-09-10T15:50:42+07:00,COMPLETED,2,118.23,0.5207,23.6,22.097,22.097,0.85,2.41,FUEL202509,294.66,283.46,76.98,True,Synthetic cost model; fuel unit-price benchmark from EPPO,True
T01502,L_CNX,LAST_MILE,V028,H_CNX,H_CNX,20250910_CNX,2025-09-10T14:20:00+07:00,2025-09-10T15:26:41+07:00,2025-09-11T08:30:00+07:00,,,2025-09-11T10:08:37+07:00,COMPLETED,2,161.02,0.5999,23.6,24.403,24.403,0.866,3.032,FUEL202509,294.66,309.03,96.84,True,Synthetic cost model; fuel unit-price benchmark from EPPO,True
T01503,L_BKK,LAST_MILE,V030,H_BKK,H_BKK,20250910_BKK,2025-09-10T14:21:00+07:00,2025-09-10T15:22:56+07:00,2025-09-12T08:30:00+07:00,,,2025-09-12T11:01:32+07:00,COMPLETED,2,360,1.7344,23.6,22.184,22.184,0.775,2.604,FUEL202509,294.66,284.61,83.17,True,Synthetic cost model; fuel unit-price benchmark from EPPO,True
T01504,L_CNX,LAST_MILE,V027,H_CNX,H_CNX,20250910_CNX,2025-09-10T14:31:00+07:00,2025-09-10T15:29:07+07:00,2025-09-11T08:30:00+07:00,,,2025-09-11T09:55:16+07:00,COMPLETED,1,74.22,0.2847,21.8,23.762,23.762,0.814,2.581,FUEL202509,263.62,273.37,82.44,True,Synthetic cost model; fuel unit-price benchmark from EPPO,True
T01505,L_RYG,LAST_MILE,V045,H_RYG,H_RYG,20250910_RYG,2025-09-10T15:04:00+07:00,2025-09-10T16:01:29+07:00,2025-09-10T15:04:00+07:00,,,2025-09-10T16:12:18+07:00,COMPLETED,1,141.25,0.5196,21.8,23.473,23.473,0.767,2.686,FUEL202509,263.62,272.83,85.79,True,Synthetic cost model; fuel unit-price benchmark from EPPO,True
T01506,L_KKC,LAST_MILE,V032,H_KKC,H_KKC,20250911_KKC,2025-09-11T08:30:00+07:00,2025-09-11T12:33:49+07:00,2025-09-11T08:30:00+07:00,,,2025-09-11T12:41:39+07:00,COMPLETED,19,1497.1,6.5113,54.2,49.945,49.945,1.569,6.258,FUEL202509,822.22,791.18,199.88,True,Synthetic cost model; fuel unit-price benchmark from EPPO,True
T01507,L_CNX,LAST_MILE,V025,H_CNX,H_CNX,20250911_CNX,2025-09-11T13:43:00+07:00,2025-09-11T14:32:58+07:00,2025-09-11T13:43:00+07:00,,,2025-09-11T16:17:28+07:00,COMPLETED,1,131.25,0.4866,21.8,19.958,19.958,0.794,2.35,FUEL202509,263.62,256.98,75.06,True,Synthetic cost model; fuel unit-price benchmark from EPPO,True
T01508,L_LPT,LAST_MILE,V043,H_LPT,H_LPT,20250911_LPT,2025-09-11T14:14:00+07:00,2025-09-11T15:10:43+07:00,2025-09-11T14:14:00+07:00,,,2025-09-11T16:34:39+07:00,COMPLETED,1,78.8,0.3682,21.8,23.111,23.111,0.751,2.853,FUEL202509,263.62,276.29,91.12,True,Synthetic cost model; fuel unit-price benchmark from EPPO,True
T01509,L_CNX,LAST_MILE,V026,H_CNX,H_CNX,20250911_CNX,2025-09-11T14:21:00+07:00,2025-09-11T15:20:07+07:00,2025-09-12T08:30:00+07:00,,,2025-09-12T10:38:13+07:00,COMPLETED,1,42.67,0.217,21.8,24.229,24.229,0.885,2.897,FUEL202509,263.62,289.35,92.53,True,Synthetic cost model; fuel unit-price benchmark from EPPO,True
T01510,L_KKC,LAST_MILE,V031,H_KKC,H_KKC,20250911_KKC,2025-09-11T14:50:00+07:00,2025-09-11T15:42:50+07:00,2025-09-11T14:50:00+07:00,,,2025-09-11T16:46:59+07:00,COMPLETED,1,109.12,0.5304,21.8,21.302,21.302,0.865,2.409,FUEL202509,263.62,266.51,76.94,True,Synthetic cost model; fuel unit-price benchmark from EPPO,True
T01511,L_KKC,LAST_MILE,V031,H_KKC,H_KKC,20250911_KKC,2025-09-11T16:26:00+07:00,2025-09-11T20:45:31+07:00,2025-09-12T08:30:00+07:00,,,2025-09-12T13:20:33+07:00,COMPLETED,19,1371.81,5.9172,54.2,57.271,57.271,1.961,7.131,FUEL202509,822.22,861.15,227.76,True,Synthetic cost model; fuel unit-price benchmark from EPPO,True
T01512,L_CNX,LAST_MILE,V028,H_CNX,H_CNX,20250912_CNX,2025-09-12T08:30:00+07:00,2025-09-12T12:43:17+07:00,2025-09-12T08:30:00+07:00,,,2025-09-12T13:54:01+07:00,COMPLETED,19,934.97,4.2526,54.2,54.363,54.363,1.818,7.272,FUEL202509,822.22,849.84,232.27,True,Synthetic cost model; fuel unit-price benchmark from EPPO,True
T01513,L_BKK,LAST_MILE,V029,H_BKK,H_BKK,20250912_BKK,2025-09-12T08:30:00+07:00,2025-09-12T12:42:15+07:00,2025-09-12T08:30:00+07:00,,,2025-09-12T12:55:29+07:00,COMPLETED,19,1226.67,5.0181,54.2,53.879,53.879,1.836,6.512,FUEL202509,822.22,825.89,207.99,True,Synthetic cost model; fuel unit-price benchmark from EPPO,True
T01514,L_KKC,LAST_MILE,V032,H_KKC,H_KKC,20250912_KKC,2025-09-12T08:30:00+07:00,2025-09-12T12:43:22+07:00,2025-09-12T08:30:00+07:00,,,2025-09-12T13:28:51+07:00,COMPLETED,20,1278.39,5.4712,56.0,51.042,51.042,1.632,6.382,FUEL202509,853.25,818.2,203.84,True,Synthetic cost model; fuel unit-price benchmark from EPPO,True
T01515,L_RET,LAST_MILE,V041,H_RET,H_RET,20250912_RET,2025-09-12T08:30:00+07:00,2025-09-12T12:54:40+07:00,2025-09-12T08:30:00+07:00,,,2025-09-12T14:26:36+07:00,COMPLETED,20,1562.08,6.9793,56.0,56.312,56.312,2.331,7.195,FUEL202509,853.25,903.6,229.81,True,Synthetic cost model; fuel unit-price benchmark from EPPO,True
T01516,L_CNX,LAST_MILE,V027,H_CNX,H_CNX,20250912_CNX,2025-09-12T09:01:00+07:00,2025-09-12T13:35:41+07:00,2025-09-12T09:01:00+07:00,,,2025-09-12T14:05:02+07:00,COMPLETED,20,1336.13,6.4162,56.0,60.992,60.992,1.917,7.406,FUEL202509,853.25,890.75,236.55,True,Synthetic cost model; fuel unit-price benchmark from EPPO,True
T01517,L_CNX,LAST_MILE,V025,H_CNX,H_CNX,20250912_CNX,2025-09-12T10:41:00+07:00,2025-09-12T14:43:13+07:00,2025-09-12T10:41:00+07:00,,,2025-09-12T15:17:01+07:00,COMPLETED,18,1384.96,5.4125,52.4,52.556,52.556,1.662,6.81,FUEL202509,791.19,804.19,217.51,True,Synthetic cost model; fuel unit-price benchmark from EPPO,True
T01518,L_KKC,LAST_MILE,V031,H_KKC,H_KKC,20250912_KKC,2025-09-12T13:11:00+07:00,2025-09-12T14:15:05+07:00,2025-09-13T08:30:00+07:00,,,2025-09-13T10:50:35+07:00,COMPLETED,2,114.82,0.4714,23.6,23.186,23.186,0.926,2.664,FUEL202509,294.66,299.08,85.09,True,Synthetic cost model; fuel unit-price benchmark from EPPO,True
T01519,L_BKK,LAST_MILE,V029,H_BKK,H_BKK,20250912_BKK,2025-09-12T14:19:00+07:00,2025-09-12T15:11:44+07:00,2025-09-13T08:30:00+07:00,,,2025-09-13T10:23:29+07:00,COMPLETED,1,180,0.6718,21.8,21.25,21.25,0.775,2.372,FUEL202509,263.62,258.9,75.76,True,Synthetic cost model; fuel unit-price benchmark from EPPO,True
T01520,L_CNX,LAST_MILE,V026,H_CNX,H_CNX,20250912_CNX,2025-09-12T14:27:00+07:00,2025-09-12T15:27:32+07:00,2025-09-13T08:30:00+07:00,,,2025-09-13T10:16:04+07:00,COMPLETED,2,63.11,0.3669,23.6,21.532,21.532,0.819,2.578,FUEL202509,294.66,285.56,82.34,True,Synthetic cost model; fuel unit-price benchmark from EPPO,True
T01521,L_NMA,LAST_MILE,V038,H_NMA,H_NMA,20250913_NMA,2025-09-13T08:30:00+07:00,2025-09-13T13:05:25+07:00,2025-09-13T08:30:00+07:00,,,2025-09-13T14:13:53+07:00,COMPLETED,20,1651.32,7.5713,56.0,61.332,61.332,2.159,8.049,FUEL202509,853.25,928.9,257.09,True,Synthetic cost model; fuel unit-price benchmark from EPPO,True
T01522,L_CNX,LAST_MILE,V027,H_CNX,H_CNX,20250913_CNX,2025-09-13T08:30:00+07:00,2025-09-13T13:00:29+07:00,2025-09-13T08:30:00+07:00,,,2025-09-13T14:06:40+07:00,COMPLETED,20,1321.73,5.7446,56.0,59.031,59.031,1.857,7.159,FUEL202509,853.25,874.7,228.66,True,Synthetic cost model; fuel unit-price benchmark from EPPO,True
T01523,L_CNX,LAST_MILE,V028,H_CNX,H_CNX,20250913_CNX,2025-09-13T08:30:00+07:00,2025-09-13T12:39:39+07:00,2025-09-13T08:30:00+07:00,,,2025-09-13T14:16:14+07:00,COMPLETED,19,1293.39,5.8223,54.2,52.67,52.67,2.188,7.247,FUEL202509,822.22,871.56,231.47,True,Synthetic cost model; fuel unit-price benchmark from EPPO,True
T01524,L_RET,LAST_MILE,V041,H_RET,H_RET,20250913_RET,2025-09-13T08:46:00+07:00,2025-09-13T12:58:59+07:00,2025-09-13T08:46:00+07:00,,,2025-09-13T13:10:24+07:00,COMPLETED,20,1470.82,6.8572,56.0,50.861,50.861,1.649,6.193,FUEL202509,853.25,812.92,197.8,True,Synthetic cost model; fuel unit-price benchmark from EPPO,True
T01525,L_BKK,LAST_MILE,V030,H_BKK,H_BKK,20250913_BKK,2025-09-13T13:25:00+07:00,2025-09-13T14:34:28+07:00,2025-09-13T13:25:00+07:00,,,2025-09-13T15:45:19+07:00,COMPLETED,2,183.04,1.0206,23.6,25.7,25.7,1.068,3.056,FUEL202509,294.66,326.57,97.61,True,Synthetic cost model; fuel unit-price benchmark from EPPO,True
T01526,L_KKC,LAST_MILE,V032,H_KKC,H_KKC,20250913_KKC,2025-09-13T13:50:00+07:00,2025-09-13T14:44:07+07:00,2025-09-13T13:50:00+07:00,,,2025-09-13T15:50:43+07:00,COMPLETED,1,44.49,0.1901,21.8,21.9,21.9,0.718,2.557,FUEL202509,263.62,262.15,81.67,True,Synthetic cost model; fuel unit-price benchmark from EPPO,True
T01527,L_KKC,LAST_MILE,V031,H_KKC,H_KKC,20250913_KKC,2025-09-13T13:58:00+07:00,2025-09-13T15:06:53+07:00,2025-09-14T08:30:00+07:00,,,2025-09-14T10:33:02+07:00,COMPLETED,2,59.06,0.2296,23.6,25.43,25.43,0.87,2.984,FUEL202509,294.66,309.86,95.31,True,Synthetic cost model; fuel unit-price benchmark from EPPO,True
T01528,L_CNX,LAST_MILE,V025,H_CNX,H_CNX,20250913_CNX,2025-09-13T14:35:00+07:00,2025-09-13T16:04:00+07:00,2025-09-13T14:35:00+07:00,,,2025-09-13T16:43:59+07:00,COMPLETED,4,276.36,1.154,27.2,28.095,28.095,0.966,3.343,FUEL202509,356.72,366.19,106.78,True,Synthetic cost model; fuel unit-price benchmark from EPPO,True
T01529,L_RET,LAST_MILE,V042,H_RET,H_RET,20250913_RET,2025-09-13T14:56:00+07:00,2025-09-13T15:55:59+07:00,2025-09-13T14:56:00+07:00,,,2025-09-13T16:46:32+07:00,COMPLETED,2,132.32,0.5443,23.6,21.276,21.276,0.731,2.403,FUEL202509,294.66,273.3,76.75,True,Synthetic cost model; fuel unit-price benchmark from EPPO,True
T01530,L_CNX,LAST_MILE,V027,H_CNX,H_CNX,20250913_CNX,2025-09-13T15:47:00+07:00,2025-09-13T17:04:28+07:00,2025-09-14T08:30:00+07:00,,,2025-09-14T10:47:40+07:00,COMPLETED,3,132.29,0.5056,25.4,26.074,26.074,0.822,2.888,FUEL202509,325.69,321.13,92.24,True,Synthetic cost model; fuel unit-price benchmark from EPPO,True
T01531,L_CNX,LAST_MILE,V025,H_CNX,H_CNX,20250914_CNX,2025-09-14T08:30:00+07:00,2025-09-14T12:27:09+07:00,2025-09-14T08:30:00+07:00,,,2025-09-14T13:48:42+07:00,COMPLETED,18,1752.68,8.4479,52.4,50.193,50.193,1.893,6.874,FUEL202509,791.19,817.63,219.56,True,Synthetic cost model; fuel unit-price benchmark from EPPO,True
T01532,L_CNX,LAST_MILE,V028,H_CNX,H_CNX,20250914_CNX,2025-09-14T08:30:00+07:00,2025-09-14T09:37:46+07:00,2025-09-14T08:30:00+07:00,,,2025-09-14T11:23:31+07:00,COMPLETED,2,139.94,0.7155,23.6,24.91,24.91,1.029,3.219,FUEL202509,294.66,327.44,102.81,True,Synthetic cost model; fuel unit-price benchmark from EPPO,True
T01533,L_CNX,LAST_MILE,V026,H_CNX,H_CNX,20250914_CNX,2025-09-14T08:30:00+07:00,2025-09-14T12:51:56+07:00,2025-09-14T08:30:00+07:00,,,2025-09-14T14:04:23+07:00,COMPLETED,20,1230.85,6.0169,56.0,55.04,55.04,2.238,7.386,FUEL202509,853.25,900.67,235.91,True,Synthetic cost model; fuel unit-price benchmark from EPPO,True
T01534,L_UTH,LAST_MILE,V039,H_UTH,H_UTH,20250914_UTH,2025-09-14T09:04:00+07:00,2025-09-14T13:19:36+07:00,2025-09-14T09:04:00+07:00,,,2025-09-14T14:07:01+07:00,COMPLETED,20,1340.25,5.9331,56.0,52.083,52.083,1.643,6.7,FUEL202509,853.25,831.16,214.0,True,Synthetic cost model; fuel unit-price benchmark from EPPO,True
T01535,L_NMA,LAST_MILE,V038,H_NMA,H_NMA,20250914_NMA,2025-09-14T14:43:00+07:00,2025-09-14T16:28:24+07:00,2025-09-14T14:43:00+07:00,,,2025-09-14T18:14:10+07:00,COMPLETED,5,329.12,1.5363,29.0,32.39,32.39,1.318,3.835,FUEL202509,387.76,431.53,122.49,True,Synthetic cost model; fuel unit-price benchmark from EPPO,True
T01536,L_CNX,LAST_MILE,V025,H_CNX,H_CNX,20250914_CNX,2025-09-14T14:46:00+07:00,2025-09-14T15:38:30+07:00,2025-09-15T08:30:00+07:00,,,2025-09-15T10:09:29+07:00,COMPLETED,1,174.57,0.5854,21.8,21.142,21.142,0.776,2.561,FUEL202509,263.62,264.8,81.8,True,Synthetic cost model; fuel unit-price benchmark from EPPO,True
T01537,L_CNX,LAST_MILE,V027,H_CNX,H_CNX,20250915_CNX,2025-09-15T08:30:00+07:00,2025-09-15T12:44:10+07:00,2025-09-15T08:30:00+07:00,,,2025-09-15T14:06:19+07:00,COMPLETED,18,1433.33,7.0255,52.4,58.132,58.132,2.168,7.488,FUEL202509,791.19,872.42,239.17,True,Synthetic cost model; fuel unit-price benchmark from EPPO,True
T01538,L_LPT,LAST_MILE,V043,H_LPT,H_LPT,20250915_LPT,2025-09-15T08:30:00+07:00,2025-09-15T13:02:38+07:00,2025-09-15T08:30:00+07:00,,,2025-09-15T13:52:23+07:00,COMPLETED,20,1465.96,7.0968,56.0,60.036,60.036,2.469,7.715,FUEL202509,853.25,937.34,246.42,True,Synthetic cost model; fuel unit-price benchmark from EPPO,True
T01539,L_BKK,LAST_MILE,V029,H_BKK,H_BKK,20250915_BKK,2025-09-15T08:30:00+07:00,2025-09-15T12:50:05+07:00,2025-09-15T08:30:00+07:00,,,2025-09-15T13:31:36+07:00,COMPLETED,19,1301.15,6.5981,54.2,57.534,57.534,1.851,7.479,FUEL202509,822.22,865.11,238.88,True,Synthetic cost model; fuel unit-price benchmark from EPPO,True
T01540,L_KSN,LAST_MILE,V034,H_KSN,H_KSN,20250915_KSN,2025-09-15T08:30:00+07:00,2025-09-15T12:55:45+07:00,2025-09-15T08:30:00+07:00,,,2025-09-15T13:37:56+07:00,COMPLETED,20,1684.6,7.9195,56.0,56.818,56.818,1.945,7.537,FUEL202509,853.25,888.52,240.73,True,Synthetic cost model; fuel unit-price benchmark from EPPO,True
T01541,L_BKK,LAST_MILE,V030,H_BKK,H_BKK,20250915_BKK,2025-09-15T08:30:00+07:00,2025-09-15T12:40:30+07:00,2025-09-15T08:30:00+07:00,,,2025-09-15T14:14:37+07:00,COMPLETED,19,1694.95,7.6925,54.2,53.061,53.061,1.792,7.094,FUEL202509,822.22,839.76,226.58,True,Synthetic cost model; fuel unit-price benchmark from EPPO,True
T01542,L_CNX,LAST_MILE,V026,H_CNX,H_CNX,20250915_CNX,2025-09-15T14:18:00+07:00,2025-09-15T15:08:24+07:00,2025-09-15T14:18:00+07:00,,,2025-09-15T16:36:36+07:00,COMPLETED,1,180,0.8321,21.8,20.163,20.163,0.838,2.563,FUEL202509,263.62,267.22,81.86,True,Synthetic cost model; fuel unit-price benchmark from EPPO,True
T01543,L_CNX,LAST_MILE,V028,H_CNX,H_CNX,20250915_CNX,2025-09-15T14:34:00+07:00,2025-09-15T15:46:24+07:00,2025-09-15T14:34:00+07:00,,,2025-09-15T16:30:33+07:00,COMPLETED,3,130.23,0.5973,25.4,23.709,23.709,0.813,3.142,FUEL202509,325.69,323.86,100.36,True,Synthetic cost model; fuel unit-price benchmark from EPPO,True
T01544,L_UTH,LAST_MILE,V040,H_UTH,H_UTH,20250915_UTH,2025-09-15T14:37:00+07:00,2025-09-15T15:44:21+07:00,2025-09-15T14:37:00+07:00,,,2025-09-15T16:01:02+07:00,COMPLETED,2,184.09,0.9435,23.6,24.716,24.716,0.873,2.786,FUEL202509,294.66,302.34,88.98,True,Synthetic cost model; fuel unit-price benchmark from EPPO,True
T01545,L_CNX,LAST_MILE,V025,H_CNX,H_CNX,20250916_CNX,2025-09-16T08:30:00+07:00,2025-09-16T12:51:10+07:00,2025-09-16T08:30:00+07:00,,,2025-09-16T13:12:51+07:00,COMPLETED,20,1326.55,6.4551,56.0,54.681,54.681,1.723,6.944,FUEL202509,853.25,849.79,221.79,True,Synthetic cost model; fuel unit-price benchmark from EPPO,True
T01546,L_SSK,LAST_MILE,V035,H_SSK,H_SSK,20250916_SSK,2025-09-16T08:30:00+07:00,2025-09-16T12:29:25+07:00,2025-09-16T08:30:00+07:00,,,2025-09-16T13:46:30+07:00,COMPLETED,17,1778.59,7.8573,50.6,54.608,54.608,1.843,8.186,FUEL202509,760.16,848.52,261.46,True,Synthetic cost model; fuel unit-price benchmark from EPPO,True
T01547,L_SSK,LAST_MILE,V036,H_SSK,H_SSK,20250916_SSK,2025-09-16T08:30:00+07:00,2025-09-16T09:50:10+07:00,2025-09-16T08:30:00+07:00,,,2025-09-16T10:36:52+07:00,COMPLETED,3,324.72,1.5649,25.4,27.335,27.335,0.929,3.462,FUEL202509,325.69,349.5,110.58,True,Synthetic cost model; fuel unit-price benchmark from EPPO,True
T01548,L_BKK,LAST_MILE,V030,H_BKK,H_BKK,20250916_BKK,2025-09-16T08:30:00+07:00,2025-09-16T13:07:32+07:00,2025-09-16T08:30:00+07:00,,,2025-09-16T14:16:53+07:00,COMPLETED,20,1354.51,6.1292,56.0,62.323,62.323,2.055,8.105,FUEL202509,853.25,925.4,258.87,True,Synthetic cost model; fuel unit-price benchmark from EPPO,True
T01549,L_CNX,LAST_MILE,V026,H_CNX,H_CNX,20250916_CNX,2025-09-16T09:27:00+07:00,2025-09-16T13:53:13+07:00,2025-09-16T09:27:00+07:00,,,2025-09-16T14:39:38+07:00,COMPLETED,19,1301.53,5.7706,54.2,60.399,60.399,2.207,7.825,FUEL202509,822.22,906.79,249.93,True,Synthetic cost model; fuel unit-price benchmark from EPPO,True
T01550,L_BKK,LAST_MILE,V029,H_BKK,H_BKK,20250916_BKK,2025-09-16T14:01:00+07:00,2025-09-16T14:55:26+07:00,2025-09-16T14:01:00+07:00,,,2025-09-16T16:25:37+07:00,COMPLETED,1,109.44,0.6768,21.8,22.044,22.044,0.754,2.617,FUEL202509,263.62,266.83,83.59,True,Synthetic cost model; fuel unit-price benchmark from EPPO,True
T01551,L_KSN,LAST_MILE,V034,H_KSN,H_KSN,20250916_KSN,2025-09-16T14:07:00+07:00,2025-09-16T15:04:07+07:00,2025-09-16T14:07:00+07:00,,,2025-09-16T15:59:38+07:00,COMPLETED,1,174.21,0.9389,21.8,23.302,23.302,0.901,2.709,FUEL202509,263.62,282.61,86.53,True,Synthetic cost model; fuel unit-price benchmark from EPPO,True
T01552,L_LPT,LAST_MILE,V043,H_LPT,H_LPT,20250916_LPT,2025-09-16T14:22:00+07:00,2025-09-16T15:32:08+07:00,2025-09-16T14:22:00+07:00,,,2025-09-16T16:26:26+07:00,COMPLETED,2,87.53,0.4667,23.6,26.016,26.016,0.827,3.134,FUEL202509,294.66,312.82,100.1,True,Synthetic cost model; fuel unit-price benchmark from EPPO,True
T01553,L_BKK,LAST_MILE,V029,H_BKK,H_BKK,20250916_BKK,2025-09-16T14:44:00+07:00,2025-09-16T15:34:50+07:00,2025-09-17T08:30:00+07:00,,,2025-09-17T10:55:04+07:00,COMPLETED,1,29.64,0.1082,21.8,20.367,20.367,0.805,2.404,FUEL202509,263.62,260.25,76.78,True,Synthetic cost model; fuel unit-price benchmark from EPPO,True
T01554,L_UTH,LAST_MILE,V039,H_UTH,H_UTH,20250917_UTH,2025-09-17T08:30:00+07:00,2025-09-17T12:43:31+07:00,2025-09-17T08:30:00+07:00,,,2025-09-17T13:49:07+07:00,COMPLETED,20,1466.19,6.1549,56.0,51.111,51.111,2.077,6.919,FUEL202509,853.25,866.59,220.99,True,Synthetic cost model; fuel unit-price benchmark from EPPO,True
T01555,L_CNX,LAST_MILE,V026,H_CNX,H_CNX,20250917_CNX,2025-09-17T08:30:00+07:00,2025-09-17T12:44:40+07:00,2025-09-17T08:30:00+07:00,,,2025-09-17T14:09:56+07:00,COMPLETED,20,1391.93,6.0144,56.0,51.651,51.651,1.907,6.845,FUEL202509,853.25,853.41,218.63,True,Synthetic cost model; fuel unit-price benchmark from EPPO,True
T01556,L_CNX,LAST_MILE,V027,H_CNX,H_CNX,20250917_CNX,2025-09-17T10:34:00+07:00,2025-09-17T15:11:38+07:00,2025-09-17T10:34:00+07:00,,,2025-09-17T16:08:55+07:00,COMPLETED,20,1534.92,7.2761,56.0,62.363,62.363,2.272,7.694,FUEL202509,853.25,927.49,245.75,True,Synthetic cost model; fuel unit-price benchmark from EPPO,True
T01557,L_CNX,LAST_MILE,V025,H_CNX,H_CNX,20250917_CNX,2025-09-17T13:42:00+07:00,2025-09-17T14:44:32+07:00,2025-09-17T13:42:00+07:00,,,2025-09-17T15:37:31+07:00,COMPLETED,2,188.96,0.8929,23.6,22.467,22.467,0.934,2.656,FUEL202509,294.66,297.92,84.83,True,Synthetic cost model; fuel unit-price benchmark from EPPO,True
T01558,L_SSK,LAST_MILE,V035,H_SSK,H_SSK,20250917_SSK,2025-09-17T14:16:00+07:00,2025-09-17T15:17:10+07:00,2025-09-17T14:16:00+07:00,,,2025-09-17T16:50:05+07:00,COMPLETED,2,360,1.5399,23.6,21.827,21.827,0.793,2.928,FUEL202509,294.66,295.48,93.52,True,Synthetic cost model; fuel unit-price benchmark from EPPO,True
T01559,L_BKK,LAST_MILE,V030,H_BKK,H_BKK,20250917_BKK,2025-09-17T14:46:00+07:00,2025-09-17T15:44:57+07:00,2025-09-17T14:46:00+07:00,,,2025-09-17T17:28:05+07:00,COMPLETED,1,66.9,0.3299,21.8,24.15,24.15,0.908,2.774,FUEL202509,263.62,286.87,88.6,True,Synthetic cost model; fuel unit-price benchmark from EPPO,True
T01560,L_CNX,LAST_MILE,V028,H_CNX,H_CNX,20250917_CNX,2025-09-17T15:09:00+07:00,2025-09-17T16:08:09+07:00,2025-09-17T15:09:00+07:00,,,2025-09-17T16:56:56+07:00,COMPLETED,1,52.15,0.2109,21.8,24.245,24.245,0.97,3.036,FUEL202509,263.62,299.78,96.97,True,Synthetic cost model; fuel unit-price benchmark from EPPO,True
T01561,L_BKK,LAST_MILE,V029,H_BKK,H_BKK,20250918_BKK,2025-09-18T08:30:00+07:00,2025-09-18T12:44:12+07:00,2025-09-18T08:30:00+07:00,,,2025-09-18T13:35:33+07:00,COMPLETED,20,1536.28,7.0246,56.0,51.427,51.427,1.69,6.638,FUEL202509,853.25,831.18,212.02,True,Synthetic cost model; fuel unit-price benchmark from EPPO,True
T01562,L_BKK,LAST_MILE,V030,H_BKK,H_BKK,20250918_BKK,2025-09-18T08:30:00+07:00,2025-09-18T12:57:01+07:00,2025-09-18T08:30:00+07:00,,,2025-09-18T14:18:23+07:00,COMPLETED,20,1433.4,6.4277,56.0,57.412,57.412,2.272,7.321,FUEL202509,853.25,905.71,233.83,True,Synthetic cost model; fuel unit-price benchmark from EPPO,True
T01563,L_BKK,LAST_MILE,V029,H_BKK,H_BKK,20250918_BKK,2025-09-18T08:30:00+07:00,2025-09-18T12:59:42+07:00,2025-09-19T08:30:00+07:00,,,2025-09-19T14:03:04+07:00,COMPLETED,20,1462.74,6.6122,56.0,58.667,58.667,2.124,7.527,FUEL202509,853.25,904.41,240.41,True,Synthetic cost model; fuel unit-price benchmark from EPPO,True
T01564,L_SSK,LAST_MILE,V035,H_SSK,H_SSK,20250918_SSK,2025-09-18T14:01:00+07:00,2025-09-18T18:03:24+07:00,2025-09-18T14:01:00+07:00,,,2025-09-18T19:20:51+07:00,COMPLETED,19,1259.21,6.115,54.2,49.286,49.286,1.831,7.265,FUEL202509,822.22,840.37,232.04,True,Synthetic cost model; fuel unit-price benchmark from EPPO,True
T01565,L_UTH,LAST_MILE,V039,H_UTH,H_UTH,20250918_UTH,2025-09-18T14:19:00+07:00,2025-09-18T15:27:49+07:00,2025-09-18T14:19:00+07:00,,,2025-09-18T16:37:53+07:00,COMPLETED,2,73.26,0.3619,23.6,25.4,25.4,0.815,3.17,FUEL202509,294.66,311.93,101.25,True,Synthetic cost model; fuel unit-price benchmark from EPPO,True
T01566,L_CNX,LAST_MILE,V025,H_CNX,H_CNX,20250918_CNX,2025-09-18T14:39:00+07:00,2025-09-18T15:31:59+07:00,2025-09-18T14:39:00+07:00,,,2025-09-18T16:33:03+07:00,COMPLETED,1,180,0.6045,21.8,21.366,21.366,0.669,2.486,FUEL202509,263.62,255.34,79.4,True,Synthetic cost model; fuel unit-price benchmark from EPPO,True
T01567,L_CNX,LAST_MILE,V026,H_CNX,H_CNX,20250918_CNX,2025-09-18T15:08:00+07:00,2025-09-18T19:33:38+07:00,2025-09-18T15:08:00+07:00,,,2025-09-18T20:31:15+07:00,COMPLETED,20,1400.82,6.4368,56.0,56.763,56.763,2.05,7.412,FUEL202509,853.25,891.74,236.74,True,Synthetic cost model; fuel unit-price benchmark from EPPO,True
T01568,L_NMA,LAST_MILE,V037,H_NMA,H_NMA,20250919_NMA,2025-09-19T08:30:00+07:00,2025-09-19T12:57:07+07:00,2025-09-19T08:30:00+07:00,,,2025-09-19T14:20:32+07:00,COMPLETED,20,1592.24,6.5885,56.0,57.459,57.459,2.284,7.292,FUEL202509,853.25,905.71,232.91,True,Synthetic cost model; fuel unit-price benchmark from EPPO,True
T01569,L_LPT,LAST_MILE,V044,H_LPT,H_LPT,20250919_LPT,2025-09-19T08:30:00+07:00,2025-09-19T12:51:38+07:00,2025-09-19T08:30:00+07:00,,,2025-09-19T14:12:10+07:00,COMPLETED,20,1215.76,5.904,56.0,54.896,54.896,1.969,7.145,FUEL202509,853.25,873.81,228.21,True,Synthetic cost model; fuel unit-price benchmark from EPPO,True
T01570,L_KKC,LAST_MILE,V032,H_KKC,H_KKC,20250919_KKC,2025-09-19T08:30:00+07:00,2025-09-19T13:03:01+07:00,2025-09-19T08:30:00+07:00,,,2025-09-19T14:06:15+07:00,COMPLETED,20,1626.88,8.0908,56.0,60.209,60.209,2.224,7.624,FUEL202509,853.25,917.62,243.51,True,Synthetic cost model; fuel unit-price benchmark from EPPO,True
T01571,L_CNX,LAST_MILE,V028,H_CNX,H_CNX,20250919_CNX,2025-09-19T08:30:00+07:00,2025-09-19T12:48:56+07:00,2025-09-19T08:30:00+07:00,,,2025-09-19T13:53:51+07:00,COMPLETED,19,1019.85,4.7645,54.2,56.997,56.997,2.006,7.557,FUEL202509,822.22,877.36,241.37,True,Synthetic cost model; fuel unit-price benchmark from EPPO,True
T01572,L_KSN,LAST_MILE,V034,H_KSN,H_KSN,20250919_KSN,2025-09-19T08:30:00+07:00,2025-09-19T13:06:15+07:00,2025-09-19T08:30:00+07:00,,,2025-09-19T13:30:44+07:00,COMPLETED,20,1662.17,7.268,56.0,61.724,61.724,2.364,7.846,FUEL202509,853.25,937.51,250.6,True,Synthetic cost model; fuel unit-price benchmark from EPPO,True
T01573,L_CNX,LAST_MILE,V027,H_CNX,H_CNX,20250919_CNX,2025-09-19T10:28:00+07:00,2025-09-19T14:30:41+07:00,2025-09-19T10:28:00+07:00,,,2025-09-19T14:48:57+07:00,COMPLETED,19,1252.83,5.9153,54.2,49.415,49.415,1.813,5.869,FUEL202509,822.22,794.83,187.46,True,Synthetic cost model; fuel unit-price benchmark from EPPO,True
T01574,L_CNX,LAST_MILE,V026,H_CNX,H_CNX,20250919_CNX,2025-09-19T10:45:00+07:00,2025-09-19T15:01:34+07:00,2025-09-19T10:45:00+07:00,,,2025-09-19T15:37:00+07:00,COMPLETED,19,1103.8,5.2971,54.2,55.893,55.893,2.073,7.129,FUEL202509,822.22,866.22,227.7,True,Synthetic cost model; fuel unit-price benchmark from EPPO,True
T01575,L_KKC,LAST_MILE,V031,H_KKC,H_KKC,20250919_KKC,2025-09-19T11:44:00+07:00,2025-09-19T16:06:39+07:00,2025-09-19T11:44:00+07:00,,,2025-09-19T16:39:01+07:00,COMPLETED,20,1467.6,7.1173,56.0,55.373,55.373,2.074,6.948,FUEL202509,853.25,875.85,221.92,True,Synthetic cost model; fuel unit-price benchmark from EPPO,True
T01576,L_CNX,LAST_MILE,V025,H_CNX,H_CNX,20250919_CNX,2025-09-19T12:41:00+07:00,2025-09-19T16:56:52+07:00,2025-09-19T12:41:00+07:00,,,2025-09-19T17:04:38+07:00,COMPLETED,20,1617.61,7.4225,56.0,52.208,52.208,1.765,6.788,FUEL202509,853.25,842.8,216.81,True,Synthetic cost model; fuel unit-price benchmark from EPPO,True
T01577,L_BKK,LAST_MILE,V030,H_BKK,H_BKK,20250919_BKK,2025-09-19T14:05:00+07:00,2025-09-19T15:13:12+07:00,2025-09-19T14:05:00+07:00,,,2025-09-19T15:48:01+07:00,COMPLETED,2,193.16,0.8641,23.6,25.114,25.114,0.799,2.795,FUEL202509,294.66,298.22,89.27,True,Synthetic cost model; fuel unit-price benchmark from EPPO,True
T01578,L_CNX,LAST_MILE,V026,H_CNX,H_CNX,20250920_CNX,2025-09-20T08:30:00+07:00,2025-09-20T13:03:44+07:00,2025-09-20T08:30:00+07:00,,,2025-09-20T14:17:39+07:00,COMPLETED,20,1404.59,6.4338,56.0,60.549,60.549,2.026,8.239,FUEL202509,853.25,924.04,263.15,True,Synthetic cost model; fuel unit-price benchmark from EPPO,True
T01579,L_SSK,LAST_MILE,V035,H_SSK,H_SSK,20250920_SSK,2025-09-20T08:30:00+07:00,2025-09-20T09:19:49+07:00,2025-09-20T08:30:00+07:00,,,2025-09-20T10:41:05+07:00,COMPLETED,1,40.15,0.1553,21.8,19.892,19.892,0.663,2.606,FUEL202509,263.62,255.83,83.24,True,Synthetic cost model; fuel unit-price benchmark from EPPO,True
T01580,L_CNX,LAST_MILE,V027,H_CNX,H_CNX,20250920_CNX,2025-09-20T08:30:00+07:00,2025-09-20T09:21:09+07:00,2025-09-20T08:30:00+07:00,,,2025-09-20T10:36:33+07:00,COMPLETED,1,37.56,0.2241,21.8,20.514,20.514,0.784,2.314,FUEL202509,263.62,256.25,73.91,True,Synthetic cost model; fuel unit-price benchmark from EPPO,True
T01581,L_SSK,LAST_MILE,V036,H_SSK,H_SSK,20250920_SSK,2025-09-20T11:59:00+07:00,2025-09-20T16:01:45+07:00,2025-09-20T11:59:00+07:00,,,2025-09-20T17:30:12+07:00,COMPLETED,19,1653.42,7.0805,54.2,49.45,49.45,1.571,6.946,FUEL202509,822.22,812.34,221.86,True,Synthetic cost model; fuel unit-price benchmark from EPPO,True
T01582,L_KSN,LAST_MILE,V033,H_KSN,H_KSN,20250920_KSN,2025-09-20T14:00:00+07:00,2025-09-20T14:54:37+07:00,2025-09-20T14:00:00+07:00,,,2025-09-20T16:01:32+07:00,COMPLETED,1,40.85,0.1559,21.8,22.133,22.133,0.711,2.605,FUEL202509,263.62,263.61,83.2,True,Synthetic cost model; fuel unit-price benchmark from EPPO,True
T01583,L_CNX,LAST_MILE,V025,H_CNX,H_CNX,20250920_CNX,2025-09-20T14:23:00+07:00,2025-09-20T15:37:25+07:00,2025-09-20T14:23:00+07:00,,,2025-09-20T16:58:06+07:00,COMPLETED,3,152.38,0.6792,25.4,24.649,24.649,0.959,2.981,FUEL202509,325.69,330.8,95.21,True,Synthetic cost model; fuel unit-price benchmark from EPPO,True
T01584,L_BKK,LAST_MILE,V029,H_BKK,H_BKK,20250920_BKK,2025-09-20T14:33:00+07:00,2025-09-20T15:23:25+07:00,2025-09-20T14:33:00+07:00,,,2025-09-20T16:55:01+07:00,COMPLETED,1,51.33,0.316,21.8,20.174,20.174,0.688,2.324,FUEL202509,263.62,249.12,74.23,True,Synthetic cost model; fuel unit-price benchmark from EPPO,True
T01585,L_NMA,LAST_MILE,V037,H_NMA,H_NMA,20250920_NMA,2025-09-20T14:50:00+07:00,2025-09-20T15:53:03+07:00,2025-09-20T14:50:00+07:00,,,2025-09-20T16:52:47+07:00,COMPLETED,2,153.71,0.5501,23.6,22.709,22.709,0.935,2.539,FUEL202509,294.66,294.8,81.1,True,Synthetic cost model; fuel unit-price benchmark from EPPO,True
T01586,L_CNX,LAST_MILE,V028,H_CNX,H_CNX,20250920_CNX,2025-09-20T15:18:00+07:00,2025-09-20T16:21:19+07:00,2025-09-20T15:18:00+07:00,,,2025-09-20T17:32:11+07:00,COMPLETED,2,132.12,0.6785,23.6,22.831,22.831,0.784,2.949,FUEL202509,294.66,297.53,94.19,True,Synthetic cost model; fuel unit-price benchmark from EPPO,True
T01587,L_CNX,LAST_MILE,V026,H_CNX,H_CNX,20250920_CNX,2025-09-20T16:07:00+07:00,2025-09-20T16:59:43+07:00,2025-09-21T08:30:00+07:00,,,2025-09-21T10:13:25+07:00,COMPLETED,1,71.0,0.3037,21.8,21.246,21.246,0.758,2.611,FUEL202509,263.62,265.36,83.4,True,Synthetic cost model; fuel unit-price benchmark from EPPO,True
T01588,L_LPT,LAST_MILE,V043,H_LPT,H_LPT,20250921_LPT,2025-09-21T08:30:00+07:00,2025-09-21T12:59:51+07:00,2025-09-21T08:30:00+07:00,,,2025-09-21T13:45:02+07:00,COMPLETED,20,1531.49,7.0434,56.0,58.734,58.734,1.981,7.782,FUEL202509,853.25,902.69,248.56,True,Synthetic cost model; fuel unit-price benchmark from EPPO,True
T01589,L_KKC,LAST_MILE,V031,H_KKC,H_KKC,20250921_KKC,2025-09-21T08:30:00+07:00,2025-09-21T09:37:41+07:00,2025-09-21T08:30:00+07:00,,,2025-09-21T10:54:35+07:00,COMPLETED,2,276.53,1.5641,23.6,24.87,24.87,0.834,2.965,FUEL202509,294.66,305.59,94.7,True,Synthetic cost model; fuel unit-price benchmark from EPPO,True
T01590,L_CNX,LAST_MILE,V025,H_CNX,H_CNX,20250921_CNX,2025-09-21T08:30:00+07:00,2025-09-21T09:19:39+07:00,2025-09-21T08:30:00+07:00,,,2025-09-21T10:10:53+07:00,COMPLETED,1,49.89,0.2468,21.8,19.811,19.811,0.72,2.319,FUEL202509,263.62,250.5,74.07,True,Synthetic cost model; fuel unit-price benchmark from EPPO,True
T01591,L_CNX,LAST_MILE,V028,H_CNX,H_CNX,20250921_CNX,2025-09-21T14:47:00+07:00,2025-09-21T16:08:03+07:00,2025-09-21T14:47:00+07:00,,,2025-09-21T17:57:22+07:00,COMPLETED,3,92.9,0.4236,25.4,27.749,27.749,1.155,3.485,FUEL202509,325.69,366.87,111.31,True,Synthetic cost model; fuel unit-price benchmark from EPPO,True
T01592,L_CNX,LAST_MILE,V025,H_CNX,H_CNX,20250922_CNX,2025-09-22T08:30:00+07:00,2025-09-22T13:03:34+07:00,2025-09-22T08:30:00+07:00,,,2025-09-22T14:02:25+07:00,COMPLETED,20,1314.39,5.87,56.0,60.468,60.468,2.265,7.991,FUEL202509,853.25,932.69,255.23,True,Synthetic cost model; fuel unit-price benchmark from EPPO,True
T01593,L_CNX,LAST_MILE,V027,H_CNX,H_CNX,20250922_CNX,2025-09-22T08:30:00+07:00,2025-09-22T13:01:33+07:00,2025-09-22T08:30:00+07:00,,,2025-09-22T14:16:24+07:00,COMPLETED,20,1102.81,4.9765,56.0,59.525,59.525,2.46,7.277,FUEL202509,853.25,921.69,232.43,True,Synthetic cost model; fuel unit-price benchmark from EPPO,True
T01594,L_NMA,LAST_MILE,V038,H_NMA,H_NMA,20250922_NMA,2025-09-22T08:30:00+07:00,2025-09-22T13:05:10+07:00,2025-09-22T08:30:00+07:00,,,2025-09-22T14:16:19+07:00,COMPLETED,20,1649.51,8.003,56.0,61.213,61.213,2.335,7.711,FUEL202509,853.25,930.17,246.29,True,Synthetic cost model; fuel unit-price benchmark from EPPO,True
T01595,L_CNX,LAST_MILE,V026,H_CNX,H_CNX,20250922_CNX,2025-09-22T09:39:00+07:00,2025-09-22T14:08:10+07:00,2025-09-22T09:39:00+07:00,,,2025-09-22T15:32:11+07:00,COMPLETED,20,1418.38,6.9311,56.0,58.412,58.412,2.179,7.957,FUEL202509,853.25,921.49,254.15,True,Synthetic cost model; fuel unit-price benchmark from EPPO,True
T01596,L_CNX,LAST_MILE,V028,H_CNX,H_CNX,20250922_CNX,2025-09-22T10:02:00+07:00,2025-09-22T14:34:03+07:00,2025-09-22T10:02:00+07:00,,,2025-09-22T16:17:33+07:00,COMPLETED,20,1399.01,6.5775,56.0,59.764,59.764,2.179,8.505,FUEL202509,853.25,941.72,271.65,True,Synthetic cost model; fuel unit-price benchmark from EPPO,True
T01597,L_CNX,LAST_MILE,V028,H_CNX,H_CNX,20250922_CNX,2025-09-22T12:52:00+07:00,2025-09-22T17:21:20+07:00,2025-09-23T08:30:00+07:00,,,2025-09-23T14:25:51+07:00,COMPLETED,20,1785.3,9.1537,56.0,58.491,58.491,2.249,8.59,FUEL202509,853.25,946.75,274.36,True,Synthetic cost model; fuel unit-price benchmark from EPPO,True
T01598,L_LPT,LAST_MILE,V043,H_LPT,H_LPT,20250922_LPT,2025-09-22T14:15:00+07:00,2025-09-22T15:13:23+07:00,2025-09-22T14:15:00+07:00,,,2025-09-22T16:02:25+07:00,COMPLETED,1,58.13,0.2696,21.8,23.891,23.891,0.831,3.023,FUEL202509,263.62,288.9,96.55,True,Synthetic cost model; fuel unit-price benchmark from EPPO,True
T01599,L_BKK,LAST_MILE,V029,H_BKK,H_BKK,20250923_BKK,2025-09-23T08:30:00+07:00,2025-09-23T12:51:12+07:00,2025-09-23T08:30:00+07:00,,,2025-09-23T13:48:30+07:00,COMPLETED,19,1232.25,6.0701,54.2,58.055,58.055,2.194,7.205,FUEL202509,822.22,881.41,230.13,True,Synthetic cost model; fuel unit-price benchmark from EPPO,True
T01600,L_SSK,LAST_MILE,V036,H_SSK,H_SSK,20250923_SSK,2025-09-23T14:17:00+07:00,2025-09-23T18:20:16+07:00,2025-09-23T14:17:00+07:00,,,2025-09-23T18:19:22+07:00,COMPLETED,19,1410.22,6.0887,54.2,49.688,49.688,1.553,6.569,FUEL202509,822.22,799.51,209.81,True,Synthetic cost model; fuel unit-price benchmark from EPPO,True
T01601,L_CNX,LAST_MILE,V027,H_CNX,H_CNX,20250923_CNX,2025-09-23T14:32:00+07:00,2025-09-23T15:38:59+07:00,2025-09-23T14:32:00+07:00,,,2025-09-23T17:28:16+07:00,COMPLETED,2,132.56,0.4691,23.6,24.543,24.543,0.999,2.862,FUEL202509,294.66,313.26,91.41,True,Synthetic cost model; fuel unit-price benchmark from EPPO,True
T01602,L_NMA,LAST_MILE,V037,H_NMA,H_NMA,20250923_NMA,2025-09-23T14:46:00+07:00,2025-09-23T15:41:04+07:00,2025-09-23T14:46:00+07:00,,,2025-09-23T17:08:54+07:00,COMPLETED,1,180,1.0134,21.8,22.345,22.345,0.903,2.608,FUEL202509,263.62,277.6,83.3,True,Synthetic cost model; fuel unit-price benchmark from EPPO,True
T01603,L_CNX,LAST_MILE,V026,H_CNX,H_CNX,20250923_CNX,2025-09-23T14:59:00+07:00,2025-09-23T19:26:09+07:00,2025-09-23T14:59:00+07:00,,,2025-09-23T20:30:12+07:00,COMPLETED,20,1348.89,5.9347,56.0,57.471,57.471,1.93,7.99,FUEL202509,853.25,903.26,255.2,True,Synthetic cost model; fuel unit-price benchmark from EPPO,True
T01604,L_CNX,LAST_MILE,V025,H_CNX,H_CNX,20250923_CNX,2025-09-23T16:02:00+07:00,2025-09-23T16:59:31+07:00,2025-09-23T16:02:00+07:00,,,2025-09-23T17:46:30+07:00,COMPLETED,1,157.05,0.9052,21.8,23.486,23.486,0.876,2.916,FUEL202509,263.62,287.8,93.14,True,Synthetic cost model; fuel unit-price benchmark from EPPO,True
T01605,L_BKK,LAST_MILE,V030,H_BKK,H_BKK,20250924_BKK,2025-09-24T08:30:00+07:00,2025-09-24T12:49:18+07:00,2025-09-24T08:30:00+07:00,,,2025-09-24T13:02:31+07:00,COMPLETED,19,1393.21,6.1934,54.2,57.167,57.167,1.952,6.976,FUEL202509,822.22,855.41,222.81,True,Synthetic cost model; fuel unit-price benchmark from EPPO,True
T01606,L_BKK,LAST_MILE,V029,H_BKK,H_BKK,20250924_BKK,2025-09-24T08:30:00+07:00,2025-09-24T12:48:33+07:00,2025-09-24T08:30:00+07:00,,,2025-09-24T14:08:39+07:00,COMPLETED,19,1124.37,4.8142,54.2,56.819,56.819,2.252,6.812,FUEL202509,822.22,870.49,217.58,True,Synthetic cost model; fuel unit-price benchmark from EPPO,True
T01607,L_CNX,LAST_MILE,V026,H_CNX,H_CNX,20250924_CNX,2025-09-24T08:30:00+07:00,2025-09-24T09:34:18+07:00,2025-09-24T08:30:00+07:00,,,2025-09-24T10:44:19+07:00,COMPLETED,2,104.66,0.4802,23.6,23.292,23.292,0.917,2.869,FUEL202509,294.66,305.24,91.64,True,Synthetic cost model; fuel unit-price benchmark from EPPO,True
T01608,L_CNX,LAST_MILE,V025,H_CNX,H_CNX,20250924_CNX,2025-09-24T08:34:00+07:00,2025-09-24T12:58:03+07:00,2025-09-24T08:34:00+07:00,,,2025-09-24T13:49:00+07:00,COMPLETED,20,1467.42,6.5351,56.0,56.029,56.029,2.105,7.496,FUEL202509,853.25,896.86,239.42,True,Synthetic cost model; fuel unit-price benchmark from EPPO,True
T01609,L_CNX,LAST_MILE,V027,H_CNX,H_CNX,20250924_CNX,2025-09-24T10:00:00+07:00,2025-09-24T14:11:05+07:00,2025-09-24T10:00:00+07:00,,,2025-09-24T15:41:20+07:00,COMPLETED,18,1159.89,5.6111,52.4,56.698,56.698,2.28,6.963,FUEL202509,791.19,860.59,222.4,True,Synthetic cost model; fuel unit-price benchmark from EPPO,True
T01610,L_BKK,LAST_MILE,V029,H_BKK,H_BKK,20250924_BKK,2025-09-24T14:18:00+07:00,2025-09-24T15:10:30+07:00,2025-09-25T08:30:00+07:00,,,2025-09-25T10:09:35+07:00,COMPLETED,1,37.98,0.2278,21.8,21.141,21.141,0.815,2.335,FUEL202509,263.62,260.29,74.58,True,Synthetic cost model; fuel unit-price benchmark from EPPO,True
T01611,L_CNX,LAST_MILE,V028,H_CNX,H_CNX,20250924_CNX,2025-09-24T14:55:00+07:00,2025-09-24T16:07:01+07:00,2025-09-24T14:55:00+07:00,,,2025-09-24T16:53:15+07:00,COMPLETED,3,250.93,1.3225,25.4,23.534,23.534,0.882,3.066,FUEL202509,325.69,325.96,97.93,True,Synthetic cost model; fuel unit-price benchmark from EPPO,True
T01612,L_KSN,LAST_MILE,V034,H_KSN,H_KSN,20250925_KSN,2025-09-25T08:30:00+07:00,2025-09-25T12:43:12+07:00,2025-09-25T08:30:00+07:00,,,2025-09-25T13:59:53+07:00,COMPLETED,19,1320.54,5.8242,54.2,54.322,54.322,2.09,6.893,FUEL202509,822.22,856.69,220.16,True,Synthetic cost model; fuel unit-price benchmark from EPPO,True
T01613,L_SSK,LAST_MILE,V036,H_SSK,H_SSK,20250925_SSK,2025-09-25T08:30:00+07:00,2025-09-25T09:26:58+07:00,2025-09-25T08:30:00+07:00,,,2025-09-25T10:24:42+07:00,COMPLETED,1,40.84,0.1433,21.8,23.23,23.23,0.731,2.912,FUEL202509,263.62,277.03,93.01,True,Synthetic cost model; fuel unit-price benchmark from EPPO,True
T01614,L_CNX,LAST_MILE,V026,H_CNX,H_CNX,20250925_CNX,2025-09-25T08:30:00+07:00,2025-09-25T09:25:51+07:00,2025-09-25T08:30:00+07:00,,,2025-09-25T09:43:49+07:00,COMPLETED,1,39.63,0.1597,21.8,22.705,22.705,0.806,2.606,FUEL202509,263.62,271.44,83.24,True,Synthetic cost model; fuel unit-price benchmark from EPPO,True
T01615,L_CNX,LAST_MILE,V027,H_CNX,H_CNX,20250925_CNX,2025-09-25T14:19:00+07:00,2025-09-25T15:13:33+07:00,2025-09-25T14:19:00+07:00,,,2025-09-25T16:29:15+07:00,COMPLETED,1,152.21,0.5766,21.8,22.098,22.098,0.854,2.353,FUEL202509,263.62,265.56,75.15,True,Synthetic cost model; fuel unit-price benchmark from EPPO,True
T01616,L_CNX,LAST_MILE,V025,H_CNX,H_CNX,20250925_CNX,2025-09-25T16:11:00+07:00,2025-09-25T17:16:39+07:00,2025-09-25T16:11:00+07:00,,,2025-09-25T17:35:49+07:00,COMPLETED,2,77.38,0.3439,23.6,23.921,23.921,0.85,2.693,FUEL202509,294.66,296.15,86.01,True,Synthetic cost model; fuel unit-price benchmark from EPPO,True
T01617,L_UTH,LAST_MILE,V039,H_UTH,H_UTH,20250926_UTH,2025-09-26T08:30:00+07:00,2025-09-26T12:47:50+07:00,2025-09-26T08:30:00+07:00,,,2025-09-26T13:13:40+07:00,COMPLETED,19,1348.32,6.0763,54.2,56.484,56.484,2.219,7.458,FUEL202509,822.22,888.11,238.21,True,Synthetic cost model; fuel unit-price benchmark from EPPO,True
T01618,L_KSN,LAST_MILE,V034,H_KSN,H_KSN,20250926_KSN,2025-09-26T08:30:00+07:00,2025-09-26T12:38:00+07:00,2025-09-26T08:30:00+07:00,,,2025-09-26T13:53:09+07:00,COMPLETED,18,981.18,4.6763,52.4,55.254,55.254,2.196,6.756,FUEL202509,791.19,845.22,215.79,True,Synthetic cost model; fuel unit-price benchmark from EPPO,True
T01619,L_CNX,LAST_MILE,V028,H_CNX,H_CNX,20250926_CNX,2025-09-26T10:31:00+07:00,2025-09-26T14:43:49+07:00,2025-09-26T10:31:00+07:00,,,2025-09-26T15:24:20+07:00,COMPLETED,20,1591.44,6.8853,56.0,50.784,50.784,2.001,7.047,FUEL202509,853.25,864.7,225.08,True,Synthetic cost model; fuel unit-price benchmark from EPPO,True
T01620,L_LPT,LAST_MILE,V043,H_LPT,H_LPT,20250926_LPT,2025-09-26T10:48:00+07:00,2025-09-26T14:50:15+07:00,2025-09-26T10:48:00+07:00,,,2025-09-26T15:43:29+07:00,COMPLETED,19,1738.62,7.4869,54.2,49.212,49.212,1.703,6.632,FUEL202509,822.22,811.06,211.83,True,Synthetic cost model; fuel unit-price benchmark from EPPO,True
T01621,L_LPT,LAST_MILE,V044,H_LPT,H_LPT,20250926_LPT,2025-09-26T10:48:00+07:00,2025-09-26T11:47:30+07:00,2025-09-26T10:48:00+07:00,,,2025-09-26T12:45:33+07:00,COMPLETED,1,180,0.6523,21.8,24.413,24.413,0.863,2.891,FUEL202509,263.62,287.99,92.34,True,Synthetic cost model; fuel unit-price benchmark from EPPO,True
T01622,L_KSN,LAST_MILE,V033,H_KSN,H_KSN,20250926_KSN,2025-09-26T14:29:00+07:00,2025-09-26T15:20:44+07:00,2025-09-26T14:29:00+07:00,,,2025-09-26T17:04:06+07:00,COMPLETED,1,160.74,0.6386,21.8,20.788,20.788,0.821,2.507,FUEL202509,263.62,265.5,80.07,True,Synthetic cost model; fuel unit-price benchmark from EPPO,True
T01623,L_CNX,LAST_MILE,V026,H_CNX,H_CNX,20250927_CNX,2025-09-27T08:30:00+07:00,2025-09-27T12:42:46+07:00,2025-09-27T08:30:00+07:00,,,2025-09-27T13:33:24+07:00,COMPLETED,20,1352.36,6.4048,56.0,50.764,50.764,1.701,6.878,FUEL202509,853.25,838.31,219.68,True,Synthetic cost model; fuel unit-price benchmark from EPPO,True
T01624,L_BKK,LAST_MILE,V030,H_BKK,H_BKK,20250927_BKK,2025-09-27T08:30:00+07:00,2025-09-27T12:48:24+07:00,2025-09-27T08:30:00+07:00,,,2025-09-27T13:56:29+07:00,COMPLETED,19,1555.14,6.5939,54.2,56.749,56.749,2.129,7.308,FUEL202509,822.22,877.53,233.42,True,Synthetic cost model; fuel unit-price benchmark from EPPO,True
T01625,L_CNX,LAST_MILE,V028,H_CNX,H_CNX,20250927_CNX,2025-09-27T08:30:00+07:00,2025-09-27T12:49:37+07:00,2025-09-27T08:30:00+07:00,,,2025-09-27T14:14:13+07:00,COMPLETED,20,1026.79,4.7605,56.0,53.959,53.959,2.224,7.456,FUEL202509,853.25,899.74,238.14,True,Synthetic cost model; fuel unit-price benchmark from EPPO,True
T01626,L_BKK,LAST_MILE,V029,H_BKK,H_BKK,20250927_BKK,2025-09-27T08:30:00+07:00,2025-09-27T12:58:38+07:00,2025-09-27T08:30:00+07:00,,,2025-09-27T14:14:05+07:00,COMPLETED,20,1602.61,6.9294,56.0,58.164,58.164,2.151,7.548,FUEL202509,853.25,906.0,241.08,True,Synthetic cost model; fuel unit-price benchmark from EPPO,True
T01627,L_UTH,LAST_MILE,V040,H_UTH,H_UTH,20250927_UTH,2025-09-27T13:43:00+07:00,2025-09-27T14:43:32+07:00,2025-09-27T13:43:00+07:00,,,2025-09-27T16:11:06+07:00,COMPLETED,2,265.38,1.5164,23.6,21.532,21.532,0.892,2.543,FUEL202509,294.66,289.52,81.22,True,Synthetic cost model; fuel unit-price benchmark from EPPO,True
T01628,L_CNX,LAST_MILE,V025,H_CNX,H_CNX,20250927_CNX,2025-09-27T15:54:00+07:00,2025-09-27T16:50:55+07:00,2025-09-27T15:54:00+07:00,,,2025-09-27T17:55:50+07:00,COMPLETED,1,77.53,0.3596,21.8,23.203,23.203,0.766,2.791,FUEL202509,263.62,275.54,89.14,True,Synthetic cost model; fuel unit-price benchmark from EPPO,True
T01629,L_CNX,LAST_MILE,V028,H_CNX,H_CNX,20250928_CNX,2025-09-28T08:30:00+07:00,2025-09-28T12:41:54+07:00,2025-09-28T08:30:00+07:00,,,2025-09-28T13:23:51+07:00,COMPLETED,19,1505.09,7.5714,54.2,53.717,53.717,2.004,7.402,FUEL202509,822.22,865.76,236.42,True,Synthetic cost model; fuel unit-price benchmark from EPPO,True
T01630,L_CNX,LAST_MILE,V027,H_CNX,H_CNX,20250928_CNX,2025-09-28T14:03:00+07:00,2025-09-28T15:23:44+07:00,2025-09-28T14:03:00+07:00,,,2025-09-28T15:51:50+07:00,COMPLETED,3,297.44,1.5905,25.4,27.597,27.597,1.015,3.046,FUEL202509,325.69,342.73,97.29,True,Synthetic cost model; fuel unit-price benchmark from EPPO,True
T01631,L_CNX,LAST_MILE,V026,H_CNX,H_CNX,20250928_CNX,2025-09-28T14:44:00+07:00,2025-09-28T15:38:01+07:00,2025-09-28T14:44:00+07:00,,,2025-09-28T15:53:43+07:00,COMPLETED,1,31.23,0.149,21.8,21.852,21.852,0.744,2.571,FUEL202509,263.62,264.33,82.12,True,Synthetic cost model; fuel unit-price benchmark from EPPO,True
T01632,L_BKK,LAST_MILE,V029,H_BKK,H_BKK,20250928_BKK,2025-09-28T14:44:00+07:00,2025-09-28T15:47:20+07:00,2025-09-28T14:44:00+07:00,,,2025-09-28T16:46:23+07:00,COMPLETED,2,190.51,0.7339,23.6,22.836,22.836,0.721,2.727,FUEL202509,294.66,286.04,87.1,True,Synthetic cost model; fuel unit-price benchmark from EPPO,True
T01633,L_NMA,LAST_MILE,V038,H_NMA,H_NMA,20250929_NMA,2025-09-29T08:30:00+07:00,2025-09-29T13:08:10+07:00,2025-09-29T08:30:00+07:00,,,2025-09-29T14:17:18+07:00,COMPLETED,20,1020.29,4.8644,56.0,62.616,62.616,2.31,7.613,FUEL202509,853.25,928.09,243.16,True,Synthetic cost model; fuel unit-price benchmark from EPPO,True
T01634,L_LPT,LAST_MILE,V044,H_LPT,H_LPT,20250929_LPT,2025-09-29T08:30:00+07:00,2025-09-29T12:47:57+07:00,2025-09-29T08:30:00+07:00,,,2025-09-29T13:52:48+07:00,COMPLETED,20,1328.16,5.7326,56.0,53.183,53.183,1.88,7.163,FUEL202509,853.25,864.78,228.79,True,Synthetic cost model; fuel unit-price benchmark from EPPO,True
T01635,L_NMA,LAST_MILE,V037,H_NMA,H_NMA,20250929_NMA,2025-09-29T08:30:00+07:00,2025-09-29T13:02:16+07:00,2025-09-29T08:30:00+07:00,,,2025-09-29T14:24:10+07:00,COMPLETED,20,1201.1,5.5326,56.0,59.862,59.862,1.951,7.55,FUEL202509,853.25,895.43,241.15,True,Synthetic cost model; fuel unit-price benchmark from EPPO,True
T01636,L_CNX,LAST_MILE,V026,H_CNX,H_CNX,20250929_CNX,2025-09-29T13:53:00+07:00,2025-09-29T14:52:09+07:00,2025-09-29T13:53:00+07:00,,,2025-09-29T16:01:16+07:00,COMPLETED,1,58.77,0.2407,21.8,24.251,24.251,0.979,2.859,FUEL202509,263.62,294.77,91.32,True,Synthetic cost model; fuel unit-price benchmark from EPPO,True
T01637,L_KSN,LAST_MILE,V034,H_KSN,H_KSN,20250929_KSN,2025-09-29T15:29:00+07:00,2025-09-29T20:07:03+07:00,2025-09-29T15:29:00+07:00,,,2025-09-29T21:35:38+07:00,COMPLETED,20,1540.95,7.2634,56.0,62.563,62.563,2.234,8.202,FUEL202509,853.25,941.47,261.97,True,Synthetic cost model; fuel unit-price benchmark from EPPO,True
T01638,L_CNX,LAST_MILE,V026,H_CNX,H_CNX,20250930_CNX,2025-09-30T09:42:00+07:00,2025-09-30T14:05:38+07:00,2025-09-30T09:42:00+07:00,,,2025-09-30T15:20:49+07:00,COMPLETED,20,1733.79,7.6869,56.0,55.83,55.83,2.2,7.803,FUEL202509,853.25,912.91,249.23,True,Synthetic cost model; fuel unit-price benchmark from EPPO,True
T01639,L_CNX,LAST_MILE,V028,H_CNX,H_CNX,20250930_CNX,2025-09-30T12:14:00+07:00,2025-09-30T16:28:11+07:00,2025-09-30T12:14:00+07:00,,,2025-09-30T18:10:15+07:00,COMPLETED,19,1614.49,6.8857,54.2,54.786,54.786,2.171,7.934,FUEL202509,822.22,896.52,253.41,True,Synthetic cost model; fuel unit-price benchmark from EPPO,True
T01640,L_LPT,LAST_MILE,V044,H_LPT,H_LPT,20250930_LPT,2025-09-30T14:22:00+07:00,2025-09-30T15:18:31+07:00,2025-09-30T14:22:00+07:00,,,2025-09-30T16:37:39+07:00,COMPLETED,1,30.87,0.141,21.8,23.022,23.022,0.745,2.81,FUEL202509,263.62,274.37,89.75,True,Synthetic cost model; fuel unit-price benchmark from EPPO,True
T01641,L_NMA,LAST_MILE,V037,H_NMA,H_NMA,20250930_NMA,2025-09-30T14:47:00+07:00,2025-09-30T15:46:00+07:00,2025-09-30T14:47:00+07:00,,,2025-09-30T16:13:43+07:00,COMPLETED,1,12.07,0.0459,21.8,24.181,24.181,0.764,2.609,FUEL202509,263.62,271.55,83.33,True,Synthetic cost model; fuel unit-price benchmark from EPPO,True
T01642,L_NMA,LAST_MILE,V038,H_NMA,H_NMA,20250930_NMA,2025-09-30T14:54:00+07:00,2025-09-30T15:48:56+07:00,2025-09-30T14:54:00+07:00,,,2025-09-30T16:13:21+07:00,COMPLETED,1,18.17,0.0848,21.8,22.278,22.278,0.784,2.352,FUEL202509,263.62,260.94,75.12,True,Synthetic cost model; fuel unit-price benchmark from EPPO,True
T01643,L_LPT,LAST_MILE,V043,H_LPT,H_LPT,20250930_LPT,2025-10-01T08:30:00+07:00,2025-10-01T12:42:57+07:00,,,,,PLANNED,20,1782.41,7.771,56.0,,,,,FUEL202509,853.25,,,False,Synthetic cost model; fuel unit-price benchmark from EPPO,True
T01644,L_RYG,LAST_MILE,V045,H_RYG,H_RYG,20250930_RYG,2025-10-01T08:30:00+07:00,2025-10-01T12:39:18+07:00,,,,,PLANNED,19,1309.37,5.7887,54.2,,,,,FUEL202509,822.22,,,False,Synthetic cost model; fuel unit-price benchmark from EPPO,True
T01645,L_KKC,LAST_MILE,V032,H_KKC,H_KKC,20250930_KKC,2025-10-01T08:30:00+07:00,2025-10-01T12:55:59+07:00,,,,,PLANNED,20,1316.57,5.614,56.0,,,,,FUEL202509,853.25,,,False,Synthetic cost model; fuel unit-price benchmark from EPPO,True
T01646,L_KKC,LAST_MILE,V031,H_KKC,H_KKC,20250930_KKC,2025-10-01T08:30:00+07:00,2025-10-01T12:50:51+07:00,,,,,PLANNED,19,1093.0,4.9496,54.2,,,,,FUEL202509,822.22,,,False,Synthetic cost model; fuel unit-price benchmark from EPPO,True
T01647,L_KKC,LAST_MILE,V032,H_KKC,H_KKC,20250930_KKC,2025-10-01T08:30:00+07:00,2025-10-01T13:02:58+07:00,,,,,PLANNED,20,1372.88,6.235,56.0,,,,,FUEL202509,853.25,,,False,Synthetic cost model; fuel unit-price benchmark from EPPO,True
T01648,L_KSN,LAST_MILE,V034,H_KSN,H_KSN,20250930_KSN,2025-10-01T08:30:00+07:00,2025-10-01T09:41:29+07:00,,,,,PLANNED,3,380.62,1.8921,25.4,,,,,FUEL202509,325.69,,,False,Synthetic cost model; fuel unit-price benchmark from EPPO,True
T01649,L_CNX,LAST_MILE,V028,H_CNX,H_CNX,20250930_CNX,2025-10-02T08:30:00+07:00,2025-10-02T09:31:20+07:00,,,,,PLANNED,2,204.6,0.7166,23.6,,,,,FUEL202509,294.66,,,False,Synthetic cost model; fuel unit-price benchmark from EPPO,True
T01650,L_RYG,LAST_MILE,V045,H_RYG,H_RYG,20250930_RYG,2025-10-02T13:53:00+07:00,2025-10-02T14:42:30+07:00,,,,,PLANNED,1,90.24,0.3609,21.8,,,,,FUEL202509,263.62,,,False,Synthetic cost model; fuel unit-price benchmark from EPPO,True
T01651,L_KKC,LAST_MILE,V031,H_KKC,H_KKC,20250930_KKC,2025-10-02T14:12:00+07:00,2025-10-02T15:03:23+07:00,,,,,PLANNED,1,47.74,0.2892,21.8,,,,,FUEL202509,263.62,,,False,Synthetic cost model; fuel unit-price benchmark from EPPO,True
T01652,L_KKC,LAST_MILE,V032,H_KKC,H_KKC,20250930_KKC,2025-10-02T15:03:00+07:00,2025-10-02T16:01:39+07:00,,,,,PLANNED,1,37.15,0.1401,21.8,,,,,FUEL202509,263.62,,,False,Synthetic cost model; fuel unit-price benchmark from EPPO,True
T01653,L_KKC,LAST_MILE,V031,H_KKC,H_KKC,20250930_KKC,2025-10-03T14:38:00+07:00,2025-10-03T15:30:33+07:00,,,,,PLANNED,1,19.43,0.0996,21.8,,,,,FUEL202509,263.62,,,False,Synthetic cost model; fuel unit-price benchmark from EPPO,True
